DATE,T2M_MAX,T2M_MIN,RH2M,HEAT_INDEX,RISK_LEVEL,HEATWAVE,YEAR,HI_3DAY_AVG,WARNING_LEVEL,T_F,HEAT_INDEX_F
2013-01-01,30.46,16.63,71.43,36.57410236360321,Normal,False,2013,,NO ALERT,86.828,97.83338425448578
2013-01-02,31.08,14.46,65.29,36.43000009174886,Normal,False,2013,,NO ALERT,87.94399999999999,97.57400016514795
2013-01-03,31.59,14.81,62.49,36.84992696002925,Normal,False,2013,36.61800980512711,YELLOW ALERT,88.862,98.32986852805266
2013-01-04,31.05,17.07,68.6,37.31202334169028,Normal,False,2013,36.863983464489465,YELLOW ALERT,87.89,99.1616420150425
2013-01-05,31.29,16.89,68.15,37.80642689186064,Normal,False,2013,37.322792397860056,YELLOW ALERT,88.322,100.05156840534916
2013-01-06,31.02,17.75,68.67,37.25443964306334,Normal,False,2013,37.45762995887142,YELLOW ALERT,87.836,99.05799135751401
2013-01-07,30.41,16.81,68.93,35.77587055319731,Normal,False,2013,36.94557902937376,YELLOW ALERT,86.738,96.39656699575515
2013-01-08,31.15,14.48,62.65,35.86579872316173,Normal,False,2013,36.29870297314079,YELLOW ALERT,88.07,96.55843770169112
2013-01-09,29.22,14.94,68.64,32.94876377708528,Normal,False,2013,34.863477684481445,YELLOW ALERT,84.596,91.30777479875351
2013-01-10,28.79,15.46,67.26,31.80821965154611,Normal,False,2013,33.54092738393104,YELLOW ALERT,83.822,89.254795372783
2013-01-11,29.06,13.18,65.8,32.095197168601274,Normal,False,2013,32.28406019907756,YELLOW ALERT,84.30799999999999,89.77135490348229
2013-01-12,29.26,13.97,66.95,32.711022637364536,Normal,False,2013,32.204813152503974,YELLOW ALERT,84.668,90.87984074725617
2013-01-13,29.89,13.41,57.79,32.20452342871508,Normal,False,2013,32.336914411560294,YELLOW ALERT,85.80199999999999,89.96814217168713
2013-01-14,30.22,13.18,49.27,31.259069646186656,Normal,False,2013,32.058205237422094,YELLOW ALERT,86.396,88.26632536313598
2013-01-15,30.42,13.14,56.21,32.851754699000516,Normal,False,2013,32.105115924634084,YELLOW ALERT,86.756,91.13315845820094
2013-01-16,29.54,12.56,65.06,32.925812540830634,Normal,False,2013,32.3455456286726,YELLOW ALERT,85.172,91.26646257349515
2013-01-17,29.25,14.14,63.94,32.13813251492395,Normal,False,2013,32.638566584918365,YELLOW ALERT,84.65,89.84863852686311
2013-01-18,29.74,13.21,64.19,33.16256255291677,Normal,False,2013,32.74216920289045,YELLOW ALERT,85.532,91.69261259525018
2013-01-19,29.76,15.15,63.46,33.055311257434994,Normal,False,2013,32.78533544175857,YELLOW ALERT,85.56800000000001,91.49956026338299
2013-01-20,29.82,13.86,60.14,32.51917725953184,Normal,False,2013,32.91235035662786,YELLOW ALERT,85.676,90.5345190671573
2013-01-21,29.8,14.49,59.05,32.276473860094356,Normal,False,2013,32.6169874590204,YELLOW ALERT,85.64,90.09765294816984
2013-01-22,29.5,13.41,61.44,32.16309089433691,Normal,False,2013,32.319580671321035,YELLOW ALERT,85.1,89.89356360980644
2013-01-23,29.38,14.96,59.47,31.601717625483577,Normal,False,2013,32.01376079330495,YELLOW ALERT,84.884,88.88309172587044
2013-01-24,30.49,14.01,54.69,32.672671101308026,Normal,False,2013,32.14582654037617,YELLOW ALERT,86.88199999999999,90.81080798235445
2013-01-25,29.89,14.6,58.6,32.355808499985,Normal,False,2013,32.21006574225887,YELLOW ALERT,85.80199999999999,90.24045529997301
2013-01-26,29.8,12.56,59.62,32.38321796665236,Normal,False,2013,32.470565855981796,YELLOW ALERT,85.64,90.28979233997424
2013-01-27,30.25,12.9,57.35,32.77049922149902,Normal,False,2013,32.50317522937879,YELLOW ALERT,86.45,90.98689859869823
2013-01-28,30.57,15.53,57.64,33.43041310802961,Normal,False,2013,32.861376765393665,YELLOW ALERT,87.026,92.1747435944533
2013-01-29,31.36,15.93,57.54,34.98131423210649,Normal,False,2013,33.727408853878366,YELLOW ALERT,88.44800000000001,94.9663656177917
2013-01-30,30.83,16.87,60.44,34.59443650189191,Normal,False,2013,34.33538794734267,YELLOW ALERT,87.494,94.26998570340544
2013-01-31,30.57,16.7,59.73,33.89225414242358,Normal,False,2013,34.489334958807326,YELLOW ALERT,87.026,93.00605745636244
2013-02-01,30.08,15.26,54.97,32.0172280969425,Normal,False,2013,33.501306247086,YELLOW ALERT,86.14399999999999,89.63101057449651
2013-02-02,30.05,11.43,53.39,31.686950378144825,Normal,False,2013,32.532144205836964,YELLOW ALERT,86.09,89.03651068066068
2013-02-03,30.64,12.15,50.75,32.169873390248064,Normal,False,2013,31.95801728844513,NO ALERT,87.152,89.90577210244652
2013-02-04,32.24,12.12,53.02,35.596308478202765,Normal,False,2013,33.151044082198545,YELLOW ALERT,90.03200000000001,96.07335526076498
2013-02-05,32.42,16.71,63.34,39.19935583133642,Normal,False,2013,35.65517923326241,YELLOW ALERT,90.35600000000001,102.55884049640555
2013-02-06,32.02,18.48,59.33,36.91919093082115,Normal,False,2013,37.23828508012011,YELLOW ALERT,89.636,98.45454367547808
2013-02-07,33.76,17.33,51.29,38.29735975296556,Normal,False,2013,38.138635505041044,YELLOW ALERT,92.768,100.93524755533801
2013-02-08,33.93,17.39,50.48,38.400890865920964,Normal,False,2013,37.872480516569226,YELLOW ALERT,93.074,101.12160355865774
2013-02-09,32.56,17.37,50.5,35.55349761428608,Normal,False,2013,37.41724941105753,YELLOW ALERT,90.608,95.99629570571494
2013-02-10,31.85,17.29,60.04,36.73805159643876,Normal,False,2013,36.897480025548596,YELLOW ALERT,89.33000000000001,98.12849287358976
2013-02-11,31.05,17.27,60.83,35.16268135490817,Normal,False,2013,35.818076855211004,YELLOW ALERT,87.89,95.29282643883471
2013-02-12,32.02,17.28,57.38,36.34769223484734,Normal,False,2013,36.08280839539808,YELLOW ALERT,89.636,97.42584602272521
2013-02-13,30.69,16.39,55.91,33.28543424176496,Normal,False,2013,34.93193594384015,YELLOW ALERT,87.242,91.91378163517693
2013-02-14,30.2,19.04,65.38,34.40662768529555,Normal,False,2013,34.67991805396928,YELLOW ALERT,86.36,93.931929833532
2013-02-15,27.95,19.32,76.43,31.448833981927578,Normal,False,2013,33.04696530299603,YELLOW ALERT,82.31,88.60790116746963
2013-02-16,30.2,17.95,74.16,36.622800401435704,Normal,False,2013,34.15942068955294,YELLOW ALERT,86.36,97.92104072258427
2013-02-17,30.97,19.53,70.11,37.551224349038904,Normal,False,2013,35.20761957746739,YELLOW ALERT,87.74600000000001,99.59220382827002
2013-02-18,29.48,17.93,73.01,34.460169215201894,Normal,False,2013,36.211397988558836,YELLOW ALERT,85.064,94.02830458736341
2013-02-19,30.82,18.05,63.13,35.24297521979411,Normal,False,2013,35.75145626134496,YELLOW ALERT,87.476,95.4373553956294
2013-02-20,31.41,16.26,63.63,36.752428962488224,Normal,False,2013,35.48519113249474,YELLOW ALERT,88.538,98.15437213247881
2013-02-21,31.46,14.84,61.8,36.3449640806449,Normal,False,2013,36.11345608764241,YELLOW ALERT,88.628,97.42093534516081
2013-02-22,31.17,15.48,62.63,35.906291680874304,Normal,False,2013,36.33456157466914,YELLOW ALERT,88.10600000000001,96.63132502557374
2013-02-23,31.96,14.69,55.87,35.79457847738125,Normal,False,2013,36.01527807963348,YELLOW ALERT,89.52799999999999,96.43024125928625
2013-02-24,32.29,12.57,47.76,34.35313904378763,Normal,False,2013,35.351336400681056,YELLOW ALERT,90.122,93.83565027881772
2013-02-25,32.52,13.31,34.3,32.034197406185186,Normal,False,2013,34.06063830911802,YELLOW ALERT,90.536,89.66155533113333
2013-02-26,32.71,15.01,37.13,32.77690133254089,Normal,False,2013,33.05474592750457,YELLOW ALERT,90.878,90.9984223985736
2013-02-27,33.18,14.85,37.1,33.45750990747714,Normal,False,2013,32.75620288206773,YELLOW ALERT,91.724,92.22351783345884
2013-02-28,33.53,14.98,45.06,35.92949081200694,Normal,False,2013,34.05463401734165,YELLOW ALERT,92.354,96.67308346161249
2013-03-01,33.74,15.81,35.55,33.9789058090968,Normal,False,2013,34.45530217619362,YELLOW ALERT,92.732,93.16203045637424
2013-03-02,33.84,16.25,36.77,34.395431701868795,Normal,False,2013,34.767942774324176,YELLOW ALERT,92.912,93.91177706336383
2013-03-03,34.15,15.68,37.0,34.94033226417555,Normal,False,2013,34.43822325838038,YELLOW ALERT,93.47,94.89259807551599
2013-03-04,34.72,14.47,38.55,36.29464797194412,Normal,False,2013,35.21013731266282,YELLOW ALERT,94.49600000000001,97.33036634949943
2013-03-05,33.37,17.67,59.92,40.446094797354675,Normal,False,2013,37.22702501115811,YELLOW ALERT,92.066,104.80297063523841
2013-03-06,32.04,19.05,69.62,40.387768815880996,Normal,False,2013,39.04283719505993,YELLOW ALERT,89.672,104.6979838685858
2013-03-07,31.6,19.91,70.64,39.47322362950982,Normal,False,2013,40.102362414248496,YELLOW ALERT,88.88000000000001,103.05180253311768
2013-03-08,31.06,19.31,63.89,35.994399374884075,Normal,False,2013,38.61846394009163,YELLOW ALERT,87.90799999999999,96.78991887479134
2013-03-09,34.01,18.29,54.58,40.0484579495035,Normal,False,2013,38.505360317965796,YELLOW ALERT,93.21799999999999,104.08722430910629
2013-03-10,34.58,18.51,53.58,41.070063529002596,Normal,False,2013,39.037640284463386,YELLOW ALERT,94.244,105.92611435220468
2013-03-11,35.36,19.43,48.74,41.029108406799395,Normal,False,2013,40.71587662843516,YELLOW ALERT,95.648,105.85239513223891
2013-03-12,34.46,19.8,38.97,35.95463390532635,Normal,False,2013,39.35126861370944,YELLOW ALERT,94.02799999999999,96.71834102958742
2013-03-13,36.01,19.3,37.38,38.284049595166344,Normal,False,2013,38.422597302430695,YELLOW ALERT,96.818,100.91128927129941
2013-03-14,34.52,18.27,37.93,35.78378203592583,Normal,False,2013,36.67415517880617,YELLOW ALERT,94.136,96.41080766466649
2013-03-15,34.58,19.46,35.1,35.177510248027176,Normal,False,2013,36.415113959706446,YELLOW ALERT,94.244,95.31951844644892
2013-03-16,34.73,15.81,45.76,38.524498253643365,Normal,False,2013,36.49526351253212,YELLOW ALERT,94.514,101.34409685655805
2013-03-17,35.99,17.34,39.98,39.11742821365101,Normal,False,2013,37.60647890510718,YELLOW ALERT,96.78200000000001,102.41137078457182
2013-03-18,35.55,17.11,45.6,40.238801030886094,Normal,False,2013,39.29357583272682,YELLOW ALERT,95.99,104.42984185559496
2013-03-19,35.14,18.4,43.8,38.710315318954066,Normal,False,2013,39.35551485449705,YELLOW ALERT,95.252,101.67856757411732
2013-03-20,35.84,18.71,47.28,41.57033394508744,Normal,False,2013,40.1731500983092,YELLOW ALERT,96.51200000000001,106.8266011011574
2013-03-21,35.57,19.35,36.03,37.07484710261106,Normal,False,2013,39.11849878888419,YELLOW ALERT,96.026,98.7347247846999
2013-03-22,36.63,20.56,31.9,37.69307813373533,Normal,False,2013,38.77941972714461,YELLOW ALERT,97.934,99.84754064072358
2013-03-23,35.6,20.47,36.92,37.38959162985989,Normal,False,2013,37.385838955402086,YELLOW ALERT,96.08000000000001,99.3012649337478
2013-03-24,35.47,18.4,42.28,38.865209592680024,Normal,False,2013,37.98262645209174,YELLOW ALERT,95.846,101.95737726682404
2013-03-25,36.79,16.23,38.06,40.031163532854414,Normal,False,2013,38.76198825179811,YELLOW ALERT,98.22200000000001,104.05609435913794
2013-03-26,37.41,19.78,44.55,44.14858081902272,Normal,False,2013,41.01498464818572,ORANGE ALERT,99.338,111.46744547424089
2013-03-27,37.71,20.93,43.55,44.40598304123531,Normal,False,2013,42.861909131037486,ORANGE ALERT,99.878,111.93076947422355
2013-03-28,37.37,20.78,46.2,44.846669287768464,Normal,False,2013,44.46707771600882,ORANGE ALERT,99.26599999999999,112.72400471798323
2013-03-29,37.71,21.34,48.23,46.790682629229295,Normal,False,2013,45.34777831941102,ORANGE ALERT,99.878,116.22322873261274
2013-03-30,38.08,22.22,51.56,49.751205032315575,Normal,False,2013,47.12951898310445,ORANGE ALERT,100.544,121.55216905816803
2013-03-31,37.68,23.09,53.67,49.79099796893013,Normal,False,2013,48.777628543491666,ORANGE ALERT,99.824,121.62379634407424
2013-04-01,35.68,23.42,53.52,43.90655675406915,Normal,False,2013,47.81625325177162,ORANGE ALERT,96.224,111.03180215732446
2013-04-02,33.15,21.96,64.17,41.501118230638895,Normal,False,2013,45.066224317879396,ORANGE ALERT,91.66999999999999,106.70201281515001
2013-04-03,34.87,22.07,62.57,45.91438054138726,Normal,False,2013,43.77401850869844,ORANGE ALERT,94.76599999999999,114.64588497449706
2013-04-04,35.27,21.32,57.28,44.53468921458715,Normal,False,2013,43.98339599553776,ORANGE ALERT,95.486,112.16244058625686
2013-04-05,35.25,22.11,58.11,44.87435325806954,Normal,False,2013,45.107807671347985,ORANGE ALERT,95.45,112.77383586452518
2013-04-06,35.19,22.36,52.42,42.130536463334,Normal,False,2013,43.84652631199689,ORANGE ALERT,95.342,107.83496563400121
2013-04-07,36.56,22.43,47.47,43.402829648551105,Normal,False,2013,43.469239789984876,ORANGE ALERT,97.808,110.125093367392
2013-04-08,37.21,22.92,44.69,43.724548400780655,Normal,False,2013,43.085971504221924,ORANGE ALERT,98.978,110.70418712140517
2013-04-09,37.35,23.33,46.25,44.82015674909563,Normal,False,2013,43.9825115994758,ORANGE ALERT,99.23,112.67628214837214
2013-04-10,37.16,22.83,44.72,43.61673070123866,Normal,False,2013,44.053811950371646,ORANGE ALERT,98.88799999999999,110.51011526222959
2013-04-11,37.61,20.11,40.39,42.71499231270487,Normal,False,2013,43.71729325434638,ORANGE ALERT,99.69800000000001,108.88698616286877
2013-04-12,38.16,20.87,47.31,47.525300499781366,Normal,False,2013,44.6190078379083,ORANGE ALERT,100.68799999999999,117.54554089960646
2013-04-13,37.51,20.13,47.23,45.72779713692019,Normal,False,2013,45.32269664980214,ORANGE ALERT,99.518,114.31003484645633
2013-04-14,38.37,21.71,50.57,50.02829377357778,Normal,False,2013,47.76046380342644,ORANGE ALERT,101.066,122.05092879244
2013-04-15,36.81,22.98,51.4,45.97103354807268,Normal,False,2013,47.24237481952355,ORANGE ALERT,98.25800000000001,114.74786038653083
2013-04-16,37.45,24.31,36.34,40.70746192573235,Normal,False,2013,45.5689297491276,ORANGE ALERT,99.41,105.27343146631823
2013-04-17,37.7,22.36,34.29,40.421924839669686,Normal,False,2013,42.36680677115824,ORANGE ALERT,99.86,104.75946471140543
2013-04-18,37.55,21.95,37.47,41.35591323053594,Normal,False,2013,40.82843333197932,YELLOW ALERT,99.59,106.44064381496469
2013-04-19,35.57,23.02,42.47,39.13621138895965,Normal,False,2013,40.30468315305509,YELLOW ALERT,96.026,102.44518050012738
2013-04-20,33.99,23.06,49.7,38.2702576695459,Normal,False,2013,39.58746076301383,YELLOW ALERT,93.182,100.88646380518261
2013-04-21,35.36,21.64,52.35,42.53567390378865,Normal,False,2013,39.980714320764726,YELLOW ALERT,95.648,108.56421302681957
2013-04-22,35.87,22.28,49.85,42.740396650410304,Normal,False,2013,41.18210940791494,ORANGE ALERT,96.566,108.93271397073855
2013-04-23,36.54,22.38,49.89,44.48695276909275,Normal,False,2013,43.2543411077639,ORANGE ALERT,97.772,112.07651498436695
2013-04-24,34.17,23.49,54.89,40.56190089238824,Normal,False,2013,42.596416770630434,ORANGE ALERT,93.506,105.01142160629882
2013-04-25,33.35,23.62,54.43,38.42620323118175,Normal,False,2013,41.158352297554245,ORANGE ALERT,92.03,101.16716581612715
2013-04-26,36.13,23.25,49.23,43.12044403171097,Normal,False,2013,40.70284938509365,YELLOW ALERT,97.034,109.61679925707975
2013-04-27,36.94,22.31,48.05,44.644008586132,Normal,False,2013,42.06355194967491,ORANGE ALERT,98.49199999999999,112.35921545503761
2013-04-28,36.14,23.19,49.39,43.217901688610986,Normal,False,2013,43.66078476881798,ORANGE ALERT,97.05199999999999,109.79222303949977
2013-04-29,33.97,24.12,48.67,37.88776831870204,Normal,False,2013,41.916559531148344,ORANGE ALERT,93.146,100.19798297366367
2013-04-30,38.36,22.9,41.81,45.13953313864205,Normal,False,2013,42.08173438198502,ORANGE ALERT,101.048,113.25115964955569
2013-05-01,38.29,21.69,47.17,47.806336876612754,Normal,False,2013,43.61121277798561,ORANGE ALERT,100.922,118.05140637790296
2013-05-02,36.69,22.61,41.85,41.286564860570095,Normal,False,2013,44.744144958608295,ORANGE ALERT,98.042,106.31581674902617
2013-05-03,38.43,24.2,43.27,46.061462609724174,Normal,False,2013,45.051454782302336,ORANGE ALERT,101.174,114.91063269750352
2013-05-04,36.53,24.76,48.85,43.96623959609459,Normal,False,2013,43.77142235546295,ORANGE ALERT,97.75399999999999,111.13923127297025
2013-05-05,34.67,23.85,54.91,41.84219212844961,Normal,False,2013,43.95663144475612,ORANGE ALERT,94.406,107.31594583120929
2013-05-06,36.99,23.15,48.56,45.02505100057758,Normal,False,2013,43.611160908373925,ORANGE ALERT,98.58200000000001,113.04509180103963
2013-05-07,36.28,23.0,47.24,42.609340257760095,Normal,False,2013,43.15886112892909,ORANGE ALERT,97.304,108.69681246396817
2013-05-08,37.74,25.03,45.04,45.213697969377215,Normal,False,2013,44.28269640923829,ORANGE ALERT,99.932,113.38465634487899
2013-05-09,36.16,25.4,50.01,43.55160562797752,Normal,False,2013,43.791547951704935,ORANGE ALERT,97.088,110.39289013035953
2013-05-10,35.87,24.86,52.48,43.93334251459149,Normal,False,2013,44.23288203731541,ORANGE ALERT,96.566,111.08001652626467
2013-05-11,35.57,24.04,52.2,43.01338015129051,Normal,False,2013,43.499442764619836,ORANGE ALERT,96.026,109.42408427232292
2013-05-12,36.21,23.52,51.83,44.539583097843405,Normal,False,2013,43.82876858790846,ORANGE ALERT,97.178,112.17124957611813
2013-05-13,31.46,23.7,57.08,35.070966656600405,Normal,False,2013,40.87464330191144,YELLOW ALERT,88.628,95.12773998188072
2013-05-14,34.15,22.1,55.89,40.902301058232176,Normal,False,2013,40.17095027089199,YELLOW ALERT,93.47,105.62414190481792
2013-05-15,35.53,23.55,49.78,41.86501693542463,Normal,False,2013,39.2794282167524,YELLOW ALERT,95.954,107.35703048376433
2013-05-16,34.8,22.57,51.56,40.80916123369011,Normal,False,2013,41.19215974244897,ORANGE ALERT,94.64,105.45649022064221
2013-05-17,37.3,24.32,45.61,44.38241213392091,Normal,False,2013,42.35219676767854,ORANGE ALERT,99.14,111.88834184105764
2013-05-18,36.89,24.12,48.95,44.953679359370845,Normal,False,2013,43.38175090899395,ORANGE ALERT,98.402,112.91662284686751
2013-05-19,33.48,24.14,56.31,39.389550393371714,Normal,False,2013,42.90854729555449,ORANGE ALERT,92.264,102.9011907080691
2013-05-20,33.53,23.52,56.56,39.602472172773965,Normal,False,2013,41.31523397517217,ORANGE ALERT,92.354,103.28444991099313
2013-05-21,33.56,23.75,58.64,40.45380197843701,Normal,False,2013,39.81527484819423,YELLOW ALERT,92.408,104.81684356118663
2013-05-22,35.05,21.64,56.86,43.717118102871325,Normal,False,2013,41.25779741802743,ORANGE ALERT,95.09,110.69081258516839
2013-05-23,36.41,22.07,58.4,48.5536685440062,Normal,False,2013,44.24152954177151,ORANGE ALERT,97.53799999999998,119.39660337921116
2013-05-24,34.34,22.18,57.76,42.16369791462455,Normal,False,2013,44.81149485383403,ORANGE ALERT,93.81200000000001,107.89465624632419
2013-05-25,32.23,22.82,60.09,37.645658114141945,Normal,False,2013,42.7876748575909,ORANGE ALERT,90.014,99.7621846054555
2013-05-26,32.29,22.71,67.19,40.21872459110634,Normal,False,2013,40.00936020662427,YELLOW ALERT,90.122,104.39370426399141
2013-05-27,29.65,22.16,72.9,34.85985944454646,Normal,False,2013,37.57474738326491,YELLOW ALERT,85.36999999999999,94.74774700018362
2013-05-28,28.7,21.13,73.93,32.76990075977135,Normal,False,2013,35.949494931808054,YELLOW ALERT,83.66,90.98582136758844
2013-05-29,31.43,21.05,71.71,39.34626395573464,Normal,False,2013,35.65867472001748,YELLOW ALERT,88.574,102.82327512032235
2013-05-30,29.35,20.56,77.89,35.23385864718502,Normal,False,2013,35.783341120897006,YELLOW ALERT,84.83000000000001,95.42094556493304
2013-05-31,28.14,20.95,79.92,32.43891801044918,Normal,False,2013,35.673013537789615,YELLOW ALERT,82.652,90.39005241880852
2013-06-01,26.58,20.34,83.38,29.07339295147595,Normal,False,2013,32.24872320303671,YELLOW ALERT,79.844,84.3321073126567
2013-06-02,27.93,20.73,80.34,31.975760795599633,Normal,False,2013,31.162690585841585,NO ALERT,82.274,89.55636943207934
2013-06-03,29.56,20.42,74.96,35.11099862812031,Normal,False,2013,32.05338412506529,YELLOW ALERT,85.208,95.19979753061656
2013-06-04,30.34,20.53,71.9,36.38607394301485,Normal,False,2013,34.490944455578266,YELLOW ALERT,86.612,97.49493309742672
2013-06-05,30.96,20.7,69.56,37.360373198631834,Normal,False,2013,36.285815256589,YELLOW ALERT,87.728,99.24867175753731
2013-06-06,27.3,20.52,82.38,30.687880304407454,Normal,False,2013,34.811442482018045,YELLOW ALERT,81.14,87.23818454793341
2013-06-07,27.68,20.74,83.9,31.851723117132995,Normal,False,2013,33.29999220672409,YELLOW ALERT,81.824,89.33310161083939
2013-06-08,26.94,19.75,78.04,29.432345483952922,Normal,False,2013,30.65731630183112,NO ALERT,80.492,84.97822187111527
2013-06-09,28.88,19.1,72.78,32.97591540895762,Normal,False,2013,31.419994670014507,NO ALERT,83.98400000000001,91.35664773612372
2013-06-10,28.6,18.47,73.48,32.45989978360737,Normal,False,2013,31.62272022550597,NO ALERT,83.48,90.42781961049327
2013-06-11,28.77,20.54,76.51,33.419659069154726,Normal,False,2013,32.95182475390657,YELLOW ALERT,83.786,92.1553863244785
2013-06-12,29.76,20.1,72.26,34.98590718056236,Normal,False,2013,33.62182201110815,YELLOW ALERT,85.56800000000001,94.97463292501224
2013-06-13,30.54,20.15,65.89,35.30559696183908,Normal,False,2013,34.57038773718539,YELLOW ALERT,86.97200000000001,95.55007453131034
2013-06-14,30.29,20.09,64.23,34.33733432494407,Normal,False,2013,34.87627948911517,YELLOW ALERT,86.522,93.80720178489932
2013-06-15,30.02,20.03,69.31,34.92018412125313,Normal,False,2013,34.85437180267876,YELLOW ALERT,86.036,94.85633141825564
2013-06-16,30.57,20.55,71.57,36.905278961653885,Normal,False,2013,35.38759913595036,YELLOW ALERT,87.026,98.429502130977
2013-06-17,30.52,20.46,71.2,36.66868748937008,Normal,False,2013,36.164716857425695,YELLOW ALERT,86.936,98.00363748086615
2013-06-18,30.29,20.01,71.79,36.22526316270333,Normal,False,2013,36.59974320457576,YELLOW ALERT,86.522,97.20547369286598
2013-06-19,32.1,20.46,70.66,40.95046887188959,Normal,False,2013,37.948139841320994,YELLOW ALERT,89.78,105.71084396940127
2013-06-20,30.78,19.52,68.93,36.70852342303244,Normal,False,2013,37.96141848587512,YELLOW ALERT,87.404,98.0753421614584
2013-06-21,29.97,20.47,73.09,35.72673900921347,Normal,False,2013,37.79524376804516,YELLOW ALERT,85.946,96.30813021658425
2013-06-22,27.77,20.53,71.77,30.4445881697097,Normal,False,2013,34.2932835339852,YELLOW ALERT,81.986,86.80025870547746
2013-06-23,28.25,20.09,67.29,30.77314800949671,Normal,False,2013,32.31482506280663,YELLOW ALERT,82.85,87.39166641709407
2013-06-24,29.02,20.93,69.46,32.67080414400349,Normal,False,2013,31.29618010773663,NO ALERT,84.236,90.80744745920629
2013-06-25,31.33,20.28,69.06,38.198333236515055,Normal,False,2013,33.88076179667175,YELLOW ALERT,88.39399999999999,100.75699982572709
2013-06-26,32.26,20.57,72.22,42.044378923860556,Normal,False,2013,37.637838768126365,YELLOW ALERT,90.068,107.679882062949
2013-06-27,28.29,21.04,76.74,32.28821122664254,Normal,False,2013,37.51030779567271,YELLOW ALERT,82.922,90.11878020795658
2013-06-28,29.34,20.15,74.93,34.53464120167459,Normal,False,2013,36.28907711739256,YELLOW ALERT,84.812,94.16235416301426
2013-06-29,31.13,19.57,70.32,38.04925762064139,Normal,False,2013,34.9573700163195,YELLOW ALERT,88.034,100.48866371715451
2013-06-30,27.9,19.62,74.22,31.029865059395068,Normal,False,2013,34.53792129390368,YELLOW ALERT,82.22,87.85375710691112
2013-07-01,28.99,18.74,72.04,33.0891651629196,Normal,False,2013,34.05609594765202,YELLOW ALERT,84.18199999999999,91.56049729325528
2013-07-02,30.14,18.85,70.37,35.47423257520613,Normal,False,2013,33.19775426584026,YELLOW ALERT,86.252,95.85361863537103
2013-07-03,27.8,19.24,73.87,30.772131324056918,Normal,False,2013,33.11184302072754,YELLOW ALERT,82.04,87.38983638330245
2013-07-04,30.88,20.83,71.72,37.79176010157156,Normal,False,2013,34.67937466694487,YELLOW ALERT,87.584,100.02516818282882
2013-07-05,29.83,20.78,73.77,35.53075862400462,Normal,False,2013,34.69821668321103,YELLOW ALERT,85.69399999999999,95.95536552320831
2013-07-06,30.16,20.63,74.11,36.49999344300019,Normal,False,2013,36.60750405619212,YELLOW ALERT,86.288,97.69998819740034
2013-07-07,26.49,20.15,79.33,28.603156088415833,Normal,False,2013,33.544636051806876,YELLOW ALERT,79.682,83.4856809591485
2013-07-08,28.77,19.68,73.12,32.785087516964644,Normal,False,2013,32.62941234946022,YELLOW ALERT,83.786,91.01315753053636
2013-07-09,28.56,20.22,73.78,32.420503631963015,Normal,False,2013,31.26958241244783,NO ALERT,83.40799999999999,90.35690653753343
2013-07-10,28.43,19.69,77.39,32.73725278430836,Normal,False,2013,32.64761464441201,YELLOW ALERT,83.174,90.92705501175504
2013-07-11,29.08,18.98,72.86,33.45913955681631,Normal,False,2013,32.87229865769589,YELLOW ALERT,84.344,92.22645120226936
2013-07-12,28.85,19.48,77.5,33.817197182446925,Normal,False,2013,33.33786317452386,YELLOW ALERT,83.93,92.87095492840447
2013-07-13,30.15,18.91,73.61,36.33904577490958,Normal,False,2013,34.5384608380576,YELLOW ALERT,86.27,97.41028239483724
2013-07-14,29.29,20.08,76.0,34.64301549627007,Normal,False,2013,34.93308615120885,YELLOW ALERT,84.72200000000001,94.35742789328611
2013-07-15,29.44,20.59,76.27,35.10034459953383,Normal,False,2013,35.36080195690449,YELLOW ALERT,84.992,95.18062027916089
2013-07-16,27.38,20.58,79.2,30.510532532112943,Normal,False,2013,33.41796420930561,YELLOW ALERT,81.28399999999999,86.9189585578033
2013-07-17,28.78,20.05,74.16,32.99976934639674,Normal,False,2013,32.87021549268116,YELLOW ALERT,83.804,91.39958482351413
2013-07-18,28.37,20.16,76.04,32.36225661356775,Normal,False,2013,31.95751949735914,NO ALERT,83.066,90.25206190442195
2013-07-19,27.95,20.15,81.17,32.152483566250964,Normal,False,2013,32.50483650873848,YELLOW ALERT,82.31,89.87447041925174
2013-07-20,28.41,19.57,79.29,33.021234758643395,Normal,False,2013,32.51199164615403,YELLOW ALERT,83.138,91.4382225655581
2013-07-21,28.38,19.16,78.17,32.7487514188232,Normal,False,2013,32.64082324790585,YELLOW ALERT,83.084,90.94775255388176
2013-07-22,27.52,19.79,79.0,30.807461890544417,Normal,False,2013,32.192482689337,YELLOW ALERT,81.536,87.45343140297994
2013-07-23,26.44,19.98,79.45,28.509141200265827,Normal,False,2013,30.68845150321114,NO ALERT,79.592,83.31645416047849
2013-07-24,29.47,19.41,74.64,34.803047464023024,Normal,False,2013,31.37321685161108,NO ALERT,85.046,94.64548543524144
2013-07-25,28.67,19.39,72.03,32.36559440697489,Normal,False,2013,31.892594357087905,NO ALERT,83.60600000000001,90.2580699325548
2013-07-26,28.09,20.03,74.12,31.42562483485665,Normal,False,2013,32.864755568618186,YELLOW ALERT,82.562,88.56612470274197
2013-07-27,30.53,19.2,73.7,37.4068062077721,Normal,False,2013,33.73267514986787,YELLOW ALERT,86.954,99.33225117398977
2013-07-28,29.45,19.78,74.57,34.735688928137584,Normal,False,2013,34.522706656922104,YELLOW ALERT,85.01,94.52424007064765
2013-07-29,27.71,18.81,73.29,30.513008176275953,Normal,False,2013,34.21850110406187,YELLOW ALERT,81.878,86.92341471729671
2013-07-30,29.03,18.4,73.36,33.43965720772751,Normal,False,2013,32.896118104047005,YELLOW ALERT,84.25399999999999,92.19138297390951
2013-07-31,27.56,20.06,75.16,30.43037716505516,Normal,False,2013,31.461014183019532,NO ALERT,81.608,86.77467889709928
2013-08-01,29.85,19.69,73.81,35.593096395204064,Normal,False,2013,33.15437692266224,YELLOW ALERT,85.73,96.06757351136731
2013-08-02,30.8,19.58,71.71,37.568625134909865,Normal,False,2013,34.53069956505635,YELLOW ALERT,87.44,99.62352524283776
2013-08-03,28.32,19.24,77.11,32.421387680409566,Normal,False,2013,35.19436973684116,YELLOW ALERT,82.976,90.35849782473721
2013-08-04,29.75,19.82,76.18,35.917770632148034,Normal,False,2013,35.30259448248915,YELLOW ALERT,85.55,96.65198713786647
2013-08-05,27.53,20.36,78.85,30.81198147566802,Normal,False,2013,33.050379929408535,YELLOW ALERT,81.554,87.46156665620244
2013-08-06,27.77,20.22,76.48,31.05069065091467,Normal,False,2013,32.5934809195769,YELLOW ALERT,81.986,87.89124317164641
2013-08-07,30.64,19.45,73.32,37.60326259762037,Normal,False,2013,33.15531157473435,YELLOW ALERT,87.152,99.68587267571667
2013-08-08,29.73,20.37,76.1,35.84285990925637,Normal,False,2013,34.83227105259713,YELLOW ALERT,85.514,96.51714783666147
2013-08-09,29.01,20.05,74.07,33.53254142754135,Normal,False,2013,35.659554644806015,YELLOW ALERT,84.218,92.35857456957442
2013-08-10,29.84,19.8,74.7,35.789189606071346,Normal,False,2013,35.054863647623016,YELLOW ALERT,85.712,96.42054129092843
2013-08-11,29.3,19.95,75.46,34.54921858046757,Normal,False,2013,34.62364987136008,YELLOW ALERT,84.74,94.18859344484163
2013-08-12,28.62,19.97,77.9,33.304881387064775,Normal,False,2013,34.54776319120122,YELLOW ALERT,83.51599999999999,91.9487864967166
2013-08-13,28.84,20.15,77.35,33.761490127249175,Normal,False,2013,33.87186336492716,YELLOW ALERT,83.912,92.77068222904852
2013-08-14,26.95,20.11,80.07,29.636079118426032,Normal,False,2013,32.23415021091332,YELLOW ALERT,80.50999999999999,85.34494241316686
2013-08-15,25.96,19.7,83.43,27.70750785129428,Normal,False,2013,30.368359032323156,NO ALERT,78.72800000000001,81.8735141323297
2013-08-16,27.66,19.91,81.94,31.527182023068676,Normal,False,2013,29.623589664262983,NO ALERT,81.788,88.74892764152362
2013-08-17,28.34,19.61,77.65,32.560794135513966,Normal,False,2013,30.598494669958967,NO ALERT,83.012,90.60942944392514
2013-08-18,27.94,19.41,80.33,31.99928137624958,Normal,False,2013,32.02908584494406,YELLOW ALERT,82.292,89.59870647724924
2013-08-19,29.43,20.42,78.63,35.631516867195344,Normal,False,2013,33.39719745965295,YELLOW ALERT,84.974,96.13673036095162
2013-08-20,29.44,19.99,76.23,35.09103968460718,Normal,False,2013,34.24061264268403,YELLOW ALERT,84.992,95.16387143229294
2013-08-21,30.08,19.6,74.71,36.44207603776427,Normal,False,2013,35.72154419652225,YELLOW ALERT,86.14399999999999,97.59573686797567
2013-08-22,29.96,19.51,73.76,35.870662427268584,Normal,False,2013,35.801259383213335,YELLOW ALERT,85.928,96.56719236908346
2013-08-23,29.31,19.27,74.5,34.363792310332045,Normal,False,2013,35.55884359178829,YELLOW ALERT,84.758,93.85482615859767
2013-08-24,29.88,19.06,74.08,35.739735286230136,Normal,False,2013,35.32473000794358,YELLOW ALERT,85.784,96.33152351521424
2013-08-25,28.44,19.47,76.41,32.59193553333598,Normal,False,2013,34.23182104329938,YELLOW ALERT,83.19200000000001,90.66548396000476
2013-08-26,31.54,19.33,70.52,39.260460890326065,Normal,False,2013,35.864043903297386,YELLOW ALERT,88.772,102.66882960258691
2013-08-27,31.45,19.25,68.38,38.30614396408806,Normal,False,2013,36.71951346258336,YELLOW ALERT,88.61,100.9510591353585
2013-08-28,31.21,19.88,72.87,39.09329124957705,Normal,False,2013,38.88663203466371,YELLOW ALERT,88.178,102.36792424923868
2013-08-29,26.01,21.27,82.23,27.768337678917945,Normal,False,2013,35.055924297527675,YELLOW ALERT,78.818,81.9830078220523
2013-08-30,29.82,20.1,78.29,36.66060574503383,Normal,False,2013,34.507411557842936,YELLOW ALERT,85.676,97.98909034106089
2013-08-31,28.28,20.15,81.44,33.05980093148719,Normal,False,2013,32.49624811847965,YELLOW ALERT,82.904,91.50764167667694
2013-09-01,28.89,20.69,80.59,34.56143292951541,Normal,False,2013,34.76061320201213,YELLOW ALERT,84.002,94.21057927312775
2013-09-02,28.47,20.55,81.89,33.65706102623512,Normal,False,2013,33.759431629079224,YELLOW ALERT,83.24600000000001,92.58270984722321
2013-09-03,25.61,20.45,87.67,27.042686862170758,Normal,False,2013,31.753726939307086,NO ALERT,78.098,80.67683635190737
2013-09-04,27.51,18.73,79.34,30.82619447251391,Normal,False,2013,30.50864745363992,NO ALERT,81.518,87.48715005052505
2013-09-05,28.3,18.35,78.05,32.52989015725126,Normal,False,2013,30.132923830645296,NO ALERT,82.94,90.55380228305226
2013-09-06,27.71,18.96,78.77,31.219579025533235,Normal,False,2013,31.52522121843279,NO ALERT,81.878,88.19524224595982
2013-09-07,25.92,19.91,85.65,27.695242030035374,Normal,False,2013,30.48157040427328,NO ALERT,78.656,81.85143565406368
2013-09-08,27.85,19.34,83.24,32.20695881030334,Normal,False,2013,30.373926621957306,NO ALERT,82.13,89.972525858546
2013-09-09,26.05,20.14,88.09,28.08767326920177,Normal,False,2013,29.329958036513485,NO ALERT,78.89,82.55781188456318
2013-09-10,23.74,20.42,92.03,22.88959188534586,Normal,False,2013,27.72807465495031,NO ALERT,74.732,73.20126539362255
2013-09-11,26.79,19.83,85.23,29.72056875975283,Normal,False,2013,26.899277971433474,NO ALERT,80.222,85.49702376755509
2013-09-12,25.18,19.68,88.48,26.084506178513127,Normal,False,2013,26.231555607870593,NO ALERT,77.324,78.95211112132363
2013-09-13,27.27,19.5,85.86,31.016906667983513,Normal,False,2013,28.94066053541648,NO ALERT,81.086,87.83043200237032
2013-09-14,26.83,20.36,87.29,30.0048908917613,Normal,False,2013,29.035434579419302,NO ALERT,80.294,86.00880360517034
2013-09-15,26.87,19.96,87.42,30.122063612290244,Normal,False,2013,30.38128705734501,NO ALERT,80.366,86.21971450212244
2013-09-16,27.62,20.44,85.75,31.950750701185736,Normal,False,2013,30.692568401745746,NO ALERT,81.71600000000001,89.51135126213433
2013-09-17,26.98,20.77,86.6,30.332018514526016,Normal,False,2013,30.80161094266732,NO ALERT,80.564,86.59763332614683
2013-09-18,25.95,20.05,87.72,27.83347110291758,Normal,False,2013,30.038746772876433,NO ALERT,78.71,82.10024798525164
2013-09-19,26.46,18.97,85.64,28.947366299405036,Normal,False,2013,29.037618638949528,NO ALERT,79.628,84.10525933892907
2013-09-20,27.19,19.36,86.81,30.912846403245087,Normal,False,2013,29.231227935189224,NO ALERT,80.94200000000001,87.64312352584116
2013-09-21,27.78,19.78,82.19,31.86825626754439,Normal,False,2013,30.576156323398155,NO ALERT,82.004,89.3628612815799
2013-09-22,27.83,19.26,82.88,32.0998950203045,Normal,False,2013,31.626999230364646,NO ALERT,82.094,89.7798110365481
2013-09-23,28.69,17.65,80.43,33.97709179756575,Normal,False,2013,32.64841436180487,YELLOW ALERT,83.64200000000001,93.15876523561835
2013-09-24,28.75,17.6,81.94,34.45021366084687,Normal,False,2013,33.50906682623903,YELLOW ALERT,83.75,94.01038458952436
2013-09-25,28.72,18.05,82.4,34.459762503835776,Normal,False,2013,34.29568932074945,YELLOW ALERT,83.696,94.02757250690439
2013-09-26,29.13,18.71,78.31,34.72866312899321,Normal,False,2013,34.54621309789194,YELLOW ALERT,84.434,94.51159363218778
2013-09-27,28.05,19.67,80.14,32.2464772704271,Normal,False,2013,33.81163430108535,YELLOW ALERT,82.49000000000001,90.04365908676877
2013-09-28,26.76,20.31,83.51,29.502429870764256,Normal,False,2013,32.15919009006151,YELLOW ALERT,80.168,85.10437376737566
2013-09-29,27.49,18.7,79.72,30.82625918765606,Normal,False,2013,30.858388776282457,NO ALERT,81.482,87.48726653778091
2013-09-30,26.48,18.56,84.98,28.951263616696313,Normal,False,2013,29.759984225038863,NO ALERT,79.664,84.11227451005337
2013-10-01,26.7,19.98,85.96,29.55820887819487,Normal,False,2013,29.77857722751573,NO ALERT,80.06,85.20477598075077
2013-10-02,24.95,20.45,89.93,25.547778269609044,Normal,False,2013,28.019083588166726,NO ALERT,76.91,77.98600088529628
2013-10-03,24.95,19.42,86.71,25.6384791049273,Normal,False,2013,26.914822084243724,NO ALERT,76.91,78.14926238886913
2013-10-04,26.69,18.03,83.23,29.31607213510644,Normal,False,2013,26.83410983654758,NO ALERT,80.042,84.7689298431916
2013-10-05,26.56,17.4,81.82,28.917955519073107,Normal,False,2013,27.957502253035603,NO ALERT,79.80799999999999,84.05231993433159
2013-10-06,28.25,18.93,81.34,32.96249853469601,Normal,False,2013,30.398842062958504,NO ALERT,82.85,91.33249736245281
2013-10-07,27.97,20.14,84.47,32.72581855811248,Normal,False,2013,31.53542420396052,NO ALERT,82.346,90.90647340460245
2013-10-08,25.12,20.6,91.65,25.89245430063752,Normal,False,2013,30.526923797815325,NO ALERT,77.21600000000001,78.60641774114754
2013-10-09,25.32,19.81,88.68,26.392403302631983,Normal,False,2013,28.336892053793978,NO ALERT,77.576,79.50632594473757
2013-10-10,26.34,19.68,84.94,28.62068735028849,Normal,False,2013,26.968514984519317,NO ALERT,79.412,83.51723723051929
2013-10-11,27.2,19.28,81.43,30.34184839595487,Normal,False,2013,28.451646349625097,NO ALERT,80.96,86.61532711271876
2013-10-12,27.44,17.84,82.13,31.00237297387959,Normal,False,2013,29.988302906707634,NO ALERT,81.392,87.80427135298326
2013-10-13,27.9,18.93,82.06,32.15947317341176,Normal,False,2013,31.167898181082062,NO ALERT,82.22,89.88705171214117
2013-10-14,27.09,19.57,85.33,30.486930480413637,Normal,False,2013,31.216258875901648,NO ALERT,80.762,86.87647486474455
2013-10-15,27.79,19.31,86.25,32.500384479286964,Normal,False,2013,31.715596044370773,NO ALERT,82.02199999999999,90.50069206271654
2013-10-16,27.76,20.12,86.06,32.38652400201039,Normal,False,2013,31.791279653903647,NO ALERT,81.968,90.2957432036187
2013-10-17,28.24,19.82,85.32,33.640393547726916,Normal,False,2013,32.84243400967474,YELLOW ALERT,82.832,92.55270838590845
2013-10-18,26.41,18.82,85.86,28.84151578079547,Normal,False,2013,31.622811110177576,NO ALERT,79.538,83.91472840543184
2013-10-19,28.14,19.18,82.23,32.8205573186223,Normal,False,2013,31.767488882381546,NO ALERT,82.652,91.07700317352014
2013-10-20,26.13,18.97,86.72,28.220596054853402,Normal,False,2013,29.960889718090375,NO ALERT,79.03399999999999,82.79707289873612
2013-10-21,24.51,18.65,90.66,24.566497431828168,Normal,False,2013,28.53588360176794,NO ALERT,76.118,76.2196953772907
2013-10-22,24.47,18.95,90.88,24.46893193652937,Normal,False,2013,25.752008474403635,NO ALERT,76.04599999999999,76.04407748575287
2013-10-23,26.82,19.72,87.62,30.00851295804691,Normal,False,2013,26.347980775468134,NO ALERT,80.276,86.01532332448444
2013-10-24,26.07,19.86,88.0,28.13257980705408,Normal,False,2013,27.536674900543442,NO ALERT,78.926,82.63864365269734
2013-10-25,26.91,19.83,88.29,30.311992225097597,Normal,False,2013,29.48436166339951,NO ALERT,80.438,86.56158600517567
2013-10-26,27.42,19.71,85.99,31.435878117385283,Normal,False,2013,29.960150049845637,NO ALERT,81.35600000000001,88.5845806112935
2013-10-27,27.36,19.99,84.16,31.048953282330583,Normal,False,2013,30.93227454160447,NO ALERT,81.248,87.88811590819505
2013-10-28,26.95,19.59,86.92,30.284966176728048,Normal,False,2013,30.92326585881462,NO ALERT,80.50999999999999,86.5129391181105
2013-10-29,25.22,19.16,88.27,26.17462910274873,Normal,False,2013,29.169516187269107,NO ALERT,77.396,79.11433238494772
2013-10-30,27.22,18.78,85.09,30.796349031734344,Normal,False,2013,29.085314770403695,NO ALERT,80.996,87.43342825712182
2013-10-31,27.36,18.26,85.65,31.231497435538625,Normal,False,2013,29.40082519000722,NO ALERT,81.248,88.21669538396952
2013-11-01,27.06,17.7,87.73,30.662199336815245,Normal,False,2013,30.89668193469606,NO ALERT,80.708,87.19195880626744
2013-11-02,27.45,19.26,87.33,31.693136257864833,Normal,False,2013,31.195611010072884,NO ALERT,81.41,89.0476452641567
2013-11-03,25.44,18.87,89.21,26.664503192848738,Normal,False,2013,29.673279595842924,NO ALERT,77.792,79.99610574712773
2013-11-04,26.45,18.46,85.93,28.94231363977979,Normal,False,2013,29.09998436349777,NO ALERT,79.61,84.09616455160362
2013-11-05,26.46,18.05,83.62,28.81539498574531,Normal,False,2013,28.140737272791267,NO ALERT,79.628,83.86771097434156
2013-11-06,27.1,17.57,84.02,30.374460724547507,Normal,False,2013,29.37738978335752,NO ALERT,80.78,86.67402930418551
2013-11-07,26.88,15.7,82.79,29.722680497165697,Normal,False,2013,29.637512069152823,NO ALERT,80.384,85.50082489489826
2013-11-08,26.53,16.0,79.93,28.724764017055676,Normal,False,2013,29.60730174625628,NO ALERT,79.754,83.70457523070021
2013-11-09,26.11,12.99,80.0,27.87917865395637,Normal,False,2013,28.775541056059236,NO ALERT,78.998,82.18252157712146
2013-11-10,26.87,14.86,81.02,29.543008362048674,Normal,False,2013,28.71565034435356,NO ALERT,80.366,85.17741505168762
2013-11-11,26.98,16.75,80.78,29.768640440324603,Normal,False,2013,29.063609152109866,NO ALERT,80.564,85.58355279258429
2013-11-12,27.03,16.2,79.48,29.757220553964277,Normal,False,2013,29.689623118779167,NO ALERT,80.654,85.5629969971357
2013-11-13,26.63,14.91,78.21,28.810474168449623,Normal,False,2013,29.445445054246154,NO ALERT,79.934,83.85885350320932
2013-11-14,26.58,15.45,77.48,28.660375432545568,Normal,False,2013,29.076023384986474,NO ALERT,79.844,83.58867577858203
2013-11-15,25.02,14.54,80.62,25.89607895840266,Normal,False,2013,27.788976186465934,NO ALERT,77.036,78.61294212512479
2013-11-16,24.15,16.23,87.01,24.107948901583633,Normal,False,2013,26.221467764177273,NO ALERT,75.47,75.39430802285054
2013-11-17,23.78,18.45,90.38,23.139517176951433,Normal,False,2013,24.38118167897923,NO ALERT,74.804,73.65113091851258
2013-11-18,23.58,17.21,92.2,22.561865692822842,Normal,False,2013,23.269777257119287,NO ALERT,74.44399999999999,72.61135824708111
2013-11-19,27.27,17.65,80.39,30.392127454943655,Normal,False,2013,25.364503441572634,NO ALERT,81.086,86.70582941889857
2013-11-20,27.21,16.73,81.83,30.408851015475914,Normal,False,2013,27.78761472108079,NO ALERT,80.97800000000001,86.73593182785665
2013-11-21,28.32,16.99,79.6,32.844373792984555,Normal,False,2013,31.215117421134693,NO ALERT,82.976,91.1198728273722
2013-11-22,28.5,16.69,78.72,33.14976017860908,Normal,False,2013,32.13432832902317,YELLOW ALERT,83.3,91.66956832149634
2013-11-23,25.3,20.08,89.05,26.34501455321166,Normal,False,2013,30.779716174935086,NO ALERT,77.54,79.42102619578098
2013-11-24,27.21,18.48,85.05,30.765898254393328,Normal,False,2013,30.086890995404673,NO ALERT,80.97800000000001,87.37861685790799
2013-11-25,27.53,18.19,83.79,31.442377285849904,Normal,False,2013,29.51776336448495,NO ALERT,81.554,88.59627911452984
2013-11-26,28.31,17.63,81.39,33.13122357257036,Normal,False,2013,31.77983303760452,NO ALERT,82.958,91.63620243062665
2013-11-27,27.71,16.42,80.06,31.394004798332997,Normal,False,2013,31.989201885584407,NO ALERT,81.878,88.50920863699939
2013-11-28,27.06,14.64,69.32,28.899067400447493,Normal,False,2013,31.141431923783603,NO ALERT,80.708,84.01832132080548
2013-11-29,28.11,14.34,78.71,32.17022162913535,Normal,False,2013,30.8210979426386,NO ALERT,82.598,89.90639893244364
2013-11-30,28.96,16.77,75.99,33.7941969462615,Normal,False,2013,31.6211619919481,NO ALERT,84.128,92.8295545032707
2013-12-01,28.6,18.56,78.32,33.332336659383024,Normal,False,2013,33.098918411593274,YELLOW ALERT,83.48,91.99820598688945
2013-12-02,28.38,16.91,78.97,32.88802556079755,Normal,False,2013,33.338186388814016,YELLOW ALERT,83.084,91.19844600943559
2013-12-03,28.03,17.52,78.05,31.874352434452916,Normal,False,2013,32.698238218211145,YELLOW ALERT,82.45400000000001,89.37383438201525
2013-12-04,27.4,17.48,75.66,30.153664568308834,Normal,False,2013,31.63868085451975,NO ALERT,81.32,86.2765962229559
2013-12-05,27.32,15.37,74.86,29.903223916657087,Normal,False,2013,30.6437469731396,NO ALERT,81.176,85.82580304998275
2013-12-06,26.71,13.9,69.4,28.335743790600848,Normal,False,2013,29.464210758522242,NO ALERT,80.078,83.00433882308153
2013-12-07,27.3,14.6,71.16,29.486575531169123,Normal,False,2013,29.241847746142337,NO ALERT,81.14,85.07583595610443
2013-12-08,27.58,15.29,77.37,30.742006904776215,Normal,False,2013,29.52144207551538,NO ALERT,81.64399999999999,87.33561242859719
2013-12-09,28.25,13.69,64.65,30.41511617261392,Normal,False,2013,30.214566202853074,NO ALERT,82.85,86.74720911070506
2013-12-10,28.65,10.78,54.4,29.7258748037534,Normal,False,2013,30.294332627047833,NO ALERT,83.57,85.50657464675612
2013-12-11,28.84,13.1,58.68,30.575062928117422,Normal,False,2013,30.238684634828232,NO ALERT,83.912,87.03511327061136
2013-12-12,25.21,16.5,85.42,26.18423187405531,Normal,False,2013,28.82838986864203,NO ALERT,77.378,79.13161737329956
2013-12-13,28.78,18.81,79.86,34.10731265117862,Normal,False,2013,30.2888691511171,NO ALERT,83.804,93.39316277212151
2013-12-14,29.05,16.69,78.58,34.57082859028172,Normal,False,2013,31.620791038505203,NO ALERT,84.28999999999999,94.2274914625071
2013-12-15,29.18,13.05,65.1,32.20852693124547,Normal,False,2013,33.628889390901925,YELLOW ALERT,84.524,89.97534847624186
2013-12-16,27.57,10.26,60.35,28.867824667741488,Normal,False,2013,31.88239339642288,NO ALERT,81.626,83.96208440193467
2013-12-17,26.77,12.68,73.72,28.748350796755133,Normal,False,2013,29.94156746524735,NO ALERT,80.186,83.74703143415924
2013-12-18,27.26,10.93,72.05,29.501009119898313,Normal,False,2013,29.03906152813163,NO ALERT,81.068,85.10181641581696
2013-12-19,27.86,11.06,68.78,30.24648012357854,Normal,False,2013,29.49861334674398,NO ALERT,82.148,86.44366422244137
2013-12-20,28.77,11.77,64.54,31.331187329295712,Normal,False,2013,30.35955885759084,NO ALERT,83.786,88.39613719273228
2013-12-21,27.96,12.98,69.38,30.508765470390358,Normal,False,2013,30.69547764108819,NO ALERT,82.328,86.91577784670264
2013-12-22,27.26,14.11,72.76,29.57116581458276,Normal,False,2013,30.470372871422928,NO ALERT,81.068,85.22809846624897
2013-12-23,27.27,13.89,73.69,29.68350386811882,Normal,False,2013,29.92114505103063,NO ALERT,81.086,85.43030696261387
2013-12-24,27.23,14.81,73.8,29.61699553477166,Normal,False,2013,29.6238884058244,NO ALERT,81.014,85.31059196258899
2013-12-25,28.16,14.44,72.34,31.315007142224285,Normal,False,2013,30.205168848371574,NO ALERT,82.688,88.36701285600371
2013-12-26,27.3,13.05,69.31,29.305681419767097,Normal,False,2013,30.079228032254335,NO ALERT,81.14,84.75022655558078
2013-12-27,27.63,13.97,70.63,30.039302566904148,Normal,False,2013,30.21999704296516,NO ALERT,81.734,86.07074462042746
2013-12-28,27.47,14.23,70.57,29.736112345926934,Normal,False,2013,29.693698777532713,NO ALERT,81.446,85.52500222266848
2013-12-29,27.05,13.67,68.68,28.82851241692644,Normal,False,2013,29.534642443252494,NO ALERT,80.69,83.89132235046759
2013-12-30,27.5,11.73,67.24,29.439887222195594,Normal,False,2013,29.33483732834964,NO ALERT,81.5,84.99179699995207
2013-12-31,27.74,14.44,71.9,30.401578396524517,Normal,False,2013,29.556659345215504,NO ALERT,81.932,86.72284111374412
2014-01-01,27.68,15.2,73.34,30.45820989048015,Normal,False,2014,30.099891836400072,NO ALERT,81.824,86.82477780286426
2014-01-02,28.14,14.91,71.55,31.159179268809858,Normal,False,2014,30.67298918527149,NO ALERT,82.652,88.08652268385774
2014-01-03,27.1,14.44,75.64,29.53953187203461,Normal,False,2014,30.385640343774856,NO ALERT,80.78,85.1711573696623
2014-01-04,28.87,14.4,67.38,31.988556923054034,Normal,False,2014,30.895756021299487,NO ALERT,83.966,89.57940246149727
2014-01-05,29.64,14.92,66.18,33.36105150740701,Normal,False,2014,31.6297134341652,NO ALERT,85.352,92.04989271333262
2014-01-06,29.51,14.34,64.53,32.761309613684524,Normal,False,2014,32.703639348048505,YELLOW ALERT,85.11800000000001,90.97035730463215
2014-01-07,29.16,14.29,66.45,32.412065652635384,Normal,False,2014,32.84480892457563,YELLOW ALERT,84.488,90.34171817474369
2014-01-08,28.82,14.88,70.25,32.3818798089127,Normal,False,2014,32.518418358410855,YELLOW ALERT,83.876,90.28738365604286
2014-01-09,29.64,14.85,68.29,33.80497672266519,Normal,False,2014,32.86630739473774,YELLOW ALERT,85.352,92.84895810079733
2014-01-10,30.19,15.94,67.88,34.97922511307334,Normal,False,2014,33.722027214883724,YELLOW ALERT,86.34200000000001,94.96260520353202
2014-01-11,30.31,16.32,63.18,34.13820673186277,Normal,False,2014,34.30746952253376,YELLOW ALERT,86.55799999999999,93.448772117353
2014-01-12,30.47,15.83,61.37,34.060670329015075,Normal,False,2014,34.39270072465038,YELLOW ALERT,86.846,93.30920659222713
2014-01-13,30.01,14.5,61.24,33.10227204581307,Normal,False,2014,33.767049702230295,YELLOW ALERT,86.018,91.58408968246354
2014-01-14,29.85,14.49,60.66,32.67634425502491,Normal,False,2014,33.279762209951,YELLOW ALERT,85.73,90.81741965904483
2014-01-15,30.39,16.18,61.39,33.89979083543629,Normal,False,2014,33.22613571209141,YELLOW ALERT,86.702,93.01962350378533
2014-01-16,30.18,16.47,64.3,34.11433179004919,Normal,False,2014,33.56348896017011,YELLOW ALERT,86.324,93.40579722208855
2014-01-17,28.89,17.13,63.19,31.338195255694156,Normal,False,2014,33.117439293726534,YELLOW ALERT,84.002,88.40875146024948
2014-01-18,29.06,16.22,64.46,31.86366511170822,Normal,False,2014,32.438730719150506,YELLOW ALERT,84.30799999999999,89.3545972010748
2014-01-19,28.94,15.81,69.54,32.51313131741401,Normal,False,2014,31.904997228272112,NO ALERT,84.09200000000001,90.52363637134522
2014-01-20,29.27,16.29,65.86,32.527237411971086,Normal,False,2014,32.30134461369776,YELLOW ALERT,84.686,90.54902734154795
2014-01-21,28.93,16.0,66.12,31.89390611040241,Normal,False,2014,32.31142494659582,YELLOW ALERT,84.074,89.40903099872433
2014-01-22,29.13,15.7,62.69,31.695293304846942,Normal,False,2014,32.038812275740135,YELLOW ALERT,84.434,89.0515279487245
2014-01-23,29.76,14.07,61.16,32.60159058533165,Normal,False,2014,32.06359666686032,YELLOW ALERT,85.56800000000001,90.68286305359698
2014-01-24,30.77,13.85,60.03,34.37060814573768,Normal,False,2014,32.88916401197208,YELLOW ALERT,87.386,93.86709466232782
2014-01-25,29.9,15.96,63.53,33.35543327333231,Normal,False,2014,33.4425440014672,YELLOW ALERT,85.82,92.03977989199817
2014-01-26,28.68,14.88,68.22,31.745972013339056,Normal,False,2014,33.157337810803,YELLOW ALERT,83.624,89.14274962401029
2014-01-27,27.49,15.35,67.75,29.475504676395037,Normal,False,2014,31.525636654355452,NO ALERT,81.482,85.05590841751106
2014-01-28,28.68,16.0,64.12,31.101885901206465,Normal,False,2014,30.774454196980173,NO ALERT,83.624,87.98339462217163
2014-01-29,29.73,14.76,60.34,32.388907166019294,Normal,False,2014,30.988765914540252,NO ALERT,85.514,90.30003289883473
2014-01-30,29.19,14.25,60.28,31.404055147529775,Normal,False,2014,31.631616071585167,NO ALERT,84.542,88.5272992655536
2014-01-31,30.19,13.3,57.3,32.650974073735796,Normal,False,2014,32.14797879576161,YELLOW ALERT,86.34200000000001,90.77175333272444
2014-02-01,30.3,14.66,62.56,33.976153598226034,Normal,False,2014,32.67706093983052,YELLOW ALERT,86.53999999999999,93.15707647680685
2014-02-02,30.8,15.86,59.34,34.269176925205244,Normal,False,2014,33.63210153238901,YELLOW ALERT,87.44,93.68451846536944
2014-02-03,32.66,14.51,52.76,36.386841749428015,Normal,False,2014,34.87739075761975,YELLOW ALERT,90.78799999999998,97.49631514897042
2014-02-04,32.26,13.54,51.14,35.13820468155381,Normal,False,2014,35.264741118729006,YELLOW ALERT,90.068,95.24876842679686
2014-02-05,32.67,13.27,44.04,34.142178398231216,Normal,False,2014,35.22240827640433,YELLOW ALERT,90.80600000000001,93.4559211168162
2014-02-06,32.81,12.81,43.85,34.33564392619654,Normal,False,2014,34.53867566866051,YELLOW ALERT,91.058,93.80415906715378
2014-02-07,32.9,13.01,34.75,32.61874278574692,Normal,False,2014,33.69885503672487,YELLOW ALERT,91.22,90.71373701434445
2014-02-08,32.48,12.9,38.62,32.72018830876792,Normal,False,2014,33.22485834023711,YELLOW ALERT,90.464,90.89633895578227
2014-02-09,32.85,13.3,41.86,33.948451739602405,Normal,False,2014,33.09579427803907,YELLOW ALERT,91.13000000000001,93.10721313128434
2014-02-10,33.28,14.33,47.11,36.02277963812042,Normal,False,2014,34.230473228830235,YELLOW ALERT,91.904,96.84100334861675
2014-02-11,32.39,15.43,53.54,36.04706574481409,Normal,False,2014,35.339432374178955,YELLOW ALERT,90.30199999999999,96.88471834066536
2014-02-12,32.43,16.05,52.92,35.95599395438384,Normal,False,2014,36.008613112439434,YELLOW ALERT,90.374,96.72078911789092
2014-02-13,32.11,17.0,55.08,35.892372056410416,Normal,False,2014,35.96514391853611,YELLOW ALERT,89.798,96.60626970153875
2014-02-14,30.51,18.27,60.54,33.953939384486496,Normal,False,2014,35.26743513176024,YELLOW ALERT,86.918,93.1170908920757
2014-02-15,31.83,18.5,57.79,36.04758865224577,Normal,False,2014,35.29796669771421,YELLOW ALERT,89.294,96.88565957404239
2014-02-16,31.37,20.12,55.0,34.373641242026125,Normal,False,2014,34.791723092919455,YELLOW ALERT,88.466,93.87255423564702
2014-02-17,32.57,19.38,57.84,37.73481705283154,Normal,False,2014,36.052015649034466,YELLOW ALERT,90.626,99.92267069509677
2014-02-18,32.23,17.8,63.48,38.75273537390663,Normal,False,2014,36.95373122292142,YELLOW ALERT,90.014,101.75492367303193
2014-02-19,31.85,17.97,61.09,37.05044375951862,Normal,False,2014,37.84599872875225,YELLOW ALERT,89.33000000000001,98.69079876713351
2014-02-20,31.68,18.19,59.1,36.08374968074166,Normal,False,2014,37.29564293805563,YELLOW ALERT,89.024,96.95074942533499
2014-02-21,32.43,16.26,54.97,36.542023930932956,Normal,False,2014,36.558739123731065,YELLOW ALERT,90.374,97.77564307567931
2014-02-22,33.24,16.1,51.09,37.10746103627533,Normal,False,2014,36.57774488264997,YELLOW ALERT,91.83200000000001,98.7934298652956
2014-02-23,32.4,15.77,47.83,34.56777472253899,Normal,False,2014,36.07241989658241,YELLOW ALERT,90.32,94.22199450057019
2014-02-24,32.79,13.85,56.25,37.73570078100194,Normal,False,2014,36.47031217993874,YELLOW ALERT,91.022,99.92426140580349
2014-02-25,31.53,17.26,60.75,36.209300155751635,Normal,False,2014,36.17092521976417,YELLOW ALERT,88.75399999999999,97.17674028035294
2014-02-26,34.32,17.24,49.55,38.945253941322285,Normal,False,2014,37.630084959358605,YELLOW ALERT,93.776,102.10145709438011
2014-02-27,33.97,16.21,49.36,38.11391330942552,Normal,False,2014,37.75615580216647,YELLOW ALERT,93.146,100.60504395696594
2014-02-28,32.87,17.71,55.49,37.67521783456593,Normal,False,2014,38.2447950284379,YELLOW ALERT,91.166,99.81539210221868
2014-03-01,31.07,19.19,59.74,34.92914357301933,Normal,False,2014,36.90609157233691,YELLOW ALERT,87.926,94.87245843143481
2014-03-02,32.71,18.2,56.41,37.60333046969039,Normal,False,2014,36.7358972924252,YELLOW ALERT,90.878,99.6859948454427
2014-03-03,31.45,19.86,60.29,35.90122071130275,Normal,False,2014,36.14456491800414,YELLOW ALERT,88.61,96.62219728034495
2014-03-04,32.82,18.54,56.19,37.785361641157074,Normal,False,2014,37.09663760738339,YELLOW ALERT,91.076,100.01365095408273
2014-03-05,32.61,20.1,57.39,37.684427782218535,Normal,False,2014,37.12367004489277,YELLOW ALERT,90.69800000000001,99.83197000799336
2014-03-06,30.26,19.53,63.77,34.16611141286517,Normal,False,2014,36.545300278746915,YELLOW ALERT,86.468,93.49900054315731
2014-03-07,26.38,19.05,62.97,27.48975863108236,Normal,False,2014,33.11343260872201,YELLOW ALERT,79.484,81.48156553594825
2014-03-08,30.85,17.8,56.08,33.62271540266944,Normal,False,2014,31.759528482205642,NO ALERT,87.53,92.520887724805
2014-03-09,31.67,17.03,55.73,35.154907647106704,Normal,False,2014,32.08912722695282,YELLOW ALERT,89.006,95.27883376479207
2014-03-10,31.32,17.29,54.74,34.21474860201955,Normal,False,2014,34.33079055059855,YELLOW ALERT,88.376,93.58654748363519
2014-03-11,31.64,18.03,53.77,34.60009828976302,Normal,False,2014,34.656584846296404,YELLOW ALERT,88.952,94.28017692157343
2014-03-12,33.12,17.44,48.89,36.211693853753076,Normal,False,2014,35.00884691517853,YELLOW ALERT,91.616,97.18104893675554
2014-03-13,33.5,15.89,43.28,35.398882723280984,Normal,False,2014,35.403558288932345,YELLOW ALERT,92.3,95.71798890190577
2014-03-14,34.27,16.03,34.81,34.62567677064239,Normal,False,2014,35.41208444922547,YELLOW ALERT,93.686,94.3262181871563
2014-03-15,34.51,15.64,33.47,34.69485100572728,Normal,False,2014,34.90647016655021,YELLOW ALERT,94.118,94.45073181030911
2014-03-16,34.76,16.73,37.12,35.97920366136103,Normal,False,2014,35.099910479243555,YELLOW ALERT,94.568,96.76256659044986
2014-03-17,35.31,16.99,37.76,37.11757027702064,Normal,False,2014,35.930541648036304,YELLOW ALERT,95.558,98.81162649863715
2014-03-18,36.26,16.73,28.99,36.309894124385856,Normal,False,2014,36.46888935425583,YELLOW ALERT,97.268,97.35780942389454
2014-03-19,35.97,17.01,37.31,38.18689788376923,Normal,False,2014,37.20478742839189,YELLOW ALERT,96.74600000000001,100.73641619078461
2014-03-20,36.84,18.2,40.17,40.939647931743735,Normal,False,2014,38.47881331329959,YELLOW ALERT,98.31200000000001,105.69136627713873
2014-03-21,36.6,18.68,37.4,39.41747504423337,Normal,False,2014,39.514673619915435,YELLOW ALERT,97.88000000000001,102.95145507962006
2014-03-22,36.7,19.91,36.37,39.25088952173556,Normal,False,2014,39.86933749923754,YELLOW ALERT,98.06,102.65160113912401
2014-03-23,36.54,20.44,38.76,39.78525621470191,Normal,False,2014,39.484540260223596,YELLOW ALERT,97.772,103.61346118646344
2014-03-24,35.93,19.48,32.96,36.82321765744847,Normal,False,2014,38.61978779796196,YELLOW ALERT,96.674,98.28179178340724
2014-03-25,36.49,17.76,34.04,38.09921218388542,Normal,False,2014,38.235895352011916,YELLOW ALERT,97.682,100.57858193099375
2014-03-26,36.16,18.62,33.67,37.41227403581925,Normal,False,2014,37.444901292384365,YELLOW ALERT,97.088,99.34209326447466
2014-03-27,36.15,18.27,25.86,35.43044207236567,Normal,False,2014,36.980642764023436,YELLOW ALERT,97.07,95.7747957302582
2014-03-28,36.23,18.65,25.26,35.4150081339901,Normal,False,2014,36.08590808072499,YELLOW ALERT,97.214,95.74701464118218
2014-03-29,37.29,19.77,27.34,37.4637979434315,Normal,False,2014,36.10308271659574,YELLOW ALERT,99.122,99.4348362981767
2014-03-30,38.2,20.07,28.55,39.30380567115796,Normal,False,2014,37.39420391619317,YELLOW ALERT,100.76,102.74685020808434
2014-03-31,37.18,20.88,27.63,37.37232145222405,Normal,False,2014,38.046641688937825,YELLOW ALERT,98.924,99.2701786140033
2014-04-01,38.2,20.17,25.35,38.30848480333499,Normal,False,2014,38.328203975572315,YELLOW ALERT,100.76,100.95527264600298
2014-04-02,37.74,20.73,32.74,39.93088448610871,Normal,False,2014,38.53723024722257,YELLOW ALERT,99.932,103.87559207499568
2014-04-03,37.59,20.79,28.82,38.371356347634254,Normal,False,2014,38.870241879025976,YELLOW ALERT,99.662,101.06844142574167
2014-04-04,37.26,20.34,28.21,37.65894010261278,Normal,False,2014,38.65372697878524,YELLOW ALERT,99.068,99.78609218470301
2014-04-05,37.69,19.67,35.38,40.81622400661924,Normal,False,2014,38.948840152288746,YELLOW ALERT,99.842,105.46920321191462
2014-04-06,37.22,20.39,40.45,41.87440034311259,Normal,False,2014,40.116521484114855,YELLOW ALERT,98.99600000000001,107.37392061760266
2014-04-07,38.05,19.73,37.51,42.427887493592316,Normal,False,2014,41.70617061444137,ORANGE ALERT,100.49,108.37019748846618
2014-04-08,37.98,21.66,37.14,42.121047450150414,Normal,False,2014,42.141111762285085,ORANGE ALERT,100.364,107.81788541027075
2014-04-09,35.93,23.64,41.24,39.44058943727019,Normal,False,2014,41.329841460337626,ORANGE ALERT,96.674,102.99306098708635
2014-04-10,35.07,24.66,40.42,37.474969490403474,Normal,False,2014,39.67886879260801,YELLOW ALERT,95.126,99.45494508272625
2014-04-11,37.38,22.16,36.41,40.59419478408858,Normal,False,2014,39.16991790392074,YELLOW ALERT,99.284,105.06955061135945
2014-04-12,36.25,23.2,39.0,39.29206181111118,Normal,False,2014,39.120408695201064,YELLOW ALERT,97.25,102.72571126000012
2014-04-13,36.18,22.56,44.26,41.12414646231759,Normal,False,2014,40.336801019172434,YELLOW ALERT,97.124,106.02346363217166
2014-04-14,36.92,22.94,46.03,43.634705260483194,Normal,False,2014,41.35030451130398,ORANGE ALERT,98.456,110.54246946886975
2014-04-15,37.06,21.35,47.66,44.76515089154972,Normal,False,2014,43.17466753811683,ORANGE ALERT,98.708,112.5772716047895
2014-04-16,37.2,21.18,41.09,42.09982115860099,Normal,False,2014,43.49989243687796,ORANGE ALERT,98.96000000000001,107.77967808548178
2014-04-17,38.16,20.91,38.31,43.01786667629978,Normal,False,2014,43.29427957548348,ORANGE ALERT,100.68799999999999,109.43216001733961
2014-04-18,37.95,23.14,40.33,43.459813293158604,Normal,False,2014,42.859167042686444,ORANGE ALERT,100.31,110.22766392768548
2014-04-19,38.17,21.63,39.28,43.47921349923654,Normal,False,2014,43.31896448956496,ORANGE ALERT,100.706,110.26258429862578
2014-04-20,34.76,22.31,35.46,35.554397463051686,Normal,False,2014,40.83114141848227,YELLOW ALERT,94.568,95.99791543349303
2014-04-21,37.16,20.41,34.56,39.492595370405745,Normal,False,2014,39.50873544423131,YELLOW ALERT,98.88799999999999,103.08667166673034
2014-04-22,37.48,20.64,36.29,40.74834782708995,Normal,False,2014,38.59844688684911,YELLOW ALERT,99.464,105.34702608876191
2014-04-23,37.52,20.31,38.35,41.65090383487149,Normal,False,2014,40.630615677455715,YELLOW ALERT,99.536,106.97162690276869
2014-04-24,36.71,20.85,42.38,41.5469257340268,Normal,False,2014,41.3153924653294,ORANGE ALERT,98.078,106.78446632124823
2014-04-25,38.98,22.78,40.01,45.73035179994091,Normal,False,2014,42.97606045627972,ORANGE ALERT,102.164,114.31463323989365
2014-04-26,37.95,23.82,42.45,44.45860224027541,Normal,False,2014,43.91195992474769,ORANGE ALERT,100.31,112.02548403249574
2014-04-27,38.67,24.42,42.13,46.070187210926015,Normal,False,2014,45.419713750380765,ORANGE ALERT,101.60600000000001,114.92633697966683
2014-04-28,38.84,22.23,42.06,46.46097327738932,Normal,False,2014,45.663254242863566,ORANGE ALERT,101.912,115.62975189930077
2014-04-29,38.66,24.23,36.55,43.31930971073203,Normal,False,2014,45.28349006634911,ORANGE ALERT,101.588,109.97475747931766
2014-04-30,37.92,24.13,37.1,41.977650347077336,Normal,False,2014,43.919311111732874,ORANGE ALERT,100.256,107.5597706247392
2014-05-01,35.96,24.33,39.37,38.84810968236501,Normal,False,2014,41.38168991339145,ORANGE ALERT,96.728,101.92659742825703
2014-05-02,37.31,23.78,40.92,42.27276179713976,Normal,False,2014,41.03284060886069,ORANGE ALERT,99.158,108.09097123485157
2014-05-03,38.11,22.2,48.77,48.20632580158111,Normal,False,2014,43.10906576036194,ORANGE ALERT,100.598,118.771386442846
2014-05-04,36.73,22.17,52.15,46.13405358566336,Normal,False,2014,45.53771372812806,ORANGE ALERT,98.114,115.04129645419405
2014-05-05,36.3,21.03,54.53,46.13570789948282,Normal,False,2014,46.82536242890908,ORANGE ALERT,97.34,115.04427421906908
2014-05-06,32.69,22.54,64.89,40.48799617433805,Normal,False,2014,44.25258588649473,ORANGE ALERT,90.842,104.87839311380849
2014-05-07,29.59,21.45,70.89,34.25611973499243,Normal,False,2014,40.29327460293775,YELLOW ALERT,85.262,93.66101552298638
2014-05-08,27.6,22.01,80.27,31.156580653740825,Normal,False,2014,35.300232187690426,YELLOW ALERT,81.68,88.08184517673348
2014-05-09,32.3,21.07,68.86,40.86728417473299,Normal,False,2014,35.4266615211554,YELLOW ALERT,90.14,105.56111151451938
2014-05-10,33.59,21.51,67.64,44.29995946236062,Normal,False,2014,38.774608096944796,YELLOW ALERT,92.46200000000002,111.73992703224911
2014-05-11,32.62,22.19,63.69,39.854408338452636,Normal,False,2014,41.67388399184873,ORANGE ALERT,90.716,103.73793500921474
2014-05-12,35.55,22.02,54.75,44.12611060288404,Normal,False,2014,42.760159467899086,ORANGE ALERT,95.99,111.42699908519127
2014-05-13,36.16,22.0,51.86,44.41913144869515,Normal,False,2014,42.799883463343924,ORANGE ALERT,97.088,111.95443660765127
2014-05-14,35.68,23.26,50.17,42.40298416635734,Normal,False,2014,43.64940873931216,ORANGE ALERT,96.224,108.32537149944321
2014-05-15,36.01,21.42,45.62,41.28670937564487,Normal,False,2014,42.702941663565774,ORANGE ALERT,96.818,106.31607687616076
2014-05-16,36.68,21.66,42.61,41.57463252424478,Normal,False,2014,41.75477535541565,ORANGE ALERT,98.024,106.8343385436406
2014-05-17,33.82,23.03,54.45,39.539970392273034,Normal,False,2014,40.800437430720876,YELLOW ALERT,92.876,103.17194670609146
2014-05-18,34.47,22.44,58.19,42.70193707995678,Normal,False,2014,41.272179998824846,ORANGE ALERT,94.046,108.86348674392221
2014-05-19,35.15,22.16,56.06,43.62893162829124,Normal,False,2014,41.956946366840334,ORANGE ALERT,95.27,110.53207693092423
2014-05-20,34.08,22.64,62.32,43.40528153672804,Normal,False,2014,43.245383414992006,ORANGE ALERT,93.344,110.12950676611048
2014-05-21,34.48,20.86,53.87,40.93579107977393,Normal,False,2014,42.65666808159772,ORANGE ALERT,94.064,105.68442394359307
2014-05-22,35.64,21.95,61.88,48.008289805961994,Normal,False,2014,44.116454140821304,ORANGE ALERT,96.152,118.4149216507316
2014-05-23,34.9,22.32,62.26,45.853635119653205,Normal,False,2014,44.93257200179636,ORANGE ALERT,94.82,114.53654321537576
2014-05-24,35.98,22.26,61.06,48.662872814767894,Normal,False,2014,47.50826591346101,ORANGE ALERT,96.764,119.5931710665822
2014-05-25,34.23,22.95,61.71,43.57245703928302,Normal,False,2014,46.029654991234686,ORANGE ALERT,93.614,110.43042267070943
2014-05-26,31.92,23.31,67.0,39.12435885476857,Normal,False,2014,43.786562902939814,ORANGE ALERT,89.456,102.42384593858343
2014-05-27,33.21,22.65,67.6,43.0958406422702,Normal,False,2014,41.930885512107245,ORANGE ALERT,91.77799999999999,109.57251315608636
2014-05-28,34.94,23.19,61.53,45.615706181911406,Normal,False,2014,42.611968559650045,ORANGE ALERT,94.892,114.10827112744053
2014-05-29,35.38,22.18,58.32,45.35772412011503,Normal,False,2014,44.6897569814322,ORANGE ALERT,95.684,113.64390341620705
2014-05-30,35.81,22.45,62.16,48.71982255097869,Normal,False,2014,46.56441761766836,ORANGE ALERT,96.458,119.69568059176164
2014-05-31,36.19,22.45,60.2,48.86294024460174,Normal,False,2014,47.64682897189848,ORANGE ALERT,97.142,119.95329244028314
2014-06-01,35.43,23.21,59.49,46.09214707422291,Normal,False,2014,47.891636623267765,ORANGE ALERT,95.774,114.96586473360124
2014-06-02,29.33,22.58,71.4,33.750723890813134,Normal,False,2014,42.90193706987924,ORANGE ALERT,84.794,92.75130300346363
2014-06-03,30.28,22.04,74.81,37.02371322747389,Normal,False,2014,38.95552806416996,YELLOW ALERT,86.50399999999999,98.642683809453
2014-06-04,33.76,20.61,65.16,43.7124955127629,Normal,False,2014,38.16231087701663,YELLOW ALERT,92.768,110.68249192297323
2014-06-05,31.92,22.47,74.09,41.69729424640177,Normal,False,2014,40.81116766221284,YELLOW ALERT,89.456,107.05512964352319
2014-06-06,32.4,22.49,72.11,42.443180196223096,Normal,False,2014,42.617656651795905,ORANGE ALERT,90.32,108.39772435320158
2014-06-07,31.2,23.01,74.33,39.55099539392433,Normal,False,2014,41.23048994551638,ORANGE ALERT,88.16,103.19179170906379
2014-06-08,32.42,21.58,72.34,42.60041494591989,Normal,False,2014,41.53153017868909,ORANGE ALERT,90.35600000000001,108.6807469026558
2014-06-09,25.58,21.39,82.6,26.91330943978842,Normal,False,2014,36.35490659321086,YELLOW ALERT,78.044,80.44395699161916
2014-06-10,31.84,20.76,71.35,40.42673872008835,Normal,False,2014,36.64682103526554,YELLOW ALERT,89.312,104.76812969615904
2014-06-11,33.56,21.01,67.93,44.336323776108145,Normal,False,2014,37.22545731199496,YELLOW ALERT,92.408,111.80538279699466
2014-06-12,33.06,20.66,65.43,41.74751187634609,Normal,False,2014,42.170191457514186,ORANGE ALERT,91.50800000000001,107.14552137742297
2014-06-13,31.93,20.18,70.35,40.33083975859145,Normal,False,2014,42.13822513701521,ORANGE ALERT,89.474,104.5955115654646
2014-06-14,31.65,20.95,68.86,39.01084896032171,Normal,False,2014,40.3630668650864,YELLOW ALERT,88.97,102.21952812857907
2014-06-15,31.43,20.72,59.95,35.764049685053834,Normal,False,2014,38.36857946798898,YELLOW ALERT,88.574,96.37528943309691
2014-06-16,34.08,19.37,59.3,42.103503790251644,Normal,False,2014,38.95946747854238,YELLOW ALERT,93.344,107.78630682245296
2014-06-17,32.45,21.49,68.98,41.356898833343685,Normal,False,2014,39.74148410288304,YELLOW ALERT,90.41,106.44241790001863
2014-06-18,31.07,20.89,71.02,38.10200820740377,Normal,False,2014,40.52080361033302,YELLOW ALERT,87.926,100.58361477332679
2014-06-19,31.26,21.53,70.72,38.5355122896343,Normal,False,2014,39.331473110127234,YELLOW ALERT,88.268,101.36392212134174
2014-06-20,33.51,21.07,67.21,43.85507036964009,Normal,False,2014,40.16419695555937,YELLOW ALERT,92.318,110.93912666535216
2014-06-21,32.33,21.54,68.75,40.913843322636495,Normal,False,2014,41.10147532730361,ORANGE ALERT,90.19399999999999,105.64491798074569
2014-06-22,30.94,21.35,67.74,36.7781140480894,Normal,False,2014,40.51567591345531,YELLOW ALERT,87.69200000000001,98.20060528656091
2014-06-23,31.02,20.76,70.55,37.81975794128701,Normal,False,2014,38.50390510400428,YELLOW ALERT,87.836,100.07556429431662
2014-06-24,32.35,21.39,68.05,40.708647724041626,Normal,False,2014,38.43550657113933,YELLOW ALERT,90.23,105.27556590327492
2014-06-25,33.62,20.69,62.6,42.197072213916385,Normal,False,2014,40.241825959748326,YELLOW ALERT,92.51599999999999,107.9547299850495
2014-06-26,33.22,20.96,63.81,41.55574132623006,Normal,False,2014,41.48715375472934,ORANGE ALERT,91.796,106.80033438721412
2014-06-27,32.58,21.38,67.34,41.10623204345618,Normal,False,2014,41.61968186120086,ORANGE ALERT,90.64399999999999,105.99121767822113
2014-06-28,30.24,22.03,70.99,35.88520374060593,Normal,False,2014,39.51572570343071,YELLOW ALERT,86.43199999999999,96.59336673309068
2014-06-29,30.74,21.0,67.86,36.3089771644406,Normal,False,2014,37.76680431616756,YELLOW ALERT,87.332,97.35615889599308
2014-06-30,31.72,21.23,70.42,39.74324777867855,Normal,False,2014,37.31247622790835,YELLOW ALERT,89.096,103.53784600162139
2014-07-01,29.74,21.71,71.86,34.84183014091232,Normal,False,2014,36.96468502801048,YELLOW ALERT,85.532,94.71529425364217
2014-07-02,31.18,21.43,66.43,37.00457016132287,Normal,False,2014,37.196549360304566,YELLOW ALERT,88.124,98.60822629038117
2014-07-03,32.91,20.46,63.12,40.427754322187255,Normal,False,2014,37.4247182081408,YELLOW ALERT,91.23799999999999,104.76995777993706
2014-07-04,31.91,20.87,68.09,39.47183122599639,Normal,False,2014,38.96805190316882,YELLOW ALERT,89.438,103.0492962067935
2014-07-05,30.76,21.44,71.59,37.4237718383673,Normal,False,2014,39.10778579551697,YELLOW ALERT,87.36800000000001,99.36278930906114
2014-07-06,29.78,20.28,70.85,34.70435764301786,Normal,False,2014,37.1999869024605,YELLOW ALERT,85.604,94.46784375743215
2014-07-07,29.76,19.48,70.46,34.565907862555115,Normal,False,2014,35.564679114646744,YELLOW ALERT,85.56800000000001,94.21863415259921
2014-07-08,30.13,19.87,68.15,34.90298152409549,Normal,False,2014,34.72441567655614,YELLOW ALERT,86.23400000000001,94.82536674337187
2014-07-09,28.97,19.53,65.82,31.92140148426944,Normal,False,2014,33.79676362364,YELLOW ALERT,84.146,89.45852267168499
2014-07-10,30.58,19.6,66.95,35.67337614653206,Normal,False,2014,34.16591971829899,YELLOW ALERT,87.044,96.2120770637577
2014-07-11,28.18,20.69,70.61,31.10585389806532,Normal,False,2014,32.90021050962226,YELLOW ALERT,82.724,87.99053701651758
2014-07-12,29.29,20.22,70.39,33.45046712318916,Normal,False,2014,33.40989905592883,YELLOW ALERT,84.72200000000001,92.2108408217405
2014-07-13,30.15,20.23,72.09,35.93929978148885,Normal,False,2014,33.49854026758109,YELLOW ALERT,86.27,96.69073960667993
2014-07-14,31.18,19.94,68.79,37.7118153555933,Normal,False,2014,35.700527420090424,YELLOW ALERT,88.124,99.88126764006795
2014-07-15,27.71,20.69,70.06,30.122630609091473,Normal,False,2014,34.59124858205786,YELLOW ALERT,81.878,86.22073509636465
2014-07-16,31.41,20.52,67.87,38.03707535860279,Normal,False,2014,35.290507107762515,YELLOW ALERT,88.538,100.46673564548503
2014-07-17,31.88,20.46,67.56,39.20607044030859,Normal,False,2014,35.788592136000936,YELLOW ALERT,89.384,102.57092679255545
2014-07-18,32.89,20.62,67.83,42.21793459982767,Normal,False,2014,39.820360132913,YELLOW ALERT,91.202,107.99228227968982
2014-07-19,31.4,21.17,69.4,38.498110837264385,Normal,False,2014,39.974038625800205,YELLOW ALERT,88.52,101.2965995070759
2014-07-20,30.95,20.81,71.6,37.94888994842459,Normal,False,2014,39.554978461838864,YELLOW ALERT,87.71000000000001,100.30800190716427
2014-07-21,29.23,20.5,72.19,33.678604268161536,Normal,False,2014,36.70853501795016,YELLOW ALERT,84.614,92.62148768269076
2014-07-22,31.55,20.6,68.3,38.55099768865986,Normal,False,2014,36.726163968415314,YELLOW ALERT,88.78999999999999,101.39179583958774
2014-07-23,30.42,20.37,69.54,35.96098804774815,Normal,False,2014,36.06353000152317,YELLOW ALERT,86.756,96.72977848594668
2014-07-24,31.28,20.51,68.34,37.83874013177266,Normal,False,2014,37.45024195606021,YELLOW ALERT,88.304,100.1097322371908
2014-07-25,32.01,19.76,68.2,39.79111144896901,Normal,False,2014,37.8636132094966,YELLOW ALERT,89.618,103.62400060814421
2014-07-26,31.21,20.53,71.74,38.723684477440266,Normal,False,2014,38.784512019393965,YELLOW ALERT,88.178,101.70263205939247
2014-07-27,30.55,20.7,74.12,37.58582240357782,Normal,False,2014,38.70020610999569,YELLOW ALERT,86.99,99.65448032644008
2014-07-28,30.6,20.59,69.81,36.49184546726073,Normal,False,2014,37.600450782759594,YELLOW ALERT,87.08000000000001,97.68532184106931
2014-07-29,31.34,20.23,68.31,37.98898171724298,Normal,False,2014,37.355549862693834,YELLOW ALERT,88.412,100.38016709103735
2014-07-30,30.64,19.99,72.02,37.22282618228707,Normal,False,2014,37.23455112226358,YELLOW ALERT,87.152,99.00108712811672
2014-07-31,31.63,20.41,70.7,39.580323020439245,Normal,False,2014,38.26404363998975,YELLOW ALERT,88.934,103.24458143679064
2014-08-01,31.2,21.0,71.27,38.5438389742025,Normal,False,2014,38.44899605897626,YELLOW ALERT,88.16,101.3789101535645
2014-08-02,30.48,20.95,70.81,36.45620718734079,Normal,False,2014,38.19345639399416,YELLOW ALERT,86.864,97.62117293721342
2014-08-03,30.33,20.91,71.66,36.29512212339557,Normal,False,2014,37.09838942831294,YELLOW ALERT,86.594,97.33121982211203
2014-08-04,30.55,21.18,69.68,36.32795674939921,Normal,False,2014,36.359762020045174,YELLOW ALERT,86.99,97.39032214891859
2014-08-05,30.71,21.04,67.85,36.231555477877095,Normal,False,2014,36.28487811689061,YELLOW ALERT,87.27799999999999,97.21679986017878
2014-08-06,32.08,19.78,64.89,38.837174587879765,Normal,False,2014,37.132228938385346,YELLOW ALERT,89.744,101.90691425818358
2014-08-07,29.74,20.67,71.53,34.76477877624284,Normal,False,2014,36.61116961399989,YELLOW ALERT,85.532,94.57660179723712
2014-08-08,30.88,20.44,71.33,37.67398648704591,Normal,False,2014,37.091979950389494,YELLOW ALERT,87.584,99.81317567668263
2014-08-09,29.32,19.79,75.15,34.532116255148246,Normal,False,2014,35.65696050614565,YELLOW ALERT,84.776,94.15780925926684
2014-08-10,28.14,19.88,76.8,31.942993765327238,Normal,False,2014,34.71636550250711,YELLOW ALERT,82.652,89.49738877758902
2014-08-11,28.15,19.99,76.74,31.957121559836008,Normal,False,2014,32.81074386010381,YELLOW ALERT,82.67,89.52281880770481
2014-08-12,30.24,20.6,72.07,36.168844928511454,Normal,False,2014,33.35632008455822,YELLOW ALERT,86.43199999999999,97.10392087132062
2014-08-13,28.51,19.79,73.36,32.235794426938504,Normal,False,2014,33.4539203050953,YELLOW ALERT,83.31800000000001,90.02442996848932
2014-08-14,28.9,19.8,73.5,33.15874754896285,Normal,False,2014,33.854462301470925,YELLOW ALERT,84.02,91.68574558813313
2014-08-15,29.54,19.76,73.62,34.74842414327543,Normal,False,2014,33.38098870639225,YELLOW ALERT,85.172,94.54716345789578
2014-08-16,29.19,19.72,70.36,33.21780630908913,Normal,False,2014,33.70832600044246,YELLOW ALERT,84.542,91.79205135636043
2014-08-17,28.42,19.95,77.83,32.789240225441176,Normal,False,2014,33.5851568926019,YELLOW ALERT,83.156,91.02063240579412
2014-08-18,25.73,20.58,83.5,27.22977281060315,Normal,False,2014,31.078939781711142,NO ALERT,78.314,81.01359105908567
2014-08-19,28.68,20.08,78.52,33.57688389368396,Normal,False,2014,31.198632309909414,NO ALERT,83.624,92.43839100863113
2014-08-20,32.4,20.22,69.37,41.35850465278765,Normal,False,2014,34.05505378569158,YELLOW ALERT,90.32,106.44530837501777
2014-08-21,31.82,20.55,71.7,40.493941554573894,Normal,False,2014,38.47644336701516,YELLOW ALERT,89.276,104.889094798233
2014-08-22,33.12,20.93,69.41,43.59578230679394,Normal,False,2014,41.816076171385156,ORANGE ALERT,91.616,110.4724081522291
2014-08-23,32.02,21.21,72.76,41.502098678889105,Normal,False,2014,41.8639408467523,ORANGE ALERT,89.636,106.70377762200039
2014-08-24,29.57,20.69,74.59,35.05017843147324,Normal,False,2014,40.04935313905208,YELLOW ALERT,85.226,95.09032117665183
2014-08-25,25.82,20.85,82.44,27.387389558942218,Normal,False,2014,34.64655555643484,YELLOW ALERT,78.476,81.297301206096
2014-08-26,28.83,19.68,76.8,33.627128714738646,Normal,False,2014,32.02156556838469,YELLOW ALERT,83.89399999999999,92.52883168652957
2014-08-27,25.46,19.94,83.51,26.68604093520362,Normal,False,2014,29.233519736294813,NO ALERT,77.828,80.03487368336651
2014-08-28,28.25,19.99,77.51,32.318294065757044,Normal,False,2014,30.877154571899755,NO ALERT,82.85,90.17292931836268
2014-08-29,28.93,19.86,75.26,33.57328806057373,Normal,False,2014,30.859207687178117,NO ALERT,84.074,92.43191850903271
2014-08-30,31.11,19.6,69.11,37.6233421714956,Normal,False,2014,34.50497476594211,YELLOW ALERT,87.998,99.72201590869209
2014-08-31,30.07,19.48,68.18,34.76885586516473,Normal,False,2014,35.321828699078004,YELLOW ALERT,86.126,94.58394055729651
2014-09-01,29.91,19.35,70.77,35.00317764551191,Normal,False,2014,35.798458560724065,YELLOW ALERT,85.838,95.00571976192144
2014-09-02,28.82,19.21,74.0,33.06447219739211,Normal,False,2014,34.27883523602291,YELLOW ALERT,83.876,91.51604995530579
2014-09-03,29.79,19.36,74.26,35.546700772969096,Normal,False,2014,34.53811687195769,YELLOW ALERT,85.622,95.98406139134437
2014-09-04,29.88,19.69,74.79,35.91938300963526,Normal,False,2014,34.84351865999881,YELLOW ALERT,85.784,96.65488941734347
2014-09-05,29.01,19.39,73.24,33.368462751917846,Normal,False,2014,34.94484884484072,YELLOW ALERT,84.218,92.06323295345211
2014-09-06,26.89,18.6,77.53,29.28474254590721,Normal,False,2014,32.85752943582009,YELLOW ALERT,80.402,84.71253658263298
2014-09-07,29.3,19.66,72.09,33.82398804519911,Normal,False,2014,32.15906444767471,YELLOW ALERT,84.74,92.88317848135839
2014-09-08,32.23,18.19,69.58,40.932142200385734,Normal,False,2014,34.680290930497335,YELLOW ALERT,90.014,105.67785596069432
2014-09-09,30.54,18.92,70.92,36.64347490153469,Normal,False,2014,37.1332017157065,YELLOW ALERT,86.97200000000001,97.95825482276243
2014-09-10,31.65,19.13,68.82,38.99743407174074,Normal,False,2014,38.85768372455371,YELLOW ALERT,88.97,102.19538132913334
2014-09-11,32.81,19.22,66.18,41.32210679032997,Normal,False,2014,38.98767192120179,YELLOW ALERT,91.058,106.37979222259393
2014-09-12,29.78,19.55,71.39,34.830471978720894,Normal,False,2014,38.383337613597185,YELLOW ALERT,85.604,94.69484956169761
2014-09-13,28.59,19.85,75.8,32.84583660281657,Normal,False,2014,36.3328051239558,YELLOW ALERT,83.462,91.12250588506983
2014-09-14,30.09,19.85,77.91,37.347148073460666,Normal,False,2014,35.00781888499936,YELLOW ALERT,86.162,99.2248665322292
2014-09-15,28.81,19.94,80.63,34.347334576540625,Normal,False,2014,34.846773084272606,YELLOW ALERT,83.85799999999999,93.82520223777313
2014-09-16,29.5,19.92,75.86,35.16427877137394,Normal,False,2014,35.6195871404584,YELLOW ALERT,85.1,95.29570178847308
2014-09-17,28.36,18.88,80.0,33.017642562251474,Normal,False,2014,34.176418636722,YELLOW ALERT,83.048,91.43175661205265
2014-09-18,26.78,19.75,82.67,29.479188891431686,Normal,False,2014,32.553703408352355,YELLOW ALERT,80.20400000000001,85.06254000457703
2014-09-19,29.08,19.9,74.18,33.72491128452289,Normal,False,2014,32.073914246068675,YELLOW ALERT,84.344,92.7048403121412
2014-09-20,30.5,19.73,77.42,38.42994413537275,Normal,False,2014,33.87801477044243,YELLOW ALERT,86.9,101.17389944367095
2014-09-21,29.86,20.44,79.37,37.06823838388848,Normal,False,2014,36.407697934594694,YELLOW ALERT,85.748,98.72282909099926
2014-09-22,29.29,20.39,80.86,35.76522455634192,Normal,False,2014,37.08780235853437,YELLOW ALERT,84.72200000000001,96.37740420141546
2014-09-23,28.85,20.36,79.85,34.29581831288134,Normal,False,2014,35.7097604177039,YELLOW ALERT,83.93,93.73247296318641
2014-09-24,30.21,20.79,79.65,38.21324923135945,Normal,False,2014,36.091430700194216,YELLOW ALERT,86.378,100.783848616447
2014-09-25,28.29,20.78,85.61,33.840377792134426,Normal,False,2014,35.44981511212506,YELLOW ALERT,82.922,92.91268002584196
2014-09-26,28.79,20.79,82.41,34.662885033066544,Normal,False,2014,35.57217068552013,YELLOW ALERT,83.822,94.39319305951979
2014-09-27,29.69,20.06,79.32,36.551796368075024,Normal,False,2014,35.01835306442532,YELLOW ALERT,85.44200000000001,97.79323346253504
2014-09-28,28.47,19.82,81.53,33.58939411276935,Normal,False,2014,34.93469183797029,YELLOW ALERT,83.24600000000001,92.46090940298483
2014-09-29,30.59,19.59,77.96,38.873370318636795,Normal,False,2014,36.33818693316037,YELLOW ALERT,87.062,101.97206657354623
2014-09-30,30.39,19.89,77.44,38.104057185101496,Normal,False,2014,36.85560720550253,YELLOW ALERT,86.702,100.5873029331827
2014-10-01,30.71,19.19,70.69,37.02738797662461,Normal,False,2014,38.00160516012095,YELLOW ALERT,87.27799999999999,98.6492983579243
2014-10-02,31.29,17.52,68.51,37.91811821589738,Normal,False,2014,37.68318779254115,YELLOW ALERT,88.322,100.25261278861528
2014-10-03,31.42,19.0,70.89,39.04254273929748,Normal,False,2014,37.99601631060648,YELLOW ALERT,88.55600000000001,102.27657693073546
2014-10-04,31.03,18.9,71.06,38.00390100059417,Normal,False,2014,38.32152065192966,YELLOW ALERT,87.854,100.4070218010695
2014-10-05,32.05,18.44,72.0,41.304885919149406,Normal,False,2014,39.45044321968034,YELLOW ALERT,89.69,106.34879465446893
2014-10-06,30.89,20.63,74.15,38.57232540503904,Normal,False,2014,39.29370410826086,YELLOW ALERT,87.602,101.43018572907026
2014-10-07,27.39,20.34,82.59,30.934620836797464,Normal,False,2014,36.93727738699529,YELLOW ALERT,81.30199999999999,87.68231750623544
2014-10-08,25.22,19.72,86.93,26.189429192801178,Normal,False,2014,31.89879181154588,NO ALERT,77.396,79.14097254704213
2014-10-09,27.85,19.8,81.96,32.0149031869613,Normal,False,2014,29.712984405519965,NO ALERT,82.13,89.62682573653034
2014-10-10,29.87,19.86,77.62,36.62728612381721,Normal,False,2014,31.610539501193216,NO ALERT,85.76599999999999,97.92911502287097
2014-10-11,29.66,20.28,80.02,36.64572584276114,Normal,False,2014,35.09597171784653,YELLOW ALERT,85.388,97.96230651697005
2014-10-12,28.15,19.28,75.76,31.80554854584206,Normal,False,2014,35.02618683747345,YELLOW ALERT,82.67,89.24998738251571
2014-10-13,31.29,18.83,68.45,37.89945317468031,Normal,False,2014,35.45024252109449,YELLOW ALERT,88.322,100.21901571442456
2014-10-14,30.62,19.67,68.02,36.05447198839544,Normal,False,2014,35.25315790297259,YELLOW ALERT,87.116,96.8980495791118
2014-10-15,29.85,20.7,79.42,37.05196963456355,Normal,False,2014,37.00196493254642,YELLOW ALERT,85.73,98.69354534221438
2014-10-16,29.83,19.57,77.41,36.45752090463738,Normal,False,2014,36.521320842532106,YELLOW ALERT,85.69399999999999,97.62353762834728
2014-10-17,29.05,19.03,76.08,34.040868095432884,Normal,False,2014,35.85011954487792,YELLOW ALERT,84.28999999999999,93.2735625717792
2014-10-18,26.1,19.44,82.59,27.970622345691122,Normal,False,2014,32.82300378192045,YELLOW ALERT,78.98,82.34712022224402
2014-10-19,27.4,18.21,81.9,30.875972885697237,Normal,False,2014,30.96248777560707,NO ALERT,81.32,87.57675119425502
2014-10-20,26.34,17.48,79.65,28.31898971111024,Normal,False,2014,29.05519498083285,NO ALERT,79.412,82.97418147999844
2014-10-21,28.85,17.86,73.87,33.110947474264954,Normal,False,2014,30.768636690357464,NO ALERT,83.93,91.59970545367692
2014-10-22,29.19,18.1,78.05,34.83372077180439,Normal,False,2014,32.08788598572651,YELLOW ALERT,84.542,94.70069738924789
2014-10-23,27.82,18.28,84.19,32.270039085016634,Normal,False,2014,33.40490244369531,YELLOW ALERT,82.076,90.08607035302994
2014-10-24,27.01,19.0,84.78,30.22712108890008,Normal,False,2014,32.44362698190702,YELLOW ALERT,80.618,86.40881796002014
2014-10-25,27.29,19.37,85.61,31.040369415959916,Normal,False,2014,31.179176529958863,NO ALERT,81.122,87.87266494872785
2014-10-26,23.69,19.29,88.52,23.16878775473899,Normal,False,2014,28.14542608653298,NO ALERT,74.642,73.70381795853018
2014-10-27,22.56,18.67,91.34,20.937057598379525,Normal,False,2014,25.048738256359467,NO ALERT,72.608,69.68670367708314
2014-10-28,27.06,18.51,86.13,30.493280422364933,Normal,False,2014,24.866375258494468,NO ALERT,80.708,86.88790476025687
2014-10-29,26.99,18.27,84.72,30.171032789312637,Normal,False,2014,27.200456936685683,NO ALERT,80.582,86.30785902076275
2014-10-30,27.26,16.81,80.76,30.409701202662703,Normal,False,2014,30.358004804780077,NO ALERT,81.068,86.73746216479286
2014-10-31,25.04,14.94,80.08,25.93780363315498,Normal,False,2014,28.839512541710093,NO ALERT,77.072,78.68804653967896
2014-11-01,24.71,17.6,85.82,25.200852199445414,Normal,False,2014,27.182785678421016,NO ALERT,76.47800000000001,77.36153395900175
2014-11-02,25.56,17.56,82.82,26.87684632050407,Normal,False,2014,26.00516738436814,NO ALERT,78.008,80.37832337690733
2014-11-03,26.02,16.09,78.92,27.662173561397694,Normal,False,2014,26.579957360449043,NO ALERT,78.836,81.79191241051585
2014-11-04,27.44,16.86,71.38,29.767009078961646,Normal,False,2014,28.102009653621124,NO ALERT,81.392,85.58061634213097
2014-11-05,25.77,15.68,62.04,26.75115430566627,Normal,False,2014,28.060112315341854,NO ALERT,78.386,80.15207775019928
2014-11-06,27.55,16.4,60.43,28.847403721925147,Normal,False,2014,28.455189035517673,NO ALERT,81.59,83.92532669946527
2014-11-07,28.69,17.11,62.45,30.870689087569012,Normal,False,2014,28.82308237172013,NO ALERT,83.64200000000001,87.56724035762423
2014-11-08,28.37,16.82,64.62,30.62080647069815,Normal,False,2014,30.112966426730754,NO ALERT,83.066,87.11745164725667
2014-11-09,28.51,17.45,66.25,31.10880632072846,Normal,False,2014,30.866767292998528,NO ALERT,83.31800000000001,87.99585137731123
2014-11-10,29.86,16.31,77.22,36.492987292055155,Normal,False,2014,32.74086669449391,YELLOW ALERT,85.748,97.68737712569927
2014-11-11,30.14,18.17,77.14,37.27731277103781,Normal,False,2014,34.95970212794046,YELLOW ALERT,86.252,99.09916298786807
2014-11-12,26.51,18.47,84.49,28.988812642585167,Normal,False,2014,34.253037568559364,YELLOW ALERT,79.718,84.1798627566533
2014-11-13,22.31,18.82,92.28,20.384443868641043,Normal,False,2014,28.883523094087995,NO ALERT,72.158,68.69199896355387
2014-11-14,25.77,19.2,88.12,27.41986469427982,Normal,False,2014,25.597707068501993,NO ALERT,78.386,81.35575644970368
2014-11-15,27.86,17.1,82.76,32.16087876617392,Normal,False,2014,26.65506244303158,NO ALERT,82.148,89.88958177911306
2014-11-16,27.38,15.11,76.74,30.231651826376986,Normal,False,2014,29.937465095610225,NO ALERT,81.28399999999999,86.41697328747857
2014-11-17,27.19,14.55,78.49,30.009305417133312,Normal,False,2014,30.800612003228057,NO ALERT,80.94200000000001,86.01674975083996
2014-11-18,27.49,14.78,78.81,30.71540634928205,Normal,False,2014,30.3187878642641,NO ALERT,81.482,87.28773142870769
2014-11-19,28.01,16.33,78.21,31.850696408595795,Normal,False,2014,30.85846939167037,NO ALERT,82.418,89.33125353547243
2014-11-20,28.27,16.55,78.62,32.55111820627457,Normal,False,2014,31.705740321384123,NO ALERT,82.886,90.59201277129424
2014-11-21,27.09,15.79,75.64,29.519551694284203,Normal,False,2014,31.30712210305151,NO ALERT,80.762,85.13519304971156
2014-11-22,28.71,14.68,72.36,32.51246394197904,Normal,False,2014,31.52771128084592,NO ALERT,83.678,90.52243509556227
2014-11-23,27.71,14.75,72.09,30.365717478711304,Normal,False,2014,30.799244371658165,NO ALERT,81.878,86.65829146168035
2014-11-24,27.63,15.74,75.28,30.592545245534602,Normal,False,2014,31.15690888874163,NO ALERT,81.734,87.06658144196228
2014-11-25,26.94,15.54,76.31,29.28089567543483,Normal,False,2014,30.079719466560224,NO ALERT,80.492,84.7056122157827
2014-11-26,27.6,13.37,75.49,30.554547983277846,Normal,False,2014,30.14266296808241,NO ALERT,81.68,86.99818636990013
2014-11-27,28.62,13.65,71.05,32.08939187637347,Normal,False,2014,30.641611845028695,NO ALERT,83.51599999999999,89.76090537747224
2014-11-28,27.23,12.42,71.21,29.364700459266228,Normal,False,2014,30.669546772972495,NO ALERT,81.014,84.85646082667921
2014-11-29,24.41,13.57,74.84,25.165090630971456,Normal,False,2014,28.873060988870364,NO ALERT,75.938,77.29716313574862
2014-11-30,25.35,15.34,70.79,26.42065509030647,Normal,False,2014,26.98348206018137,NO ALERT,77.63,79.55717916255165
2014-12-01,28.66,14.17,73.67,32.63069016591867,Normal,False,2014,28.07214529573218,NO ALERT,83.588,90.73524229865362
2014-12-02,29.16,14.81,69.57,32.997010117204354,Normal,False,2014,30.68278512447648,NO ALERT,84.488,91.39461821096783
2014-12-03,28.48,13.48,64.7,30.82738113004884,Normal,False,2014,32.151693804390604,YELLOW ALERT,83.264,87.48928603408791
2014-12-04,29.18,13.96,63.12,31.861370691896767,Normal,False,2014,31.89525397971663,NO ALERT,84.524,89.35046724541418
2014-12-05,28.2,12.87,70.42,31.11879804567434,Normal,False,2014,31.269183289206627,NO ALERT,82.75999999999999,88.0138364822138
2014-12-06,27.93,13.93,71.18,30.68509340111642,Normal,False,2014,31.221754046229155,NO ALERT,82.274,87.23316812200956
2014-12-07,30.6,15.42,69.57,36.42567662856532,Normal,False,2014,32.74318935845201,YELLOW ALERT,87.08000000000001,97.56621793141758
2014-12-08,29.94,17.32,71.17,35.173957543599045,Normal,False,2014,34.09490919109358,YELLOW ALERT,85.89200000000001,95.31312357847828
2014-12-09,29.35,17.64,77.16,35.06482876503315,Normal,False,2014,35.55482097906582,YELLOW ALERT,84.83000000000001,95.11669177705967
2014-12-10,27.75,18.29,81.82,31.73841913021208,Normal,False,2014,33.99240181294807,YELLOW ALERT,81.95,89.12915443438175
2014-12-11,28.42,16.75,77.37,32.70918504100786,Normal,False,2014,33.170810978751014,YELLOW ALERT,83.156,90.87653307381416
2014-12-12,26.54,17.98,82.13,28.895335282381804,Normal,False,2014,31.114313151200566,NO ALERT,79.77199999999999,84.01160350828725
2014-12-13,25.66,16.3,82.54,27.069837437609458,Normal,False,2014,29.55811925366636,NO ALERT,78.188,80.72570738769703
2014-12-14,28.05,17.84,78.17,31.940574582343213,Normal,False,2014,29.301915767444807,NO ALERT,82.49000000000001,89.49303424821778
2014-12-15,29.56,17.36,71.68,34.35960975601314,Normal,False,2014,31.123340591988583,NO ALERT,85.208,93.84729756082365
2014-12-16,27.51,18.1,79.16,30.804058478934166,Normal,False,2014,32.36808093909682,YELLOW ALERT,81.518,87.4473052620815
2014-12-17,27.05,17.7,80.96,29.94497936273099,Normal,False,2014,31.702882532559414,NO ALERT,80.69,85.90096285291578
2014-12-18,27.39,17.48,81.49,30.802495495075327,Normal,False,2014,30.517177778913474,NO ALERT,81.30199999999999,87.44449189113558
2014-12-19,27.92,17.58,80.42,31.96275171658437,Normal,False,2014,30.90340885813021,NO ALERT,82.256,89.53295308985187
2014-12-20,25.0,15.99,76.97,25.917417166741153,Normal,False,2014,29.5608881261336,NO ALERT,77.0,78.65135090013408
2014-12-21,27.85,14.71,70.43,30.432742262858557,Normal,False,2014,29.437637048728007,NO ALERT,82.13,86.7789360731454
2014-12-22,27.87,13.57,73.14,30.82199465184455,Normal,False,2014,29.057384693814736,NO ALERT,82.166,87.47959037332018
2014-12-23,28.27,14.43,73.71,31.758267750074474,Normal,False,2014,31.004334888259176,NO ALERT,82.886,89.16488195013406
2014-12-24,27.98,15.4,73.98,31.167855976868402,Normal,False,2014,31.249372792929123,NO ALERT,82.364,88.10214075836312
2014-12-25,27.62,13.5,67.39,29.659289090561817,Normal,False,2014,30.861804272501548,NO ALERT,81.71600000000001,85.38672036301128
2014-12-26,25.9,11.8,72.09,27.21985692284703,Normal,False,2014,29.349000663425727,NO ALERT,78.62,80.99574246112465
2014-12-27,26.51,10.83,72.28,28.19761648387188,Normal,False,2014,28.35892083242689,NO ALERT,79.718,82.75570967096938
2014-12-28,24.2,15.27,82.87,24.472113005671435,Normal,False,2014,26.62986213746343,NO ALERT,75.56,76.04980341020858
2014-12-29,26.41,16.86,82.55,28.636117579962917,Normal,False,2014,27.101949023168725,NO ALERT,79.538,83.54501164393325
2014-12-30,28.0,14.83,79.72,32.05601976660844,Normal,False,2014,28.388083450747576,NO ALERT,82.4,89.7008355798952
2014-12-31,29.83,16.27,73.28,35.410106787117435,Normal,False,2014,32.03408137789625,YELLOW ALERT,85.69399999999999,95.73819221681138
2015-01-01,28.33,17.38,78.43,32.6686488246374,Normal,False,2015,33.37825845945441,YELLOW ALERT,82.994,90.80356788434732
2015-01-02,30.03,17.99,76.1,36.67578806539387,Normal,False,2015,34.91818122571622,YELLOW ALERT,86.054,98.01641851770896
2015-01-03,30.13,17.97,71.34,35.69478689111905,Normal,False,2015,35.01307459371675,YELLOW ALERT,86.23400000000001,96.2506164040143
2015-01-04,30.06,17.9,71.56,35.57240647291542,Normal,False,2015,35.980993809809426,YELLOW ALERT,86.10799999999999,96.03033165124775
2015-01-05,28.89,16.59,71.87,32.8292399803238,Normal,False,2015,34.698811114786075,YELLOW ALERT,84.002,91.09263196458284
2015-01-06,28.53,14.95,70.09,31.74197896236357,Normal,False,2015,33.38120847186757,YELLOW ALERT,83.354,89.13556213225442
2015-01-07,28.64,14.5,67.37,31.529927554814158,Normal,False,2015,32.03371549916716,YELLOW ALERT,83.55199999999999,88.75386959866549
2015-01-08,28.81,14.22,69.29,32.19293897431093,Normal,False,2015,31.821615163829534,NO ALERT,83.85799999999999,89.94729015375967
2015-01-09,28.03,14.09,66.86,30.31467377793048,Normal,False,2015,31.345846769018504,NO ALERT,82.45400000000001,86.56641280027486
2015-01-10,27.52,11.67,46.92,27.707655345555587,Normal,False,2015,30.07175603259898,NO ALERT,81.536,81.87377962200006
2015-01-11,27.14,9.53,58.85,28.17191753480944,Normal,False,2015,28.731415552765146,NO ALERT,80.852,82.709451562657
2015-01-12,26.98,9.94,63.26,28.29378812152804,Normal,False,2015,28.057787000631,NO ALERT,80.564,82.92881861875047
2015-01-13,27.81,9.87,60.0,29.17320300283656,Normal,False,2015,28.546302886391327,NO ALERT,82.05799999999999,84.5117654051058
2015-01-14,28.01,9.77,60.77,29.550883593766585,Normal,False,2015,29.00595823937704,NO ALERT,82.418,85.19159046877985
2015-01-15,28.41,12.5,61.79,30.306093529376767,Normal,False,2015,29.676726708659952,NO ALERT,83.138,86.55096835287819
2015-01-16,28.97,13.98,66.02,31.95556577880539,Normal,False,2015,30.60418096731623,NO ALERT,84.146,89.5200184018497
2015-01-17,29.21,14.09,60.94,31.547785499194916,Normal,False,2015,31.26981493579234,NO ALERT,84.578,88.78601389855085
2015-01-18,29.61,13.26,60.4,32.177723100392,Normal,False,2015,31.893691459464083,NO ALERT,85.298,89.9199015807056
2015-01-19,29.22,12.88,62.78,31.87762305431518,Normal,False,2015,31.86771055130068,NO ALERT,84.596,89.37972149776732
2015-01-20,29.51,13.77,64.63,32.78065985582399,Normal,False,2015,32.278668670177034,YELLOW ALERT,85.11800000000001,91.0051877404832
2015-01-21,28.29,14.35,62.74,30.23270052000474,Normal,False,2015,31.630327810047948,NO ALERT,82.922,86.41886093600854
2015-01-22,29.08,12.16,62.22,31.525866534796794,Normal,False,2015,31.513075636875154,NO ALERT,84.344,88.74655976263423
2015-01-23,29.36,15.35,65.36,32.61627651926435,Normal,False,2015,31.45828119135528,NO ALERT,84.848,90.70929773467584
2015-01-24,29.71,16.07,61.99,32.66566729059673,Normal,False,2015,32.269270114885934,YELLOW ALERT,85.478,90.79820112307411
2015-01-25,29.76,13.41,56.87,31.811631262783497,Normal,False,2015,32.36452502421484,YELLOW ALERT,85.56800000000001,89.26093627301029
2015-01-26,28.79,12.56,61.28,30.86997491912157,Normal,False,2015,31.782424490833915,NO ALERT,83.822,87.56595485441883
2015-01-27,29.51,14.73,63.82,32.62499496577,Normal,False,2015,31.768867049224998,NO ALERT,85.11800000000001,90.724990938386
2015-01-28,30.75,14.82,58.52,33.97778109635593,Normal,False,2015,32.490916993749146,YELLOW ALERT,87.35,93.16000597344069
2015-01-29,31.44,15.85,59.93,35.780735560257774,Normal,False,2015,34.12783720746122,YELLOW ALERT,88.59200000000001,96.40532400846399
2015-01-30,30.93,16.28,60.27,34.764176651293575,Normal,False,2015,34.84089776930241,YELLOW ALERT,87.674,94.57551797232843
2015-01-31,30.52,13.76,59.56,33.75382869463461,Normal,False,2015,34.76624696872864,YELLOW ALERT,86.936,92.7568916503423
2015-02-01,30.52,14.57,57.71,33.34994505847454,Normal,False,2015,33.95598346813422,YELLOW ALERT,86.936,92.02990110525417
2015-02-02,29.91,15.23,61.73,33.00516198763537,Normal,False,2015,33.36964524691482,YELLOW ALERT,85.838,91.40929157774366
2015-02-03,28.86,12.77,60.37,30.853435107558354,Normal,False,2015,32.40284738455606,YELLOW ALERT,83.94800000000001,87.53618319360504
2015-02-04,28.78,13.71,58.27,30.422381121424046,Normal,False,2015,31.42699273887257,NO ALERT,83.804,86.76028601856328
2015-02-05,30.45,10.99,53.66,32.4024792774934,Normal,False,2015,31.226098502158578,NO ALERT,86.81,90.32446269948812
2015-02-06,31.33,12.78,50.73,33.32883316732817,Normal,False,2015,32.05123118874852,YELLOW ALERT,88.39399999999999,91.9918997011907
2015-02-07,31.08,14.62,54.41,33.68380785423911,Normal,False,2015,33.138373433020206,YELLOW ALERT,87.94399999999999,92.6308541376304
2015-02-08,30.02,14.73,54.16,31.772322486964338,Normal,False,2015,32.92832116951052,YELLOW ALERT,86.036,89.1901804765358
2015-02-09,29.27,15.28,56.71,30.972312128223287,Normal,False,2015,32.14281415647556,YELLOW ALERT,84.686,87.75016183080191
2015-02-10,28.61,12.14,59.11,30.26995557256593,Normal,False,2015,31.004863395917834,NO ALERT,83.498,86.48592003061867
2015-02-11,31.19,15.02,57.48,34.617345040854424,Normal,False,2015,31.953204247214526,NO ALERT,88.14200000000001,94.31122107353796
2015-02-12,32.16,13.91,48.85,34.37978878611707,Normal,False,2015,33.08902979984578,YELLOW ALERT,89.88799999999999,93.88361981501072
2015-02-13,32.87,13.37,42.95,34.227928514816284,Normal,False,2015,34.40835411392924,YELLOW ALERT,91.166,93.61027132666932
2015-02-14,33.04,14.14,40.91,34.04563357731453,Normal,False,2015,34.217783626082614,YELLOW ALERT,91.47200000000001,93.28214043916617
2015-02-15,33.69,13.95,48.11,37.12843713595268,Normal,False,2015,35.13399974269448,YELLOW ALERT,92.642,98.83118684471484
2015-02-16,32.83,14.66,49.26,35.744882485318236,Normal,False,2015,35.63965106619513,YELLOW ALERT,91.094,96.34078847357281
2015-02-17,32.97,14.01,47.48,35.53252255528435,Normal,False,2015,36.135280725518406,YELLOW ALERT,91.346,95.95854059951184
2015-02-18,33.68,13.75,44.92,36.17249830715729,Normal,False,2015,35.81663444925327,YELLOW ALERT,92.624,97.11049695288312
2015-02-19,33.4,14.64,46.55,36.096815345244295,Normal,False,2015,35.93394540256196,YELLOW ALERT,92.11999999999999,96.97426762143974
2015-02-20,31.86,14.9,46.69,33.368724169388344,Normal,False,2015,35.21267927392996,YELLOW ALERT,89.348,92.06370350489902
2015-02-21,31.58,14.27,46.56,32.88172697834207,Normal,False,2015,34.11575549765822,YELLOW ALERT,88.844,91.18710856101572
2015-02-22,31.67,15.17,44.19,32.559123396319755,Normal,False,2015,32.93652484801671,YELLOW ALERT,89.006,90.60642211337556
2015-02-23,32.26,13.66,39.37,32.539012383641904,Normal,False,2015,32.659954252767896,YELLOW ALERT,90.068,90.57022229055544
2015-02-24,32.85,13.5,31.9,32.09032301166363,Normal,False,2015,32.396152930541746,YELLOW ALERT,91.13000000000001,89.76258142099452
2015-02-25,34.33,12.4,33.28,34.38323761987439,Normal,False,2015,33.00419100505996,YELLOW ALERT,93.794,93.88982771577392
2015-02-26,34.79,16.19,48.12,39.482746531020325,Normal,False,2015,35.3187690541861,YELLOW ALERT,94.622,103.06894375583659
2015-02-27,34.75,18.51,53.39,41.419903063891674,Normal,False,2015,38.428629071595445,YELLOW ALERT,94.55,106.55582551500501
2015-02-28,30.99,20.55,67.21,36.752675268687874,Normal,False,2015,39.218441621199936,YELLOW ALERT,87.782,98.15481548363817
2015-03-01,31.09,20.6,64.85,36.33073161351319,Normal,False,2015,38.16776998203089,YELLOW ALERT,87.962,97.39531690432374
2015-03-02,32.96,20.26,60.36,39.54491775213206,Normal,False,2015,37.54277487811101,YELLOW ALERT,91.328,103.1808519538377
2015-03-03,28.34,19.37,74.3,32.00768088461466,Normal,False,2015,35.961110083419946,YELLOW ALERT,83.012,89.61382559230638
2015-03-04,30.6,18.57,70.72,36.745268393628436,Normal,False,2015,36.09928901012503,YELLOW ALERT,87.08000000000001,98.14148310853119
2015-03-05,32.9,18.8,61.97,39.973526238009526,Normal,False,2015,36.242158505417514,YELLOW ALERT,91.22,103.95234722841715
2015-03-06,31.15,19.76,66.47,36.94088286488207,Normal,False,2015,37.88655916550666,YELLOW ALERT,88.07,98.49358915678773
2015-03-07,30.68,19.17,66.31,35.744914831617194,Normal,False,2015,37.55310797816958,YELLOW ALERT,87.224,96.34084669691096
2015-03-08,31.64,18.33,61.81,36.76857055246159,Normal,False,2015,36.48478941632026,YELLOW ALERT,88.952,98.18342699443086
2015-03-09,32.45,18.22,61.2,38.5449842831302,Normal,False,2015,37.01948988906964,YELLOW ALERT,90.41,101.38097170963435
2015-03-10,32.36,16.87,54.6,36.28501371892418,Normal,False,2015,37.1995228515053,YELLOW ALERT,90.248,97.31302469406353
2015-03-11,32.29,14.42,50.18,34.949273059654494,Normal,False,2015,36.59309035390294,YELLOW ALERT,90.122,94.9086915073781
2015-03-12,33.21,16.13,60.69,40.31643550044292,Normal,False,2015,37.183574093007174,YELLOW ALERT,91.77799999999999,104.56958390079726
2015-03-13,33.43,16.83,55.8,39.087142562539825,Normal,False,2015,38.11761704087906,YELLOW ALERT,92.174,102.35685661257169
2015-03-14,33.93,16.32,50.78,38.50253897425915,Normal,False,2015,39.30203901241395,YELLOW ALERT,93.074,101.30457015366648
2015-03-15,34.84,18.49,54.91,42.286058050762975,Normal,False,2015,39.95857986252063,YELLOW ALERT,94.71200000000002,108.11490449137335
2015-03-16,32.64,18.19,48.57,35.19700831317127,Normal,False,2015,38.66186844606444,YELLOW ALERT,90.752,95.35461496370829
2015-03-17,35.32,16.09,44.07,39.179449724247014,Normal,False,2015,38.88750536272706,YELLOW ALERT,95.576,102.52300950364463
2015-03-18,36.32,16.46,33.31,37.58123651893199,Normal,False,2015,37.319231518783404,YELLOW ALERT,97.376,99.64622573407757
2015-03-19,36.43,18.02,35.26,38.376998301674924,Normal,False,2015,38.379228181617954,YELLOW ALERT,97.574,101.07859694301486
2015-03-20,35.59,16.21,39.55,38.19007581099522,Normal,False,2015,38.04943687720069,YELLOW ALERT,96.06200000000001,100.7421364597914
2015-03-21,35.79,16.52,34.49,37.0146044610176,Normal,False,2015,37.860559524562554,YELLOW ALERT,96.422,98.62628802983167
2015-03-22,36.61,17.47,34.61,38.494895145146074,Normal,False,2015,37.89985847238628,YELLOW ALERT,97.898,101.29081126126293
2015-03-23,36.62,19.29,36.87,39.270860472710346,Normal,False,2015,38.260120026291325,YELLOW ALERT,97.916,102.68754885087863
2015-03-24,36.77,20.07,40.75,41.0195603729873,Normal,False,2015,39.59510533028122,YELLOW ALERT,98.186,105.83520867137715
2015-03-25,35.98,20.34,44.4,40.73198348463405,Normal,False,2015,40.34080144344388,YELLOW ALERT,96.764,105.31757027234129
2015-03-26,35.37,19.02,46.69,40.251197757523784,Normal,False,2015,40.66758053838169,YELLOW ALERT,95.666,104.45215596354281
2015-03-27,34.9,18.37,41.45,37.46926221180688,Normal,False,2015,39.484147817988216,YELLOW ALERT,94.82,99.44467198125238
2015-03-28,35.41,15.79,41.28,38.40669289534024,Normal,False,2015,38.70905095489028,YELLOW ALERT,95.73799999999999,101.13204721161244
2015-03-29,35.77,19.12,48.73,42.0089334488748,Normal,False,2015,39.29496285200729,YELLOW ALERT,96.386,107.61608020797465
2015-03-30,35.71,19.23,47.98,41.550873450294716,Normal,False,2015,40.655499931503236,YELLOW ALERT,96.27799999999999,106.79157221053049
2015-03-31,35.53,20.73,50.58,42.20399612686437,Normal,False,2015,41.9212676753446,ORANGE ALERT,95.954,107.96719302835587
2015-04-01,35.02,20.93,51.11,41.16458004046122,Normal,False,2015,41.63981653920674,ORANGE ALERT,95.036,106.09624407283019
2015-04-02,37.1,21.01,45.28,43.729972224571,Normal,False,2015,42.36618279729884,ORANGE ALERT,98.78,110.7139500042278
2015-04-03,36.38,23.58,37.5,39.02608171336922,Normal,False,2015,41.30687799280046,ORANGE ALERT,97.48400000000001,102.2469470840646
2015-04-04,37.28,21.9,40.64,42.08668819112015,Normal,False,2015,41.61424737635343,ORANGE ALERT,99.104,107.75603874401628
2015-04-05,36.35,23.38,41.64,40.46778645007161,Normal,False,2015,40.52685211818697,YELLOW ALERT,97.43,104.8420156101289
2015-04-06,37.19,23.02,44.93,43.7875369565409,Normal,False,2015,42.11400386591086,ORANGE ALERT,98.942,110.81756652177361
2015-04-07,34.71,23.06,48.61,39.481650860845555,Normal,False,2015,41.24565808915266,ORANGE ALERT,94.478,103.066971549522
2015-04-08,36.53,22.46,51.14,45.069854904521975,Normal,False,2015,42.77968090730278,ORANGE ALERT,97.75399999999999,113.12573882813955
2015-04-09,37.38,22.27,49.61,46.61835143835147,Normal,False,2015,43.72328573457298,ORANGE ALERT,99.284,115.91303258903264
2015-04-10,36.62,21.64,48.56,44.06128539833967,Normal,False,2015,45.24983058040436,ORANGE ALERT,97.916,111.31031371701141
2015-04-11,31.4,22.75,53.98,34.18861436749053,Normal,False,2015,41.622750401393866,ORANGE ALERT,88.52,93.53950586148295
2015-04-12,30.47,21.97,62.08,34.22429241008862,Normal,False,2015,37.49139739197292,YELLOW ALERT,86.846,93.60372633815952
2015-04-13,23.7,17.46,77.4,24.16904515097572,Normal,False,2015,30.860650642851606,NO ALERT,74.66,75.5042812717563
2015-04-14,29.4,17.13,74.43,34.57640199102056,Normal,False,2015,30.98991318402828,NO ALERT,84.91999999999999,94.23752358383702
2015-04-15,23.98,19.51,83.3,24.101953269092306,Normal,False,2015,27.61580013702951,NO ALERT,75.164,75.38351588436615
2015-04-16,32.07,18.86,68.79,40.173179612815716,Normal,False,2015,32.950511624309506,YELLOW ALERT,89.726,104.31172330306829
2015-04-17,31.48,19.42,67.99,38.26196839400324,Normal,False,2015,34.17903375863707,YELLOW ALERT,88.664,100.87154310920583
2015-04-18,33.58,18.99,62.42,42.00905626070649,Normal,False,2015,40.148068089175126,YELLOW ALERT,92.44399999999999,107.61630126927167
2015-04-19,34.97,20.42,59.18,44.569246078606085,Normal,False,2015,41.61342357777192,ORANGE ALERT,94.946,112.22464294149094
2015-04-20,35.5,20.09,59.95,46.54179700006691,Normal,False,2015,44.373366446459805,ORANGE ALERT,95.9,115.77523460012043
2015-04-21,34.79,20.3,59.72,44.29775307150606,Normal,False,2015,45.136265383393,ORANGE ALERT,94.622,111.7359555287109
2015-04-22,35.76,20.55,60.04,47.39929892881121,Normal,False,2015,46.07961633346137,ORANGE ALERT,96.368,117.31873807186018
2015-04-23,31.73,22.04,63.51,37.497528140698755,Normal,False,2015,43.06486004700532,ORANGE ALERT,89.114,99.49555065325777
2015-04-24,32.56,20.92,67.89,41.26012304557647,Normal,False,2015,42.052316705028794,ORANGE ALERT,90.608,106.26822148203765
2015-04-25,31.46,21.61,69.28,38.62427264498753,Normal,False,2015,39.127307943754225,YELLOW ALERT,88.628,101.52369076097754
2015-04-26,31.57,20.14,65.93,37.84616035061965,Normal,False,2015,39.24351868039452,YELLOW ALERT,88.826,100.12308863111537
2015-04-27,34.15,20.39,62.11,43.517062024504554,Normal,False,2015,39.99583167337055,YELLOW ALERT,93.47,110.3307116441082
2015-04-28,35.65,19.74,58.13,46.06548598313408,Normal,False,2015,42.47623611941941,ORANGE ALERT,96.16999999999999,114.91787476964134
2015-04-29,36.01,20.81,55.11,45.59526693155274,Normal,False,2015,45.0592716463971,ORANGE ALERT,96.818,114.07148047679495
2015-04-30,34.71,20.94,61.27,44.791586395246426,Normal,False,2015,45.48411310331107,ORANGE ALERT,94.478,112.62485551144357
2015-05-01,36.12,21.17,55.75,46.24016449870646,Normal,False,2015,45.54233927516852,ORANGE ALERT,97.01599999999999,115.23229609767164
2015-05-02,34.05,22.28,59.42,42.071466548822336,Normal,False,2015,44.36773914759172,ORANGE ALERT,93.28999999999999,107.72863978788021
2015-05-03,33.55,21.69,60.68,41.22175719199682,Normal,False,2015,43.17779607984185,ORANGE ALERT,92.39,106.19916294559428
2015-05-04,34.75,22.44,60.89,44.7307259640876,Normal,False,2015,42.67464990163557,ORANGE ALERT,94.55,112.51530673535767
2015-05-05,34.11,20.7,60.66,42.765231012706835,Normal,False,2015,42.905904722930394,ORANGE ALERT,93.398,108.9774158228723
2015-05-06,33.65,21.12,62.07,42.061954016914065,Normal,False,2015,43.18597033123615,ORANGE ALERT,92.57,107.71151723044531
2015-05-07,31.73,21.79,68.61,39.14878421976635,Normal,False,2015,41.325323083129064,ORANGE ALERT,89.114,102.46781159557943
2015-05-08,32.4,21.58,62.57,38.88197353818061,Normal,False,2015,40.030903924953655,YELLOW ALERT,90.32,101.98755236872509
2015-05-09,33.86,21.62,55.63,40.07360565047031,Normal,False,2015,39.368121136139074,YELLOW ALERT,92.94800000000001,104.13249017084657
2015-05-10,32.26,22.57,60.56,37.86731286552434,Normal,False,2015,38.9409640180584,YELLOW ALERT,90.068,100.16116315794382
2015-05-11,33.48,21.77,52.13,37.95553791561645,Normal,False,2015,38.63215214387034,YELLOW ALERT,92.264,100.31996824810962
2015-05-12,34.72,20.31,51.3,40.51475452063174,Normal,False,2015,38.77920176725749,YELLOW ALERT,94.49600000000001,104.92655813713714
2015-05-13,31.38,21.4,63.25,36.57076973422963,Normal,False,2015,38.34702072349259,YELLOW ALERT,88.48400000000001,97.82738552161332
2015-05-14,31.96,20.61,60.61,37.1652161626588,Normal,False,2015,38.08358013917337,YELLOW ALERT,89.52799999999999,98.89738909278584
2015-05-15,29.41,20.26,75.92,34.939861074084675,Normal,False,2015,36.22528232365768,YELLOW ALERT,84.938,94.89174993335241
2015-05-16,31.07,21.48,73.17,38.78349483117574,Normal,False,2015,36.96285735597305,YELLOW ALERT,87.926,101.81029069611633
2015-05-17,31.07,21.08,73.72,38.96177478190301,Normal,False,2015,37.561710229054455,YELLOW ALERT,87.926,102.13119460742541
2015-05-18,31.22,21.79,72.44,38.980765037365785,Normal,False,2015,38.90867821681482,YELLOW ALERT,88.196,102.1653770672584
2015-05-19,34.36,21.84,69.36,47.697360767703515,Normal,False,2015,41.87996686232408,ORANGE ALERT,93.848,117.85524938186633
2015-05-20,35.07,21.73,63.92,47.24266362510674,Normal,False,2015,44.640263143392,ORANGE ALERT,95.126,117.03679452519214
2015-05-21,33.94,21.99,64.3,43.87351985594748,Normal,False,2015,46.27118141625257,ORANGE ALERT,93.092,110.97233574070546
2015-05-22,28.53,22.81,73.74,32.34528638739167,Normal,False,2015,41.15382328948194,ORANGE ALERT,83.354,90.22151549730499
2015-05-23,29.98,21.63,69.57,34.8862890839747,Normal,False,2015,37.035031775771266,YELLOW ALERT,85.964,94.79532035115446
2015-05-24,34.1,21.16,63.55,44.017373363196235,Normal,False,2015,37.08298294485419,YELLOW ALERT,93.38000000000001,111.23127205375322
2015-05-25,34.8,22.2,61.29,45.07225646115915,Normal,False,2015,41.325306302776674,ORANGE ALERT,94.64,113.13006163008647
2015-05-26,35.32,20.79,60.34,46.18720265420242,Normal,False,2015,45.09227749285258,ORANGE ALERT,95.576,115.13696477756436
2015-05-27,32.73,22.47,71.3,43.16161545228631,Normal,False,2015,44.80702485588261,ORANGE ALERT,90.914,109.69090781411536
2015-05-28,30.16,22.26,71.73,35.87187977357382,Normal,False,2015,41.740232626687494,ORANGE ALERT,86.288,96.56938359243289
2015-05-29,33.19,21.89,68.75,43.52985904558968,Normal,False,2015,40.854451423816585,YELLOW ALERT,91.74199999999999,110.35374628206142
2015-05-30,31.44,21.35,74.91,40.48802899225288,Normal,False,2015,39.963255937138776,YELLOW ALERT,88.59200000000001,104.87845218605518
2015-05-31,32.99,21.98,69.55,43.244882065923235,Normal,False,2015,42.420923367921915,ORANGE ALERT,91.382,109.84078771866183
2015-06-01,31.91,21.8,70.07,40.17122372241672,Normal,False,2015,41.30137826019759,ORANGE ALERT,89.438,104.3082027003501
2015-06-02,30.22,21.22,75.49,37.04484481579433,Normal,False,2015,40.15365020137807,YELLOW ALERT,86.396,98.68072066842979
2015-06-03,31.47,21.88,69.24,38.638776741719276,Normal,False,2015,38.61828175997675,YELLOW ALERT,88.646,101.54979813509469
2015-06-04,32.26,21.25,71.3,41.68267960876124,Normal,False,2015,39.12210038875826,YELLOW ALERT,90.068,107.02882329577024
2015-06-05,30.29,21.36,73.6,36.71564586201485,Normal,False,2015,39.012367404165104,YELLOW ALERT,86.522,98.08816255162674
2015-06-06,27.95,22.52,75.27,31.283843053050873,Normal,False,2015,36.560722841275634,YELLOW ALERT,82.31,88.31091749549157
2015-06-07,33.97,21.52,63.89,43.7795757780516,Normal,False,2015,37.259688231039085,YELLOW ALERT,93.146,110.80323640049288
2015-06-08,32.07,20.7,67.2,39.60616691562728,Normal,False,2015,38.223195248909896,YELLOW ALERT,89.726,103.2911004481291
2015-06-09,29.33,21.23,79.35,35.52086380492905,Normal,False,2015,39.635535499535955,YELLOW ALERT,84.794,95.93755484887228
2015-06-10,30.63,20.52,72.66,37.381504980922905,Normal,False,2015,37.50284523382639,YELLOW ALERT,87.134,99.28670896566123
2015-06-11,32.15,20.74,70.96,41.21487626672965,Normal,False,2015,38.039081684193846,YELLOW ALERT,89.86999999999999,106.18677728011336
2015-06-12,27.15,21.97,78.75,29.948477384262187,Normal,False,2015,36.18161954397156,YELLOW ALERT,80.87,85.90725929167193
2015-06-13,29.82,20.6,74.93,35.793388404099176,Normal,False,2015,35.652247351696985,YELLOW ALERT,85.676,96.42809912737852
2015-06-14,28.34,20.13,73.59,31.89407964656178,Normal,False,2015,32.54531514497436,YELLOW ALERT,83.012,89.4093433638112
2015-06-15,30.04,19.3,67.2,34.46897724857391,Normal,False,2015,34.052148433078266,YELLOW ALERT,86.072,94.04415904743303
2015-06-16,29.42,19.43,69.36,33.534554820413035,Normal,False,2015,33.299203905182885,YELLOW ALERT,84.956,92.36219867674346
2015-06-17,28.33,19.39,70.78,31.43630845752543,Normal,False,2015,33.14661350883744,YELLOW ALERT,82.994,88.58535522354578
2015-06-18,27.12,19.95,72.47,29.28253921870468,Normal,False,2015,31.417800832214365,NO ALERT,80.816,84.70857059366843
2015-06-19,27.19,19.69,78.81,30.04238717978266,Normal,False,2015,30.25374495200424,NO ALERT,80.94200000000001,86.0762969236088
2015-06-20,30.65,20.52,69.07,36.41553823530813,Normal,False,2015,31.913488211265136,NO ALERT,87.16999999999999,97.54796882355463
2015-06-21,29.23,21.14,70.45,33.32608721299136,Normal,False,2015,33.26133754269403,YELLOW ALERT,84.614,91.98695698338445
2015-06-22,27.94,21.85,73.65,31.037015409293044,Normal,False,2015,33.592880285864155,YELLOW ALERT,82.292,87.86662773672748
2015-06-23,29.75,21.3,75.63,35.77982433801354,Normal,False,2015,33.38097565343263,YELLOW ALERT,85.55,96.40368380842438
2015-06-24,29.93,20.85,75.06,36.12410363594852,Normal,False,2015,34.31364779441835,YELLOW ALERT,85.874,97.02338654470734
2015-06-25,30.45,20.91,72.33,36.79708058743579,Normal,False,2015,36.23366952046593,YELLOW ALERT,86.81,98.23474505738442
2015-06-26,30.73,21.24,69.49,36.73794650654483,Normal,False,2015,36.55304357664303,YELLOW ALERT,87.314,98.1283037117807
2015-06-27,31.22,21.51,68.0,37.576234927682,Normal,False,2015,37.03708734055419,YELLOW ALERT,88.196,99.6372228698276
2015-06-28,31.19,20.93,73.14,39.12392004933385,Normal,False,2015,37.81270049452021,YELLOW ALERT,88.14200000000001,102.42305608880092
2015-06-29,32.08,20.74,70.36,40.778498976291104,Normal,False,2015,39.159551317768965,YELLOW ALERT,89.744,105.40129815732398
2015-06-30,31.45,21.28,67.93,38.162580803153226,Normal,False,2015,39.35499994292604,YELLOW ALERT,88.61,100.69264544567581
2015-07-01,32.75,20.12,66.51,41.27764982321417,Normal,False,2015,40.072909867552816,YELLOW ALERT,90.95,106.2997696817855
2015-07-02,32.47,20.37,66.07,40.31368182321992,Normal,False,2015,39.917970816529085,YELLOW ALERT,90.446,104.56462728179586
2015-07-03,30.69,20.81,69.9,36.74991018555292,Normal,False,2015,39.44708061066232,YELLOW ALERT,87.242,98.14983833399525
2015-07-04,32.23,21.06,67.22,40.06040082885637,Normal,False,2015,39.04133094587639,YELLOW ALERT,90.014,104.10872149194147
2015-07-05,32.81,20.97,64.92,40.83439667516997,Normal,False,2015,39.21490256319307,YELLOW ALERT,91.058,105.50191401530594
2015-07-06,31.96,20.54,64.4,38.36143387350894,Normal,False,2015,39.75207712584508,YELLOW ALERT,89.52799999999999,101.0505809723161
2015-07-07,33.31,19.71,62.2,41.167514894409905,Normal,False,2015,40.12111514769625,YELLOW ALERT,91.958,106.10152680993784
2015-07-08,32.37,20.33,66.89,40.33481393578464,Normal,False,2015,39.95458756790114,YELLOW ALERT,90.26599999999999,104.60266508441234
2015-07-09,31.47,21.05,70.49,39.051311234861345,Normal,False,2015,40.18454668835194,YELLOW ALERT,88.646,102.29236022275043
2015-07-10,30.03,21.39,73.26,35.92763256660726,Normal,False,2015,38.43791924575106,YELLOW ALERT,86.054,96.66973861989307
2015-07-11,29.91,20.91,72.31,35.377261371118095,Normal,False,2015,36.785401724195545,YELLOW ALERT,85.838,95.67907046801257
2015-07-12,32.49,20.5,67.12,40.76243662722789,Normal,False,2015,37.35577685498439,YELLOW ALERT,90.482,105.3723859290102
2015-07-13,31.6,20.47,68.13,38.631281976373465,Normal,False,2015,38.25699332490647,YELLOW ALERT,88.88000000000001,101.53630755747224
2015-07-14,30.45,20.95,72.06,36.721881232052965,Normal,False,2015,38.70519994521809,YELLOW ALERT,86.81,98.09938621769534
2015-07-15,29.12,21.51,75.3,34.05557174718724,Normal,False,2015,36.46957831853786,YELLOW ALERT,84.416,93.30002914493703
2015-07-16,30.72,20.96,71.43,37.26833142108607,Normal,False,2015,36.01526146677541,YELLOW ALERT,87.296,99.08299655795493
2015-07-17,32.33,20.12,71.62,42.02607875248964,Normal,False,2015,37.78332730692096,YELLOW ALERT,90.19399999999999,107.64694175448135
2015-07-18,30.91,21.29,69.78,37.29299371104693,Normal,False,2015,38.86246796154086,YELLOW ALERT,87.638,99.12738867988449
2015-07-19,29.51,20.79,74.01,34.761477045628816,Normal,False,2015,38.02684983638844,YELLOW ALERT,85.11800000000001,94.57065868213186
2015-07-20,31.11,20.07,70.48,38.04422007057152,Normal,False,2015,36.699563609082404,YELLOW ALERT,87.998,100.47959612702873
2015-07-21,30.92,20.87,73.74,38.53009207232331,Normal,False,2015,37.111929729507864,YELLOW ALERT,87.656,101.35416573018196
2015-07-22,29.68,20.47,73.57,35.09360059042889,Normal,False,2015,37.222637577774556,YELLOW ALERT,85.424,95.168481062772
2015-07-23,32.04,20.85,70.12,40.571018942936476,Normal,False,2015,38.06490386856287,YELLOW ALERT,89.672,105.02783409728565
2015-07-24,31.99,19.87,67.67,39.54857081627102,Normal,False,2015,38.404396783212114,YELLOW ALERT,89.582,103.18742746928783
2015-07-25,30.29,20.0,69.62,35.65688978316872,Normal,False,2015,38.592159847458724,YELLOW ALERT,86.522,96.1824016097037
2015-07-26,29.66,19.56,71.48,34.55744064556251,Normal,False,2015,36.58763374833406,YELLOW ALERT,85.388,94.20339316201252
2015-07-27,32.59,18.8,66.09,40.658828648958256,Normal,False,2015,36.95771969256314,YELLOW ALERT,90.662,105.18589156812486
2015-07-28,33.37,19.41,59.61,40.3285541380055,Normal,False,2015,38.5149411441754,YELLOW ALERT,92.066,104.59139744840991
2015-07-29,33.55,19.61,60.27,41.05961514689015,Normal,False,2015,40.68233264461795,YELLOW ALERT,92.39,105.90730726440228
2015-07-30,33.34,19.53,62.07,41.1987676568299,Normal,False,2015,40.8623123139085,YELLOW ALERT,92.01200000000001,106.15778178229382
2015-07-31,30.85,19.96,69.16,36.95488305392289,Normal,False,2015,39.73775528588096,YELLOW ALERT,87.53,98.5187894970612
2015-08-01,29.29,19.97,72.83,33.95560853318516,Normal,False,2015,37.36975308131263,YELLOW ALERT,84.72200000000001,93.1200953597333
2015-08-02,29.43,19.56,70.44,33.78267065140207,Normal,False,2015,34.89772074617002,YELLOW ALERT,84.974,92.80880717252373
2015-08-03,29.63,20.53,73.9,35.04315843028438,Normal,False,2015,34.260479204957186,YELLOW ALERT,85.334,95.07768517451188
2015-08-04,31.25,20.06,71.96,38.90978076716458,Normal,False,2015,35.91186994961699,YELLOW ALERT,88.25,102.03760538089624
2015-08-05,29.71,20.35,73.25,35.09437767095386,Normal,False,2015,36.34910562280092,YELLOW ALERT,85.478,95.16987980771695
2015-08-06,31.8,19.84,66.4,38.59983351717475,Normal,False,2015,37.534663985097716,YELLOW ALERT,89.24,101.47970033091455
2015-08-07,32.17,20.43,68.57,40.38108902012943,Normal,False,2015,38.02510006941933,YELLOW ALERT,89.906,104.68596023623297
2015-08-08,30.45,20.67,71.43,36.54774522514794,Normal,False,2015,38.509555920817355,YELLOW ALERT,86.81,97.7859414052663
2015-08-09,31.77,20.45,71.84,40.394670390445086,Normal,False,2015,39.10783487857413,YELLOW ALERT,89.186,104.71040670280115
2015-08-10,30.31,20.99,75.41,37.27776044861158,Normal,False,2015,38.07339202140152,YELLOW ALERT,86.55799999999999,99.09996880750084
2015-08-11,30.03,21.15,71.45,35.46874638232056,Normal,False,2015,37.713725740459054,YELLOW ALERT,86.054,95.84374348817701
2015-08-12,31.15,20.21,69.27,37.77890455314538,Normal,False,2015,36.84180379469249,YELLOW ALERT,88.07,100.00202819566168
2015-08-13,30.61,20.51,70.26,36.64268928765229,Normal,False,2015,36.630113407706055,YELLOW ALERT,87.098,97.95684071777411
2015-08-14,33.03,20.07,66.5,42.09307566461381,Normal,False,2015,38.83822316847047,YELLOW ALERT,91.454,107.76753619630486
2015-08-15,31.19,20.57,70.05,38.129134885390016,Normal,False,2015,38.95496661255202,YELLOW ALERT,88.14200000000001,100.63244279370204
2015-08-16,29.94,20.79,76.53,36.53713126800173,Normal,False,2015,38.91978060600183,YELLOW ALERT,85.89200000000001,97.7668362824031
2015-08-17,28.23,21.36,80.58,32.77974150348282,Normal,False,2015,35.81533588562484,YELLOW ALERT,82.814,91.00353470626906
2015-08-18,32.94,21.02,69.71,43.15550926889425,Normal,False,2015,37.49079401345958,YELLOW ALERT,91.292,109.67991668400965
2015-08-19,31.46,21.72,71.83,39.47427749773011,Normal,False,2015,38.46984275670237,YELLOW ALERT,88.628,103.05369949591419
2015-08-20,29.85,21.21,76.25,36.211847765278925,Normal,False,2015,39.613878177301075,YELLOW ALERT,85.73,97.18132597750207
2015-08-21,29.74,20.94,77.54,36.235713181798616,Normal,False,2015,37.30727948160253,YELLOW ALERT,85.532,97.2242837272375
2015-08-22,29.71,20.17,73.26,35.09675626732859,Normal,False,2015,35.84810573813536,YELLOW ALERT,85.478,95.17416128119146
2015-08-23,30.19,19.34,69.08,35.27456843032215,Normal,False,2015,35.53567929314977,YELLOW ALERT,86.34200000000001,95.49422317457986
2015-08-24,28.04,19.23,73.33,31.204230802532,Normal,False,2015,33.858518500060896,YELLOW ALERT,82.472,88.1676154445576
2015-08-25,28.31,19.7,74.21,31.925810349852284,Normal,False,2015,32.80153652756879,YELLOW ALERT,82.958,89.4664586297341
2015-08-26,31.72,19.9,70.86,39.89746640987359,Normal,False,2015,34.34250252075261,YELLOW ALERT,89.096,103.81543953777245
2015-08-27,30.1,20.48,74.2,36.36085884269483,Normal,False,2015,36.06137853414022,YELLOW ALERT,86.18,97.4495459168507
2015-08-28,31.66,20.0,69.48,39.24814923347147,Normal,False,2015,38.50215816201328,YELLOW ALERT,88.988,102.64666862024865
2015-08-29,33.17,19.89,66.08,42.335195680977236,Normal,False,2015,39.3147345857145,YELLOW ALERT,91.706,108.20335222575902
2015-08-30,30.98,20.35,69.17,37.297576313267264,Normal,False,2015,39.62697374257198,YELLOW ALERT,87.764,99.13563736388107
2015-08-31,33.35,19.86,67.09,43.30668592224021,Normal,False,2015,40.979819305494885,YELLOW ALERT,92.03,109.95203466003238
2015-09-01,32.64,20.76,65.83,40.701980814824864,Normal,False,2015,40.43541435011076,YELLOW ALERT,90.752,105.26356546668475
2015-09-02,33.94,19.55,62.53,43.08860755391024,Normal,False,2015,42.365758096991755,ORANGE ALERT,93.092,109.55949359703843
2015-09-03,30.56,20.78,70.48,36.573658411191495,Normal,False,2015,40.121415593308846,YELLOW ALERT,87.008,97.83258514014469
2015-09-04,30.31,21.04,74.15,36.92288765680183,Normal,False,2015,38.86171787396784,YELLOW ALERT,86.55799999999999,98.46119778224329
2015-09-05,31.9,20.21,70.08,40.14564746834329,Normal,False,2015,37.88073117877885,YELLOW ALERT,89.41999999999999,104.26216544301792
2015-09-06,27.82,20.89,75.27,30.999196581568924,Normal,False,2015,36.02257723557133,YELLOW ALERT,82.076,87.79855384682406
2015-09-07,26.0,19.85,82.99,27.7760434906033,Normal,False,2015,32.97362918017182,YELLOW ALERT,78.8,81.99687828308593
2015-09-08,29.65,19.91,76.52,35.728207233692046,Normal,False,2015,31.50114910195474,NO ALERT,85.36999999999999,96.31077302064568
2015-09-09,29.48,18.77,75.55,35.03889491914476,Normal,False,2015,32.84771521448002,YELLOW ALERT,85.064,95.07001085446056
2015-09-10,30.69,19.61,73.75,37.872678925738455,Normal,False,2015,36.21326035952507,YELLOW ALERT,87.242,100.17082206632922
2015-09-11,27.25,19.64,79.31,30.228681279541977,Normal,False,2015,34.38008504147505,YELLOW ALERT,81.05,86.41162630317555
2015-09-12,31.05,19.95,69.11,37.46427881924904,Normal,False,2015,35.188546341509806,YELLOW ALERT,87.89,99.43570187464827
2015-09-13,31.54,17.94,70.09,39.11555574856009,Normal,False,2015,35.60283861578369,YELLOW ALERT,88.772,102.40800034740816
2015-09-14,29.54,19.52,74.55,34.963030009824585,Normal,False,2015,37.18095485921122,YELLOW ALERT,85.172,94.93345401768426
2015-09-15,29.36,19.77,74.25,34.43511037165407,Normal,False,2015,36.17123204334624,YELLOW ALERT,84.848,93.98319866897732
2015-09-16,30.77,19.69,69.6,36.87301200665537,Normal,False,2015,35.42371746271132,YELLOW ALERT,87.386,98.37142161197967
2015-09-17,31.01,18.57,70.63,37.81694332869462,Normal,False,2015,36.37502190233467,YELLOW ALERT,87.81800000000001,100.07049799165031
2015-09-18,32.88,20.28,71.96,43.93237920881574,Normal,False,2015,39.54077818138856,YELLOW ALERT,91.184,111.07828257586833
2015-09-19,31.73,21.03,72.7,40.58532528701684,Normal,False,2015,40.77821594150905,YELLOW ALERT,89.114,105.05358551663032
2015-09-20,28.39,21.73,79.05,32.92754623022512,Normal,False,2015,39.14841690868588,YELLOW ALERT,83.102,91.26958321440522
2015-09-21,29.87,19.5,71.87,35.16866373534371,Normal,False,2015,36.22717841752854,YELLOW ALERT,85.76599999999999,95.30359472361869
2015-09-22,30.36,19.51,71.05,36.20961906333994,Normal,False,2015,34.76860967630291,YELLOW ALERT,86.648,97.1773143140119
2015-09-23,27.2,20.81,77.52,29.931134174722786,Normal,False,2015,33.76980565780213,YELLOW ALERT,80.96,85.87604151450101
2015-09-24,29.22,20.7,76.8,34.63649346768963,Normal,False,2015,33.59241556858411,YELLOW ALERT,84.596,94.34568824184133
2015-09-25,31.5,20.48,75.18,40.77317849466734,Normal,False,2015,35.113602045693234,YELLOW ALERT,88.7,105.39172129040121
2015-09-26,27.26,21.79,83.18,30.680742353778758,Normal,False,2015,35.3634714387119,YELLOW ALERT,81.068,87.22533623680177
2015-09-27,29.67,20.92,76.22,35.70880638883312,Normal,False,2015,35.720909079093055,YELLOW ALERT,85.406,96.27585149989962
2015-09-28,29.96,19.49,77.14,36.75711193144238,Normal,False,2015,34.38222022468474,YELLOW ALERT,85.928,98.16280147659629
2015-09-29,29.03,19.96,77.83,34.3565765487308,Normal,False,2015,35.60749828966875,YELLOW ALERT,84.25399999999999,93.84183778771543
2015-09-30,29.79,19.72,78.75,36.695035481118914,Normal,False,2015,35.93624132043069,YELLOW ALERT,85.622,98.05106386601405
2015-10-01,28.86,19.96,79.72,34.29615039732172,Normal,False,2015,35.11592080905713,YELLOW ALERT,83.94800000000001,93.73307071517908
2015-10-02,29.4,19.65,80.9,36.098390127574724,Normal,False,2015,35.696525335338436,YELLOW ALERT,84.91999999999999,96.9771022296345
2015-10-03,26.82,21.37,84.24,29.707986192780822,Normal,False,2015,33.36750890589241,YELLOW ALERT,80.276,85.47437514700547
2015-10-04,27.41,20.36,84.97,31.279583665430266,Normal,False,2015,32.36198666192859,YELLOW ALERT,81.338,88.30325059777448
2015-10-05,27.22,20.78,84.61,30.74191871394656,Normal,False,2015,30.5764961907192,NO ALERT,80.996,87.33545368510381
2015-10-06,28.65,19.77,80.9,33.96084640601803,Normal,False,2015,31.99411626179827,NO ALERT,83.57,93.12952353083246
2015-10-07,28.19,20.23,83.13,33.109946499279076,Normal,False,2015,32.604237206414545,YELLOW ALERT,82.742,91.59790369870234
2015-10-08,28.39,19.87,79.8,33.06022352545123,Normal,False,2015,33.377005476916096,YELLOW ALERT,83.102,91.50840234581221
2015-10-09,26.79,19.2,82.6,29.49644425487132,Normal,False,2015,31.888871426533857,NO ALERT,80.222,85.09359965876838
2015-10-10,29.84,20.32,80.59,37.3417610543514,Normal,False,2015,33.29947627822464,YELLOW ALERT,85.712,99.21516989783252
2015-10-11,26.27,21.19,88.85,28.671674137211035,Normal,False,2015,31.836626482144567,NO ALERT,79.286,83.60901344697986
2015-10-12,29.01,19.9,79.78,34.72130561553805,Normal,False,2015,33.57824693570015,YELLOW ALERT,84.218,94.49835010796849
2015-10-13,29.08,18.02,72.1,33.30871584603757,Normal,False,2015,32.23389853292887,YELLOW ALERT,84.344,91.95568852286763
2015-10-14,29.14,16.65,65.34,32.172317058173824,Normal,False,2015,33.40077950658314,YELLOW ALERT,84.452,89.91017070471288
2015-10-15,29.44,16.88,67.87,33.2746922252571,Normal,False,2015,32.91857504315615,YELLOW ALERT,84.992,91.89444600546277
2015-10-16,29.54,16.92,76.01,35.306496701557535,Normal,False,2015,33.58450199499614,YELLOW ALERT,85.172,95.55169406280356
2015-10-17,29.66,17.37,77.74,36.06049171447036,Normal,False,2015,34.88056021376165,YELLOW ALERT,85.388,96.90888508604664
2015-10-18,30.58,18.5,75.43,38.06251763279353,Normal,False,2015,36.47650201627379,YELLOW ALERT,87.044,100.51253173902835
2015-10-19,30.59,17.5,72.35,37.18193753539046,Normal,False,2015,37.101648960884766,YELLOW ALERT,87.062,98.92748756370284
2015-10-20,30.43,17.99,74.83,37.45269995048669,Normal,False,2015,37.56571837289022,YELLOW ALERT,86.774,99.41485991087605
2015-10-21,30.2,17.58,72.67,36.222624546336746,Normal,False,2015,36.95242067740461,YELLOW ALERT,86.36,97.20072418340615
2015-10-22,29.65,16.96,69.98,34.1963964645311,Normal,False,2015,35.9572403204515,YELLOW ALERT,85.36999999999999,93.55351363615598
2015-10-23,29.98,17.09,58.5,32.500953247235934,Normal,False,2015,34.30665808603458,YELLOW ALERT,85.964,90.50171584502468
2015-10-24,29.96,14.51,64.4,33.66566997211375,Normal,False,2015,33.45433989462691,YELLOW ALERT,85.928,92.59820594980474
2015-10-25,29.26,14.42,74.44,34.22499159936788,Normal,False,2015,33.463871606239174,YELLOW ALERT,84.668,93.60498487886218
2015-10-26,28.91,15.94,76.85,33.840880092130114,Normal,False,2015,33.910513887870565,YELLOW ALERT,84.038,92.91358416583421
2015-10-27,29.52,15.95,73.03,34.564081509965405,Normal,False,2015,34.20998440048779,YELLOW ALERT,85.136,94.21534671793773
2015-10-28,28.61,18.33,79.27,33.53750190452971,Normal,False,2015,33.98082116887506,YELLOW ALERT,83.498,92.36750342815348
2015-10-29,30.35,17.49,71.74,36.369136394125036,Normal,False,2015,34.82357326954004,YELLOW ALERT,86.63000000000001,97.46444550942506
2015-10-30,30.25,17.14,74.07,36.73534029464647,Normal,False,2015,35.547326197767056,YELLOW ALERT,86.45,98.12361253036364
2015-10-31,30.71,19.57,76.85,38.89082099576958,Normal,False,2015,37.33176589484702,YELLOW ALERT,87.27799999999999,102.00347779238524
2015-11-01,30.08,19.65,77.25,37.133443574208485,Normal,False,2015,37.58653495487483,YELLOW ALERT,86.14399999999999,98.84019843357527
2015-11-02,25.01,20.05,88.75,25.710748545333203,Normal,False,2015,33.91167103843708,YELLOW ALERT,77.018,78.27934738159976
2015-11-03,27.17,19.21,87.97,30.990546233992607,Normal,False,2015,31.27824611784475,NO ALERT,80.906,87.7829832211867
2015-11-04,27.81,20.12,84.43,32.279105961181294,Normal,False,2015,29.66013358016902,NO ALERT,82.05799999999999,90.10239073012633
2015-11-05,27.63,18.89,83.41,31.651787897457705,Normal,False,2015,31.64048003087719,NO ALERT,81.734,88.97321821542387
2015-11-06,27.32,17.75,82.2,30.715963741237847,Normal,False,2015,31.54895253329227,NO ALERT,81.176,87.28873473422813
2015-11-07,27.48,17.14,81.1,30.97271619179266,Normal,False,2015,31.113489276829387,NO ALERT,81.464,87.7508891452268
2015-11-08,27.19,18.94,87.58,31.001032824285378,Normal,False,2015,30.896570919105283,NO ALERT,80.94200000000001,87.80185908371368
2015-11-09,23.34,17.56,91.26,22.237406118834983,Normal,False,2015,28.070385044970994,NO ALERT,74.012,72.02733101390297
2015-11-10,23.47,17.6,92.91,22.264344863674907,Normal,False,2015,25.16759460226508,NO ALERT,74.246,72.07582075461484
2015-11-11,25.92,19.34,90.19,27.842050751825397,Normal,False,2015,24.114600578111748,NO ALERT,78.656,82.11569135328571
2015-11-12,27.15,17.81,87.39,30.869987184311768,Normal,False,2015,26.992127599937344,NO ALERT,80.87,87.56597693176118
2015-11-13,25.19,16.08,82.26,26.174683844934755,Normal,False,2015,28.295573927023963,NO ALERT,77.342,79.11443092088255
2015-11-14,23.63,14.91,83.84,23.534848937639538,Normal,False,2015,26.859839988962005,NO ALERT,74.53399999999999,74.36272808775117
2015-11-15,22.25,17.64,90.53,20.633632245349325,Normal,False,2015,23.447721675974524,NO ALERT,72.05,69.14053804162879
2015-11-16,22.0,17.98,94.44,19.46768326722624,Normal,False,2015,21.212054816738355,NO ALERT,71.6,67.04182988100723
2015-11-17,23.07,16.74,92.4,21.60129477219911,Normal,False,2015,20.567536761591544,NO ALERT,73.526,70.8823305899584
2015-11-18,25.94,18.75,91.62,27.940560615140043,Normal,False,2015,23.003179551521782,NO ALERT,78.69200000000001,82.29300910725208
2015-11-19,25.63,19.03,91.13,27.13490588506365,Normal,False,2015,25.558920424134254,NO ALERT,78.134,80.84283059311457
2015-11-20,26.14,18.29,88.0,28.303522830630033,Normal,False,2015,27.79299644361123,NO ALERT,79.05199999999999,82.94634109513406
2015-11-21,24.93,18.76,89.09,25.529579946601228,Normal,False,2015,26.989336220764955,NO ALERT,76.874,77.95324390388221
2015-11-22,25.17,19.11,90.57,26.02973306648966,Normal,False,2015,26.620945281240292,NO ALERT,77.30600000000001,78.85351951968138
2015-11-23,26.12,19.49,89.33,28.314657147329097,Normal,False,2015,26.62465672013998,NO ALERT,79.016,82.96638286519237
2015-11-24,26.62,17.89,86.99,29.438509052698343,Normal,False,2015,27.92763308883902,NO ALERT,79.916,84.98931629485702
2015-11-25,25.09,15.2,81.37,26.00550299097352,Normal,False,2015,27.919556397000306,NO ALERT,77.162,78.80990538375234
2015-11-26,26.21,14.1,83.7,28.259527189296247,Normal,False,2015,27.90117974432269,NO ALERT,79.178,82.86714894073324
2015-11-27,26.86,16.18,82.8,29.67663880468101,Normal,False,2015,27.980556328316908,NO ALERT,80.348,85.41794984842582
2015-11-28,25.32,14.81,80.36,26.415432583674114,Normal,False,2015,28.117199525883777,NO ALERT,77.576,79.54777865061341
2015-11-29,24.95,16.99,90.23,25.538742429827565,Normal,False,2015,27.21027127272755,NO ALERT,76.91,77.96973637368961
2015-11-30,25.21,18.99,89.26,26.140305793876298,Normal,False,2015,26.03149360245931,NO ALERT,77.378,79.05255042897734
2015-12-01,25.13,18.43,87.75,25.988013241825147,Normal,False,2015,25.889020488509654,NO ALERT,77.234,78.77842383528527
2015-12-02,25.67,18.06,89.87,27.215197440219715,Normal,False,2015,26.44783882530704,NO ALERT,78.206,80.98735539239549
2015-12-03,26.1,17.58,87.49,28.183325155554748,Normal,False,2015,27.128845279199854,NO ALERT,78.98,82.72998527999854
2015-12-04,26.1,16.88,85.43,28.093496063691926,Normal,False,2015,27.830672886488784,NO ALERT,78.98,82.56829291464547
2015-12-05,25.17,16.73,86.67,26.088121323108627,Normal,False,2015,27.454980847451754,NO ALERT,77.30600000000001,78.95861838159553
2015-12-06,25.66,17.6,87.15,27.14811196642693,Normal,False,2015,27.109909784409144,NO ALERT,78.188,80.86660153956848
2015-12-07,26.02,17.37,86.13,27.939124853241463,Normal,False,2015,27.05845271425899,NO ALERT,78.836,82.29042473583463
2015-12-08,24.56,16.18,81.54,25.112319047506904,Normal,False,2015,26.733185289058422,NO ALERT,76.208,77.20217428551243
2015-12-09,26.66,15.64,86.95,29.536991646102503,Normal,False,2015,27.529478515616944,NO ALERT,79.988,85.1665849629845
2015-12-10,27.02,18.34,87.8,30.56094881099445,Normal,False,2015,28.403419834867936,NO ALERT,80.636,87.00970785979001
2015-12-11,28.06,17.22,83.4,32.7988757489306,Normal,False,2015,30.96560540200917,NO ALERT,82.508,91.03797634807508
2015-12-12,28.87,17.25,77.7,33.90924809407693,Normal,False,2015,32.42302421800064,YELLOW ALERT,83.966,93.03664656933847
2015-12-13,28.75,17.88,76.18,33.30682511692676,Normal,False,2015,33.338316319978084,YELLOW ALERT,83.75,91.95228521046816
2015-12-14,28.58,16.55,74.94,32.66901619747681,Normal,False,2015,33.29502980282682,YELLOW ALERT,83.44399999999999,90.80422915545826
2015-12-15,29.0,14.63,73.84,33.4628065805924,Normal,False,2015,33.14621596499864,YELLOW ALERT,84.2,92.23305184506631
2015-12-16,28.65,15.28,74.16,32.69468422687898,Normal,False,2015,32.94216900164938,YELLOW ALERT,83.57,90.85043160838215
2015-12-17,28.14,14.57,77.45,32.044459893072826,Normal,False,2015,32.73398356684805,YELLOW ALERT,82.652,89.68002780753109
2015-12-18,28.65,15.44,78.94,33.57934672595419,Normal,False,2015,32.77283028196865,YELLOW ALERT,83.57,92.44282410671754
2015-12-19,28.66,17.31,78.59,33.53834126373777,Normal,False,2015,33.054049294254916,YELLOW ALERT,83.588,92.36901427472799
2015-12-20,28.1,16.47,76.86,31.858530559845324,Normal,False,2015,32.99207284984575,YELLOW ALERT,82.58,89.34535500772158
2015-12-21,28.26,15.38,70.69,31.279471576774476,Normal,False,2015,32.22544780011918,YELLOW ALERT,82.868,88.30304883819406
2015-12-22,28.51,13.7,71.25,31.887137931254237,Normal,False,2015,31.67504668929133,NO ALERT,83.31800000000001,89.39684827625763
2015-12-23,28.14,15.98,74.13,31.536424342107793,Normal,False,2015,31.56767795004549,NO ALERT,82.652,88.76556381579402
2015-12-24,28.26,15.06,73.67,31.73004602057238,Normal,False,2015,31.717869431311456,NO ALERT,82.868,89.11408283703028
2015-12-25,27.2,15.14,77.46,29.92498828962674,Normal,False,2015,31.063819550768958,NO ALERT,80.96,85.86497892132813
2015-12-26,26.07,13.49,75.16,27.603406951508205,Normal,False,2015,29.75281375390243,NO ALERT,78.926,81.68613251271476
2015-12-27,26.61,16.11,79.94,28.892782199786765,Normal,False,2015,28.807059146973888,NO ALERT,79.898,84.00700795961617
2015-12-28,27.21,14.13,76.24,29.821653732490873,Normal,False,2015,28.772614294595268,NO ALERT,80.97800000000001,85.67897671848357
2015-12-29,27.84,10.6,73.52,30.80983067775754,Normal,False,2015,29.841422203345044,NO ALERT,82.112,87.45769521996357
2015-12-30,27.73,12.63,67.2,29.827706943370785,Normal,False,2015,30.153063784539714,NO ALERT,81.914,85.68987249806742
2015-12-31,26.87,12.46,76.91,29.19197070592638,Normal,False,2015,29.94316944235155,NO ALERT,80.366,84.54554727066748
2016-01-01,25.99,13.44,78.75,27.599665797317396,Normal,False,2016,28.87311448220484,NO ALERT,78.782,81.67939843517131
2016-01-02,27.1,11.81,71.12,29.124434499215972,Normal,False,2016,28.63869033415324,NO ALERT,80.78,84.42398209858875
2016-01-03,27.56,10.87,70.38,29.880886657116523,Normal,False,2016,28.86832898454995,NO ALERT,81.608,85.78559598280974
2016-01-04,27.02,10.75,71.4,29.00789608246088,Normal,False,2016,29.337739079597778,NO ALERT,80.636,84.21421294842959
2016-01-05,26.99,12.25,73.26,29.113375369530004,Normal,False,2016,29.33405270303579,NO ALERT,80.582,84.40407566515401
2016-01-06,28.02,13.0,66.3,30.226234075298773,Normal,False,2016,29.44916850909654,NO ALERT,82.436,86.4072213355378
2016-01-07,26.89,13.37,70.85,28.73802589813875,Normal,False,2016,29.35921178098916,NO ALERT,80.402,83.72844661664975
2016-01-08,26.38,13.3,68.91,27.799739229459355,Normal,False,2016,28.921333067632276,NO ALERT,79.484,82.03953061302684
2016-01-09,27.39,12.08,65.85,29.122436636231683,Normal,False,2016,28.553400587943248,NO ALERT,81.30199999999999,84.42038594521702
2016-01-10,27.62,11.7,62.75,29.17407527497523,Normal,False,2016,28.698750380222076,NO ALERT,81.71600000000001,84.51333549495541
2016-01-11,26.8,11.97,64.35,28.122512836082635,Normal,False,2016,28.806341582429837,NO ALERT,80.24000000000001,82.62052310494875
2016-01-12,27.8,11.72,66.25,29.8394037506456,Normal,False,2016,29.045330620567807,NO ALERT,82.04,85.71092675116208
2016-01-13,27.23,12.09,67.9,29.05542192810684,Normal,False,2016,29.00577950494501,NO ALERT,81.014,84.2997594705923
2016-01-14,28.29,11.53,67.38,30.86046337234375,Normal,False,2016,29.91842968369872,NO ALERT,82.922,87.54883407021876
2016-01-15,27.53,14.12,73.07,30.12596256581584,Normal,False,2016,30.01394928875546,NO ALERT,81.554,86.2267326184685
2016-01-16,28.15,14.03,70.0,30.95964282774061,Normal,False,2016,30.648689588633385,NO ALERT,82.67,87.7273570899331
2016-01-17,27.58,14.42,72.34,30.14046703721953,Normal,False,2016,30.408690810258644,NO ALERT,81.64399999999999,86.25284066699516
2016-01-18,28.4,14.75,71.54,31.69981682211799,Normal,False,2016,30.933308895692694,NO ALERT,83.12,89.05967027981238
2016-01-19,29.0,17.73,73.86,33.46676108296647,Normal,False,2016,31.76901498076798,NO ALERT,84.2,92.24016994933964
2016-01-20,27.57,18.49,81.11,31.192962554425108,Normal,False,2016,32.1198468198365,YELLOW ALERT,81.626,88.14733259796519
2016-01-21,27.38,18.52,77.92,30.364286587626655,Normal,False,2016,31.674670075006063,NO ALERT,81.28399999999999,86.65571585772798
2016-01-22,25.99,17.31,80.75,27.67290132254459,Normal,False,2016,29.74338348819877,NO ALERT,78.782,81.81122238058026
2016-01-23,28.29,17.53,78.04,32.50357808767711,Normal,False,2016,30.180255332616102,NO ALERT,82.922,90.5064405578188
2016-01-24,29.35,17.91,75.41,34.66735318940631,Normal,False,2016,31.61461086654266,NO ALERT,84.83000000000001,94.40123574093136
2016-01-25,30.01,17.61,72.39,35.65366956433318,Normal,False,2016,34.274866947138854,YELLOW ALERT,86.018,96.17660521579973
2016-01-26,30.6,17.91,71.62,36.999848969391316,Normal,False,2016,35.77362390771025,YELLOW ALERT,87.08000000000001,98.59972814490438
2016-01-27,31.02,17.17,67.95,37.04286223438367,Normal,False,2016,36.56546025603604,YELLOW ALERT,87.836,98.6771520218906
2016-01-28,31.38,16.02,64.74,37.00488415941705,Normal,False,2016,37.015865121064,YELLOW ALERT,88.48400000000001,98.6087914869507
2016-01-29,31.14,14.46,64.03,36.22139919140535,Normal,False,2016,36.75638186173534,YELLOW ALERT,88.05199999999999,97.19851854452962
2016-01-30,30.66,13.42,63.37,34.945918102723326,Normal,False,2016,36.05740048451523,YELLOW ALERT,87.188,94.90265258490199
2016-01-31,31.39,13.89,54.5,34.29276260814489,Normal,False,2016,35.15335996742451,YELLOW ALERT,88.502,93.7269726946608
2016-02-01,31.99,13.43,46.72,33.59366039937345,Normal,False,2016,34.27744703674721,YELLOW ALERT,89.582,92.46858871887221
2016-02-02,32.55,13.56,48.95,35.125769825583355,Normal,False,2016,34.33739761103388,YELLOW ALERT,90.59,95.22638568605004
2016-02-03,31.49,14.22,47.91,33.00885679884069,Normal,False,2016,33.90942900793248,YELLOW ALERT,88.68199999999999,91.41594223791324
2016-02-04,31.48,14.0,55.1,34.61386311402592,Normal,False,2016,34.249496579483306,YELLOW ALERT,88.664,94.30495360524665
2016-02-05,30.99,15.23,61.31,35.1545715326227,Normal,False,2016,34.259097148496416,YELLOW ALERT,87.782,95.27822875872086
2016-02-06,32.39,15.71,60.87,38.28610755220612,Normal,False,2016,36.01818073295156,YELLOW ALERT,90.30199999999999,100.91499359397102
2016-02-07,33.01,17.39,63.02,40.6625196714291,Normal,False,2016,38.034399585419294,YELLOW ALERT,91.41799999999999,105.19253540857238
2016-02-08,32.8,17.32,61.94,39.69918571321031,Normal,False,2016,39.5492709789485,YELLOW ALERT,91.03999999999999,103.45853428377856
2016-02-09,32.75,17.11,56.83,37.82982050602867,Normal,False,2016,39.397175296889344,YELLOW ALERT,90.95,100.0936769108516
2016-02-10,33.05,15.64,55.91,38.22613899903296,Normal,False,2016,38.585048406090635,YELLOW ALERT,91.49,100.80705019825933
2016-02-11,33.55,17.54,53.3,38.502908021787256,Normal,False,2016,38.18628917561628,YELLOW ALERT,92.39,101.30523443921706
2016-02-12,33.36,18.2,53.79,38.234448895541064,Normal,False,2016,38.321165305453746,YELLOW ALERT,92.048,100.8220080119739
2016-02-13,33.3,17.55,53.58,38.02910417141946,Normal,False,2016,38.25548702958258,YELLOW ALERT,91.94,100.45238750855503
2016-02-14,31.99,17.11,56.16,35.938251528032524,Normal,False,2016,37.400601531664336,YELLOW ALERT,89.582,96.68885275045855
2016-02-15,32.23,15.02,61.65,38.14587185340775,Normal,False,2016,37.371075850953225,YELLOW ALERT,90.014,100.66256933613394
2016-02-16,33.13,16.58,58.8,39.416652581962836,Normal,False,2016,37.83359198780102,YELLOW ALERT,91.634,102.94997464753311
2016-02-17,31.55,14.48,60.97,36.317084864013054,Normal,False,2016,37.959869766461196,YELLOW ALERT,88.78999999999999,97.37075275522349
2016-02-18,31.47,17.64,59.52,35.73564456545599,Normal,False,2016,37.15646067047728,YELLOW ALERT,88.646,96.32416021782078
2016-02-19,33.3,15.2,49.31,36.69508943033256,Normal,False,2016,36.24927295326719,YELLOW ALERT,91.94,98.0511609745986
2016-02-20,35.87,17.4,56.26,45.76879190164666,Normal,False,2016,39.399841965811724,YELLOW ALERT,96.566,114.38382542296398
2016-02-21,36.31,19.45,52.58,45.17909981119843,Normal,False,2016,42.547660381059195,ORANGE ALERT,97.358,113.32237966015717
2016-02-22,36.53,18.45,50.5,44.7558280826544,Normal,False,2016,45.23457326516648,ORANGE ALERT,97.75399999999999,112.56049054877792
2016-02-23,36.48,16.27,48.59,43.7167198779567,Normal,False,2016,44.55054925726983,ORANGE ALERT,97.664,110.69009578032205
2016-02-24,36.17,17.06,49.78,43.47186971568247,Normal,False,2016,43.981472558764516,ORANGE ALERT,97.10600000000001,110.24936548822845
2016-02-25,36.46,18.15,53.7,46.16819169497129,Normal,False,2016,44.45226042953681,ORANGE ALERT,97.628,115.10274505094833
2016-02-26,34.08,19.37,59.44,42.16218244044166,Normal,False,2016,43.934081283698454,ORANGE ALERT,93.344,107.891928392795
2016-02-27,31.87,17.52,60.19,36.82859557564563,Normal,False,2016,41.719656570352846,ORANGE ALERT,89.366,98.29147203616213
2016-02-28,34.1,19.33,60.03,42.467000571905686,Normal,False,2016,40.48592619599764,YELLOW ALERT,93.38000000000001,108.44060102943024
2016-02-29,33.91,18.52,58.99,41.51466780434742,Normal,False,2016,40.27008798396623,YELLOW ALERT,93.03799999999998,106.72640204782536
2016-03-01,32.24,18.42,60.09,37.66957491483552,Normal,False,2016,40.550414430362856,YELLOW ALERT,90.03200000000001,99.80523484670394
2016-03-02,29.99,19.05,59.74,32.7613926228019,Normal,False,2016,37.3152117806616,YELLOW ALERT,85.982,90.97050672104342
2016-03-03,32.98,17.13,55.47,37.91974682404083,Normal,False,2016,36.11690478722607,YELLOW ALERT,91.364,100.2555442832735
2016-03-04,33.09,18.01,48.15,35.94487142156219,Normal,False,2016,35.54200362280162,YELLOW ALERT,91.56200000000001,96.70076855881194
2016-03-05,34.14,18.02,49.85,38.65005110549526,Normal,False,2016,37.50488978369941,YELLOW ALERT,93.452,101.57009198989147
2016-03-06,35.67,18.32,50.13,42.36069432937389,Normal,False,2016,38.98520561881043,YELLOW ALERT,96.206,108.249249792873
2016-03-07,35.39,18.04,49.73,41.502650058038235,Normal,False,2016,40.83779849763578,YELLOW ALERT,95.702,106.70477010446882
2016-03-08,36.32,17.43,48.76,43.38829826433937,Normal,False,2016,42.41721421725048,ORANGE ALERT,97.376,110.09893687581086
2016-03-09,33.59,18.65,47.28,36.67754769917493,Normal,False,2016,40.52283200718417,YELLOW ALERT,92.46200000000002,98.01958585851487
2016-03-10,36.02,19.22,51.0,43.64366486020029,Normal,False,2016,41.236503607904844,ORANGE ALERT,96.836,110.55859674836051
2016-03-11,36.67,19.07,43.85,42.070706536379674,Normal,False,2016,40.797306365251615,YELLOW ALERT,98.006,107.72727176548342
2016-03-12,37.1,18.56,46.61,44.35872992044954,Normal,False,2016,43.35770043900982,ORANGE ALERT,98.78,111.84571385680917
2016-03-13,34.05,22.26,49.06,38.186799026053805,Normal,False,2016,41.53874516096099,ORANGE ALERT,93.28999999999999,100.73623824689685
2016-03-14,35.44,22.35,48.75,41.222871410190315,Normal,False,2016,41.25613345223121,ORANGE ALERT,95.792,106.20116853834256
2016-03-15,35.47,21.02,56.7,44.829423589439976,Normal,False,2016,41.41303134189469,ORANGE ALERT,95.846,112.69296246099195
2016-03-16,34.51,19.57,61.75,44.41866998888737,Normal,False,2016,43.4903216628392,ORANGE ALERT,94.118,111.95360597999726
2016-03-17,33.47,20.91,62.2,41.610584807834876,Normal,False,2016,43.61955946205406,ORANGE ALERT,92.24600000000001,106.89905265410277
2016-03-18,35.59,20.81,52.9,43.38067874759069,Normal,False,2016,43.13664451477097,ORANGE ALERT,96.06200000000001,110.08522174566325
2016-03-19,36.0,19.77,48.54,42.49080917951198,Normal,False,2016,42.494024244979165,ORANGE ALERT,96.8,108.48345652312156
2016-03-20,36.93,19.51,44.06,42.76760590577638,Normal,False,2016,42.87969794429301,ORANGE ALERT,98.474,108.98169063039748
2016-03-21,37.72,20.41,40.54,43.03008736565922,Normal,False,2016,42.76283415031585,ORANGE ALERT,99.896,109.4541572581866
2016-03-22,38.1,22.99,35.03,41.49748202931284,Normal,False,2016,42.431725100249466,ORANGE ALERT,100.58000000000001,106.69546765276311
2016-03-23,37.48,22.81,43.99,44.05429563317791,Normal,False,2016,42.86062167604998,ORANGE ALERT,99.464,111.29773213972024
2016-03-24,37.55,22.84,41.56,43.09862751795938,Normal,False,2016,42.88346839348336,ORANGE ALERT,99.59,109.57752953232688
2016-03-25,37.5,20.6,37.72,41.35254970923558,Normal,False,2016,42.83515762012428,ORANGE ALERT,99.5,106.43458947662404
2016-03-26,37.58,18.24,41.87,43.30836773732662,Normal,False,2016,42.58651498817385,ORANGE ALERT,99.64399999999999,109.95506192718793
2016-03-27,37.79,17.33,37.64,41.92893562613801,Normal,False,2016,42.19661769090006,ORANGE ALERT,100.022,107.47208412704842
2016-03-28,37.73,19.0,48.03,46.73812190076156,Normal,False,2016,43.99180842140871,ORANGE ALERT,99.914,116.12861942137081
2016-03-29,37.04,20.52,51.64,46.74365570176748,Normal,False,2016,45.136904409555676,ORANGE ALERT,98.672,116.13858026318147
2016-03-30,37.58,20.63,47.2,45.89767500610206,Normal,False,2016,46.45981753621036,ORANGE ALERT,99.64399999999999,114.61581501098371
2016-03-31,37.04,20.31,45.76,43.80587044705806,Normal,False,2016,45.482400384975854,ORANGE ALERT,98.672,110.85056680470451
2016-04-01,37.66,20.65,43.65,44.331764581172465,Normal,False,2016,44.67843667811085,ORANGE ALERT,99.78799999999998,111.79717624611044
2016-04-02,38.34,20.44,41.43,44.90175943491798,Normal,False,2016,44.34646482104949,ORANGE ALERT,101.01200000000001,112.82316698285236
2016-04-03,38.2,20.95,39.63,43.709050039697026,Normal,False,2016,44.31419135192914,ORANGE ALERT,100.76,110.67629007145464
2016-04-04,38.38,21.66,32.83,41.17443856708124,Normal,False,2016,43.26174934723207,ORANGE ALERT,101.084,106.11398942074624
2016-04-05,38.18,19.9,32.01,40.482364894113275,Normal,False,2016,41.7886178336305,ORANGE ALERT,100.724,104.8682568094039
2016-04-06,37.99,21.24,47.4,47.10805836676799,Normal,False,2016,42.921620609320826,ORANGE ALERT,100.382,116.79450506018239
2016-04-07,38.2,22.08,48.08,48.0688411592988,Normal,False,2016,45.21975480672668,ORANGE ALERT,100.76,118.52391408673785
2016-04-08,37.6,23.5,47.72,46.22161043142533,Normal,False,2016,47.13283665249736,ORANGE ALERT,99.68,115.1988987765656
2016-04-09,36.12,22.91,49.84,43.3710109996518,Normal,False,2016,45.88715419679196,ORANGE ALERT,97.01599999999999,110.06781979937324
2016-04-10,37.78,22.63,45.95,45.77902809700796,Normal,False,2016,45.12388317602835,ORANGE ALERT,100.00399999999999,114.40225057461433
2016-04-11,38.65,23.03,40.86,45.366181701246624,Normal,False,2016,44.838740265968774,ORANGE ALERT,101.57,113.65912706224393
2016-04-12,39.9,22.7,38.74,47.295758964016585,Normal,False,2016,46.14698958742371,ORANGE ALERT,103.82,117.13236613522986
2016-04-13,38.94,24.09,41.72,46.53146208340575,Normal,False,2016,46.39780091622297,ORANGE ALERT,102.092,115.75663175013035
2016-04-14,39.75,25.74,40.36,47.83335122071636,Normal,False,2016,47.220190756046215,ORANGE ALERT,103.55,118.10003219728944
2016-04-15,39.55,25.79,46.04,50.70598613252369,Normal,False,2016,48.35693314554859,ORANGE ALERT,103.19,123.27077503854264
2016-04-16,39.75,24.1,45.61,51.01283773966416,Normal,False,2016,49.85072503096805,ORANGE ALERT,103.55,123.82310793139548
2016-04-17,40.07,23.89,44.03,50.9194227797338,Normal,True,2016,50.87941555064054,ORANGE ALERT,104.126,123.65496100352084
2016-04-18,39.67,21.97,43.75,49.622189876386784,Normal,False,2016,50.51815013192823,ORANGE ALERT,103.406,121.31994177749621
2016-04-19,39.84,23.0,48.38,53.12028985484996,Normal,False,2016,51.2206341703235,ORANGE ALERT,103.71200000000002,127.61652173872992
2016-04-20,39.8,23.5,44.61,50.52049944169075,Normal,False,2016,51.087659724309155,ORANGE ALERT,103.64,122.93689899504335
2016-04-21,39.94,23.64,41.09,48.749411923383896,Normal,False,2016,50.796733739974854,ORANGE ALERT,103.892,119.74894146209101
2016-04-22,39.49,27.1,36.55,45.163327141768576,Normal,False,2016,48.14441283561439,ORANGE ALERT,103.08200000000001,113.29398885518344
2016-04-23,39.54,25.5,32.0,43.11373095484365,Normal,False,2016,45.67549000666536,ORANGE ALERT,103.172,109.60471571871858
2016-04-24,40.05,25.32,32.04,44.17315150015551,Normal,True,2016,44.15006986558924,ORANGE ALERT,104.09,111.51167270027992
2016-04-25,37.71,26.05,41.76,43.56150390339869,Normal,False,2016,43.616128786132606,ORANGE ALERT,99.878,110.41070702611765
2016-04-26,36.87,25.17,47.94,44.40971424444626,Normal,False,2016,44.04812321600014,ORANGE ALERT,98.366,111.93748564000327
2016-04-27,36.46,21.74,47.29,43.07298321612828,Normal,False,2016,43.681400454657734,ORANGE ALERT,97.628,109.53136978903089
2016-04-28,34.5,21.94,46.79,38.38788557231031,Normal,False,2016,41.9568610109616,ORANGE ALERT,94.1,101.09819403015857
2016-04-29,38.95,22.02,38.06,44.67853737883898,Normal,False,2016,42.04646872242585,ORANGE ALERT,102.11,112.42136728191016
2016-04-30,39.12,22.25,35.88,44.01143673441883,Normal,False,2016,42.35928656185603,ORANGE ALERT,102.416,111.2205861219539
2016-05-01,39.55,22.96,39.46,46.8301034933608,Normal,False,2016,45.17335920220619,ORANGE ALERT,103.19,116.29418628804945
2016-05-02,39.3,23.95,40.74,46.90679296596046,Normal,False,2016,45.916111064580015,ORANGE ALERT,102.74,116.43222733872884
2016-05-03,39.52,25.74,36.36,45.1359944677513,Normal,False,2016,46.290963642357504,ORANGE ALERT,103.136,113.24479004195234
2016-05-04,37.6,24.13,40.71,42.83360714942881,Normal,False,2016,44.95879819438017,ORANGE ALERT,99.68,109.10049286897186
2016-05-05,36.76,23.7,45.36,42.94010504813289,Normal,False,2016,43.63656888843766,ORANGE ALERT,98.16799999999999,109.29218908663921
2016-05-06,32.15,24.18,62.52,38.23004803083633,Normal,False,2016,41.334586742799324,ORANGE ALERT,89.86999999999999,100.81408645550539
2016-05-07,32.78,22.33,64.97,40.769342134088134,Normal,False,2016,40.646498404352435,YELLOW ALERT,91.00399999999999,105.38481584135863
2016-05-08,31.1,22.65,71.24,38.254140767842976,Normal,False,2016,39.08451031092247,YELLOW ALERT,87.98,100.85745338211736
2016-05-09,34.49,21.51,60.61,43.83400790823928,Normal,False,2016,40.95249693672345,YELLOW ALERT,94.08200000000001,110.9012142348307
2016-05-10,33.33,22.0,62.08,41.17522093119028,Normal,False,2016,41.087789869090834,ORANGE ALERT,91.994,106.1153976761425
2016-05-11,34.41,21.18,54.71,41.09422680604237,Normal,False,2016,42.0344852151573,ORANGE ALERT,93.93799999999999,105.96960825087628
2016-05-12,34.83,21.5,52.71,41.343566783595236,Normal,False,2016,41.20433817360928,ORANGE ALERT,94.69399999999999,106.41842021047142
2016-05-13,36.17,22.0,55.43,46.22159412234378,Normal,False,2016,42.88646257066045,ORANGE ALERT,97.10600000000001,115.19886942021881
2016-05-14,36.66,22.37,55.99,47.98650846002093,Normal,False,2016,45.183889788653296,ORANGE ALERT,97.98799999999999,118.37571522803768
2016-05-15,35.54,21.41,55.51,44.45738924110047,Normal,False,2016,46.221830607821715,ORANGE ALERT,95.97200000000001,112.02330063398085
2016-05-16,33.73,20.96,58.85,40.97963478668461,Normal,False,2016,44.47451082926866,ORANGE ALERT,92.714,105.7633426160323
2016-05-17,33.3,21.56,52.38,37.64035008918571,Normal,False,2016,41.02579137232358,ORANGE ALERT,91.94,99.75263016053427
2016-05-18,30.05,22.82,72.05,35.67065976148512,Normal,False,2016,38.09688154578513,YELLOW ALERT,86.09,96.20718757067321
2016-05-19,28.53,22.77,79.03,33.28384205918636,Normal,False,2016,35.531617303285714,YELLOW ALERT,83.354,91.91091570653546
2016-05-20,32.43,21.79,68.85,41.24719105738153,Normal,False,2016,36.73389762601766,YELLOW ALERT,90.374,106.24494390328675
2016-05-21,32.77,22.78,63.63,40.23776879768013,Normal,False,2016,38.25626730474932,YELLOW ALERT,90.986,104.42798383582424
2016-05-22,33.82,22.44,60.49,41.883124794978066,Normal,False,2016,41.12269488334656,ORANGE ALERT,92.876,107.38962463096053
2016-05-23,36.18,21.63,61.1,49.343355328951354,Normal,False,2016,43.82141630720317,ORANGE ALERT,97.124,120.81803959211244
2016-05-24,36.12,21.75,58.26,47.56660613841671,Normal,False,2016,46.264362087448696,ORANGE ALERT,97.01599999999999,117.61989104915008
2016-05-25,35.27,21.67,60.53,46.12982830899838,Normal,False,2016,47.67992992545546,ORANGE ALERT,95.486,115.03369095619708
2016-05-26,34.82,22.78,62.54,45.7436317276649,Normal,False,2016,46.480022058359985,ORANGE ALERT,94.676,114.33853710979682
2016-05-27,34.69,21.72,60.89,44.55199389523746,Normal,False,2016,45.47515131063356,ORANGE ALERT,94.442,112.19358901142742
2016-05-28,28.15,22.3,72.1,31.259142385455718,Normal,False,2016,40.51825600278601,YELLOW ALERT,82.67,88.2664562938203
2016-05-29,33.07,21.77,70.68,43.99163278137586,Normal,False,2016,39.934256354023,YELLOW ALERT,91.526,111.18493900647655
2016-05-30,30.82,21.52,70.93,37.391685791501004,Normal,False,2016,37.54748698611085,YELLOW ALERT,87.476,99.3050344247018
2016-05-31,32.87,21.52,68.24,42.32522133307106,Normal,False,2016,41.23617996864929,ORANGE ALERT,91.166,108.18539839952791
2016-06-01,28.62,22.14,76.23,32.996406608145485,Normal,False,2016,37.571104577572505,YELLOW ALERT,83.51599999999999,91.39353189466188
2016-06-02,28.38,21.7,80.12,33.0910996175077,Normal,False,2016,36.13757585290807,YELLOW ALERT,83.084,91.56397931151386
2016-06-03,31.77,21.22,72.72,40.71463427524324,Normal,False,2016,35.6007135002988,YELLOW ALERT,89.186,105.28634169543783
2016-06-04,29.49,21.82,75.64,35.08624749464243,Normal,False,2016,36.29732712913111,YELLOW ALERT,85.082,95.15524549035636
2016-06-05,29.87,21.84,77.62,36.62728612381721,Normal,False,2016,37.476055964567614,YELLOW ALERT,85.76599999999999,97.92911502287097
2016-06-06,29.49,21.9,78.24,35.70586484375736,Normal,False,2016,35.80646615407232,YELLOW ALERT,85.082,96.27055671876325
2016-06-07,28.92,22.09,80.22,34.56630298334533,Normal,False,2016,35.63315131697328,YELLOW ALERT,84.05600000000001,94.2193453700216
2016-06-08,30.25,21.53,77.65,37.74724907923074,Normal,False,2016,36.00647230211113,YELLOW ALERT,86.45,99.94504834261534
2016-06-09,31.73,19.62,70.58,39.828234542080644,Normal,False,2016,37.38059553488556,YELLOW ALERT,89.114,103.69082217574515
2016-06-10,30.39,19.78,73.6,36.98969379252765,Normal,False,2016,38.18839247127966,YELLOW ALERT,86.702,98.58144882654977
2016-06-11,32.33,20.67,68.84,40.94789980751122,Normal,False,2016,39.25527604737315,YELLOW ALERT,90.19399999999999,105.7062196535202
2016-06-12,30.25,19.91,69.58,35.54747291041795,Normal,False,2016,37.8283555034856,YELLOW ALERT,86.45,95.9854512387523
2016-06-13,29.02,19.52,62.85,31.5200104985873,Normal,False,2016,36.005127738838816,YELLOW ALERT,84.236,88.73601889745714
2016-06-14,31.67,18.59,64.27,37.5830882643908,Normal,False,2016,34.883523891132,YELLOW ALERT,89.006,99.64955887590345
2016-06-15,30.24,20.15,69.77,35.571072662934654,Normal,False,2016,34.891390475304235,YELLOW ALERT,86.43199999999999,96.02793079328238
2016-06-16,30.23,20.39,72.77,36.32886031861938,Normal,False,2016,36.49434041531493,YELLOW ALERT,86.414,97.39194857351488
2016-06-17,30.54,20.36,70.32,36.4775349359973,Normal,False,2016,36.12582263918376,YELLOW ALERT,86.97200000000001,97.65956288479514
2016-06-18,27.51,21.14,78.0,30.6626815778893,Normal,False,2016,34.48969227750198,YELLOW ALERT,81.518,87.19282684020074
2016-06-19,29.71,20.37,75.33,35.597594032891784,Normal,False,2016,34.245936848926114,YELLOW ALERT,85.478,96.07566925920521
2016-06-20,27.17,20.79,81.57,30.286018940616902,Normal,False,2016,32.18209818379931,YELLOW ALERT,80.906,86.51483409311042
2016-06-21,28.94,20.94,79.62,34.493907591476706,Normal,False,2016,33.45917352166178,YELLOW ALERT,84.09200000000001,94.08903366465807
2016-06-22,26.53,19.38,78.78,28.648306569321157,Normal,False,2016,31.14274436713824,NO ALERT,79.754,83.56695182477809
2016-06-23,27.65,19.98,77.32,30.89213896870335,Normal,False,2016,31.34478437650039,NO ALERT,81.77,87.60585014366603
2016-06-24,27.26,19.13,75.43,29.841216074335975,Normal,False,2016,29.793887204120143,NO ALERT,81.068,85.71418893380476
2016-06-25,27.85,19.0,74.12,30.910131464800095,Normal,False,2016,30.54782883594646,NO ALERT,82.13,87.63823663664017
2016-06-26,30.06,19.57,75.92,36.711634087217696,Normal,False,2016,32.48766054211791,YELLOW ALERT,86.10799999999999,98.08094135699186
2016-06-27,27.9,20.28,78.47,31.626543257966848,Normal,False,2016,33.082769603328195,YELLOW ALERT,82.22,88.92777786434033
2016-06-28,28.1,20.56,77.6,31.972472428767933,Normal,False,2016,33.43688325798414,YELLOW ALERT,82.58,89.55045037178228
2016-06-29,28.45,20.55,76.97,32.713138337996924,Normal,False,2016,32.10405134157722,YELLOW ALERT,83.21000000000001,90.88364900839447
2016-06-30,28.24,20.27,75.38,31.95247606316508,Normal,False,2016,32.212695609976635,YELLOW ALERT,82.832,89.51445691369715
2016-07-01,28.07,20.53,77.66,31.91029163164631,Normal,False,2016,32.19196867760276,YELLOW ALERT,82.526,89.43852493696336
2016-07-02,31.71,19.75,71.36,40.044594838712975,Normal,False,2016,34.635787511174776,YELLOW ALERT,89.078,104.08027070968335
2016-07-03,31.1,20.29,72.11,38.52961941148388,Normal,False,2016,36.82816862728104,YELLOW ALERT,87.98,101.35331494067098
2016-07-04,30.72,20.0,75.18,38.396486368185656,Normal,False,2016,38.990233539460824,YELLOW ALERT,87.296,101.11367546273418
2016-07-05,30.36,21.04,74.33,37.11240852898155,Normal,False,2016,38.01283810288368,YELLOW ALERT,86.648,98.80233535216678
2016-07-06,30.26,21.04,75.71,37.22028671730325,Normal,False,2016,37.57639387149013,YELLOW ALERT,86.468,98.99651609114586
2016-07-07,29.31,20.82,75.7,34.6283501757446,Normal,False,2016,36.32034847400978,YELLOW ALERT,84.758,94.33103031634028
2016-07-08,28.62,20.69,74.5,32.68510608676131,Normal,False,2016,34.84458099326971,YELLOW ALERT,83.51599999999999,90.83319095617036
2016-07-09,29.89,20.49,72.8,35.44681941244321,Normal,False,2016,34.253425224983026,YELLOW ALERT,85.80199999999999,95.80427494239778
2016-07-10,30.44,20.81,70.55,36.28182412250911,Normal,False,2016,34.80458320723786,YELLOW ALERT,86.792,97.3072834205164
2016-07-11,29.0,21.24,71.12,32.93692656479424,Normal,False,2016,34.88852336658218,YELLOW ALERT,84.2,91.28646781662964
2016-07-12,29.38,20.58,74.18,34.4701045973226,Normal,False,2016,34.56295176154197,YELLOW ALERT,84.884,94.04618827518068
2016-07-13,31.22,19.86,72.13,38.879202322912306,Normal,False,2016,35.4287444950097,YELLOW ALERT,88.196,101.98256418124215
2016-07-14,31.65,19.86,69.9,39.36294704499605,Normal,False,2016,37.570751321743636,YELLOW ALERT,88.97,102.85330468099288
2016-07-15,31.55,20.26,71.05,39.46942583576969,Normal,False,2016,39.23719173455933,YELLOW ALERT,88.78999999999999,103.04496650438544
2016-07-16,28.45,21.48,76.63,32.65406406128422,Normal,False,2016,37.162145647349966,YELLOW ALERT,83.21000000000001,90.7773153103116
2016-07-17,27.71,21.42,78.24,31.14881015009182,Normal,False,2016,34.42410001571523,YELLOW ALERT,81.878,88.06785827016527
2016-07-18,28.25,20.31,76.95,32.227078815482265,Normal,False,2016,32.00998434228609,YELLOW ALERT,82.85,90.00874186786808
2016-07-19,29.64,20.2,72.52,34.74671469112835,Normal,False,2016,32.70753455223413,YELLOW ALERT,85.352,94.54408644403104
2016-07-20,27.27,20.24,78.48,30.18376109364326,Normal,False,2016,32.38585153341794,YELLOW ALERT,81.086,86.33076996855786
2016-07-21,27.09,19.87,79.06,29.848131300174714,Normal,False,2016,31.59286902831543,NO ALERT,80.762,85.72663634031449
2016-07-22,28.72,19.84,76.12,33.22139216834969,Normal,False,2016,31.084428187389207,NO ALERT,83.696,91.79850590302944
2016-07-23,30.25,19.35,74.78,36.93145640296613,Normal,False,2016,33.3336599571635,YELLOW ALERT,86.45,98.47662152533903
2016-07-24,29.36,19.74,73.69,34.31220235210744,Normal,False,2016,34.82168364114107,YELLOW ALERT,84.848,93.76196423379339
2016-07-25,28.57,19.86,75.26,32.701872340199564,Normal,False,2016,34.64851036509103,YELLOW ALERT,83.426,90.86337021235921
2016-07-26,28.18,20.17,76.55,31.997724132227113,Normal,False,2016,33.00393294151136,YELLOW ALERT,82.724,89.5959034380088
2016-07-27,26.49,20.37,84.67,28.954074483940687,Normal,False,2016,31.217890318789106,NO ALERT,79.682,84.11733407109324
2016-07-28,27.64,19.55,85.23,31.932221040720428,Normal,False,2016,30.961339885629396,NO ALERT,81.752,89.47799787329677
2016-07-29,27.06,19.99,83.46,30.218046253793098,Normal,False,2016,30.36811392615139,NO ALERT,80.708,86.39248325682757
2016-07-30,27.4,18.9,82.28,30.921880406349956,Normal,False,2016,31.024049233621145,NO ALERT,81.32,87.65938473142992
2016-07-31,28.08,18.36,76.08,31.693951306464378,Normal,False,2016,30.94462598886913,NO ALERT,82.544,89.04911235163588
2016-08-01,28.77,18.64,73.64,32.88021450452348,Normal,False,2016,31.83201540577926,NO ALERT,83.786,91.18438610814226
2016-08-02,27.63,19.03,78.41,30.986495764575036,Normal,False,2016,31.85355385852095,NO ALERT,81.734,87.77569237623507
2016-08-03,29.55,19.49,75.22,35.14596301232278,Normal,False,2016,33.00422442714042,YELLOW ALERT,85.19,95.26273342218101
2016-08-04,28.34,19.27,79.03,32.79685397127192,Normal,False,2016,32.97643758272323,YELLOW ALERT,83.012,91.03433714828945
2016-08-05,29.59,18.89,75.87,35.40705351991774,Normal,False,2016,34.44995683450413,YELLOW ALERT,85.262,95.73269633585193
2016-08-06,28.14,19.73,77.87,32.1105408588554,Normal,False,2016,33.438149450015004,YELLOW ALERT,82.652,89.79897354593973
2016-08-07,28.5,19.7,77.78,32.97996364810736,Normal,False,2016,33.499186008960145,YELLOW ALERT,83.3,91.36393456659324
2016-08-08,30.01,19.23,75.15,36.366627096109966,Normal,False,2016,33.81904386769089,YELLOW ALERT,86.018,97.45992877299794
2016-08-09,30.4,19.4,74.32,37.22144505622172,Normal,False,2016,35.52267860014633,YELLOW ALERT,86.72,98.9986011011991
2016-08-10,29.77,19.49,75.7,35.851687360558024,Normal,False,2016,36.479919837629886,YELLOW ALERT,85.586,96.53303724900444
2016-08-11,31.26,19.27,73.08,39.30979508080813,Normal,False,2016,37.46097583252927,YELLOW ALERT,88.268,102.75763114545462
2016-08-12,30.78,19.85,74.72,38.429578952899426,Normal,False,2016,37.86368713142184,YELLOW ALERT,87.404,101.17324211521897
2016-08-13,30.39,20.32,75.32,37.480398914541475,Normal,False,2016,38.406590982749655,YELLOW ALERT,86.702,99.46471804617465
2016-08-14,29.66,19.92,74.59,35.28514738351337,Normal,False,2016,37.06504175031807,YELLOW ALERT,85.388,95.51326529032407
2016-08-15,30.47,19.48,73.14,37.07958796905078,Normal,False,2016,36.61504475570186,YELLOW ALERT,86.846,98.7432583442914
2016-08-16,31.0,19.5,72.6,38.40037219905771,Normal,False,2016,36.92170251720727,YELLOW ALERT,87.8,101.12066995830388
2016-08-17,31.48,19.52,70.84,39.196998385730716,Normal,False,2016,38.22565285127972,YELLOW ALERT,88.664,102.55459709431528
2016-08-18,31.36,19.74,71.3,39.00748604049616,Normal,False,2016,38.868285541761516,YELLOW ALERT,88.44800000000001,102.21347487289309
2016-08-19,31.4,19.61,72.04,39.37051517549362,Normal,False,2016,39.19166653390682,YELLOW ALERT,88.52,102.86692731588852
2016-08-20,31.51,19.5,69.31,38.77223251878018,Normal,False,2016,39.05007791158997,YELLOW ALERT,88.718,101.79001853380433
2016-08-21,32.0,20.28,69.15,40.10151880150626,Normal,False,2016,39.41475549859334,YELLOW ALERT,89.6,104.18273384271126
2016-08-22,32.2,20.7,69.69,40.884583898398176,Normal,False,2016,39.91944507289485,YELLOW ALERT,89.96000000000001,105.59225101711671
2016-08-23,31.59,20.36,70.67,39.4547382599464,Normal,False,2016,40.14694698661693,YELLOW ALERT,88.862,103.01852886790353
2016-08-24,30.64,20.2,73.66,37.70412214767397,Normal,False,2016,39.34781476867283,YELLOW ALERT,87.152,99.86741986581315
2016-08-25,28.67,20.49,78.1,33.47054779299275,Normal,False,2016,36.87646940020436,YELLOW ALERT,83.60600000000001,92.24698602738695
2016-08-26,26.92,21.34,80.41,29.600444212826687,Normal,False,2016,33.591704717831114,YELLOW ALERT,80.456,85.28079958308804
2016-08-27,28.35,20.26,77.04,32.48214457530125,Normal,False,2016,31.851045527040213,NO ALERT,83.03,90.46786023554225
2016-08-28,30.23,19.77,73.29,36.468596645975296,Normal,False,2016,32.85039514470106,YELLOW ALERT,86.414,97.64347396275554
2016-08-29,29.13,20.11,77.88,34.63426129214081,Normal,False,2016,34.5283341711391,YELLOW ALERT,84.434,94.34167032585347
2016-08-30,27.97,20.87,83.49,32.5683530973403,Normal,False,2016,34.55707034515212,YELLOW ALERT,82.346,90.62303557521254
2016-08-31,25.16,20.51,85.12,26.087859885011248,Normal,False,2016,31.096824758164104,NO ALERT,77.288,78.95814779302025
2016-09-01,28.67,18.23,77.05,33.271874311336724,Normal,False,2016,30.642695764562742,NO ALERT,83.60600000000001,91.8893737604061
2016-09-02,29.04,18.69,74.15,33.62131518309063,Normal,False,2016,30.99368312647952,NO ALERT,84.272,92.51836732956313
2016-09-03,28.78,18.91,73.82,32.93675902597639,Normal,False,2016,33.27664950680123,YELLOW ALERT,83.804,91.28616624675752
2016-09-04,29.67,18.6,72.13,34.73118518475144,Normal,False,2016,33.76308646460614,YELLOW ALERT,85.406,94.51613333255258
2016-09-05,30.17,18.62,70.5,35.5820845495719,Normal,False,2016,34.41667625343323,YELLOW ALERT,86.30600000000001,96.04775218922943
2016-09-06,28.88,18.49,69.59,32.393703291804016,Normal,False,2016,34.23565767537577,YELLOW ALERT,83.98400000000001,90.30866592524723
2016-09-07,29.78,18.38,69.5,34.39418164191708,Normal,False,2016,34.12332316109765,YELLOW ALERT,85.604,93.90952695545074
2016-09-08,30.93,18.53,66.08,36.28591797626729,Normal,False,2016,34.35793430332945,YELLOW ALERT,87.674,97.31465235728112
2016-09-09,30.02,19.06,69.68,35.009267381448566,Normal,False,2016,35.229788999877634,YELLOW ALERT,86.036,95.01668128660742
2016-09-10,30.68,19.58,73.02,37.62623492271754,Normal,False,2016,36.307140093477784,YELLOW ALERT,87.224,99.72722286089157
2016-09-11,28.2,19.82,77.24,32.15442332974715,Normal,False,2016,34.9299752113044,YELLOW ALERT,82.75999999999999,89.87796199354486
2016-09-12,27.75,19.67,76.59,31.020736427853663,Normal,False,2016,33.60046489343943,YELLOW ALERT,81.95,87.83732557013658
2016-09-13,26.92,19.84,76.67,29.271967553384943,Normal,False,2016,30.815709103661902,NO ALERT,80.456,84.6895415960929
2016-09-14,30.78,19.38,72.73,37.81906920266995,Normal,False,2016,32.70392439463617,YELLOW ALERT,87.404,100.0743245648059
2016-09-15,27.89,19.43,75.78,31.222358658725096,Normal,False,2016,32.77113180492665,YELLOW ALERT,82.202,88.20024558570518
2016-09-16,31.3,19.11,72.79,39.3303465368519,Normal,False,2016,36.12392479941563,YELLOW ALERT,88.34,102.79462376633342
2016-09-17,29.78,19.4,72.07,34.990944047052345,Normal,False,2016,35.181216414209764,YELLOW ALERT,85.604,94.98369928469421
2016-09-18,30.69,18.72,70.45,36.90583040279591,Normal,False,2016,37.0757069955667,YELLOW ALERT,87.242,98.43049472503263
2016-09-19,30.7,19.09,69.86,36.764638223331325,Normal,False,2016,36.22047089105985,YELLOW ALERT,87.26,98.17634880199638
2016-09-20,29.18,19.71,74.22,33.979048854931,Normal,False,2016,35.88317249368606,YELLOW ALERT,84.524,93.1622879388758
2016-09-21,27.35,19.74,79.07,30.427598888492273,Normal,False,2016,33.723761988918184,YELLOW ALERT,81.23,86.76967799928609
2016-09-22,30.48,18.62,71.3,36.590953808591756,Normal,False,2016,33.665867184005,YELLOW ALERT,86.864,97.86371685546516
2016-09-23,30.82,18.8,76.13,38.9952825843867,Normal,False,2016,35.33794509382356,YELLOW ALERT,87.476,102.19150865189606
2016-09-24,31.7,19.44,72.64,40.472431822967714,Normal,False,2016,38.686222738648716,YELLOW ALERT,89.06,104.85037728134189
2016-09-25,29.79,19.88,73.44,35.34572499676546,Normal,False,2016,38.271146468039944,YELLOW ALERT,85.622,95.62230499417782
2016-09-26,31.93,19.35,73.84,41.633023375049,Normal,False,2016,39.15039339826071,YELLOW ALERT,89.474,106.9394420750882
2016-09-27,30.07,21.26,79.96,37.87089902496747,Normal,False,2016,38.2832157989273,YELLOW ALERT,86.126,100.16761824494145
2016-09-28,27.36,20.77,84.04,31.034395167899092,Normal,False,2016,36.84610585597184,YELLOW ALERT,81.248,87.86191130221837
2016-09-29,29.04,20.6,77.74,34.36397175565989,Normal,False,2016,34.423088649508806,YELLOW ALERT,84.272,93.8551491601878
2016-09-30,31.26,20.17,69.72,38.21667565438987,Normal,False,2016,34.538347525982935,YELLOW ALERT,88.268,100.79001617790176
2016-10-01,32.51,19.87,67.89,41.11359095400624,Normal,False,2016,37.89807945468532,YELLOW ALERT,90.518,106.00446371721124
2016-10-02,32.22,19.68,65.89,39.5577013230161,Normal,False,2016,39.62932264380405,YELLOW ALERT,89.99600000000001,103.20386238142898
2016-10-03,31.46,19.41,70.34,38.97310208542942,Normal,False,2016,39.88146478748391,YELLOW ALERT,88.628,102.15158375377295
2016-10-04,27.91,20.42,74.05,31.028038526522177,Normal,False,2016,36.519613978322546,YELLOW ALERT,82.238,87.85046934773992
2016-10-05,31.96,19.14,67.25,39.31966791497874,Normal,False,2016,36.44026950897676,YELLOW ALERT,89.52799999999999,102.77540224696173
2016-10-06,32.18,18.6,64.45,38.95129917158811,Normal,False,2016,36.43300187102966,YELLOW ALERT,89.924,102.1123385088586
2016-10-07,32.09,17.69,62.45,38.05715736695922,Normal,False,2016,38.776041484508674,YELLOW ALERT,89.76200000000001,100.5028832605266
2016-10-08,32.83,19.17,63.04,40.18135003918414,Normal,False,2016,39.063268859243806,YELLOW ALERT,91.094,104.32643007053146
2016-10-09,30.74,19.81,69.96,36.897446197970055,Normal,False,2016,38.37865120137112,YELLOW ALERT,87.332,98.4154031563461
2016-10-10,32.07,19.37,72.24,41.458377864770135,Normal,False,2016,39.51239136730809,YELLOW ALERT,89.726,106.62508015658624
2016-10-11,30.94,20.06,75.6,39.18718900239134,Normal,False,2016,39.181004355043825,YELLOW ALERT,87.69200000000001,102.53694020430441
2016-10-12,26.79,21.37,83.57,29.578398575065496,Normal,False,2016,36.74132181407564,YELLOW ALERT,80.222,85.2411174351179
2016-10-13,30.41,20.03,73.1,36.90411103150785,Normal,False,2016,35.223232869654886,YELLOW ALERT,86.738,98.42739985671413
2016-10-14,31.52,18.05,64.46,37.267353930311714,Normal,False,2016,34.58328784562834,YELLOW ALERT,88.736,99.08123707456109
2016-10-15,31.44,16.3,58.12,35.29835991140859,Normal,False,2016,36.48994162440937,YELLOW ALERT,88.59200000000001,95.53704784053545
2016-10-16,31.33,17.17,61.15,35.867202155644826,Normal,False,2016,36.144305332455026,YELLOW ALERT,88.39399999999999,96.56096388016068
2016-10-17,31.17,16.92,61.1,35.49629297291819,Normal,False,2016,35.55395167999052,YELLOW ALERT,88.10600000000001,95.89332735125274
2016-10-18,31.64,16.39,58.36,35.79146831065461,Normal,False,2016,35.718321146405856,YELLOW ALERT,88.952,96.4246429591783
2016-10-19,32.23,17.69,54.94,36.10613159174412,Normal,False,2016,35.797964291772296,YELLOW ALERT,90.014,96.99103686513942
2016-10-20,31.73,18.18,56.52,35.48682262791075,Normal,False,2016,35.79480751010315,YELLOW ALERT,89.114,95.87628073023934
2016-10-21,31.33,17.05,53.55,33.956051298575005,Normal,False,2016,35.18300183940995,YELLOW ALERT,88.39399999999999,93.12089233743501
2016-10-22,31.49,16.75,50.68,33.5997005698557,Normal,False,2016,34.347524832113805,YELLOW ALERT,88.68199999999999,92.47946102574026
2016-10-23,29.98,16.68,49.06,30.874396287877076,Normal,False,2016,32.81004938543591,YELLOW ALERT,85.964,87.57391331817874
2016-10-24,31.15,15.03,52.66,33.426416642487375,Normal,False,2016,32.633504500073364,YELLOW ALERT,88.07,92.16754995647727
2016-10-25,31.4,18.36,51.87,33.703337765873165,Normal,False,2016,32.66805023207919,YELLOW ALERT,88.52,92.6660079785717
2016-10-26,31.05,18.1,54.23,33.588059743355174,Normal,False,2016,33.57260471723856,YELLOW ALERT,87.89,92.45850753803931
2016-10-27,30.61,15.67,53.1,32.56806651882269,Normal,False,2016,33.28648800935033,YELLOW ALERT,87.098,90.62251973388084
2016-10-28,31.9,18.15,49.37,34.03392430323948,Normal,False,2016,33.39668352180577,YELLOW ALERT,89.41999999999999,93.26106374583107
2016-10-29,33.2,19.11,62.39,40.939906604466124,Normal,False,2016,35.84729914217609,YELLOW ALERT,91.76,105.69183188803902
2016-10-30,32.89,19.56,61.93,39.9324153367464,Normal,False,2016,38.302082081483995,YELLOW ALERT,91.202,103.87834760614354
2016-10-31,31.71,19.12,68.78,39.15073677824959,Normal,False,2016,40.00768623982069,YELLOW ALERT,89.078,102.47132620084926
2016-11-01,31.33,19.04,69.31,38.277697168384925,Normal,False,2016,39.12028309446029,YELLOW ALERT,88.39399999999999,100.89985490309286
2016-11-02,30.26,17.83,73.2,36.525044053203096,Normal,False,2016,37.984492666612525,YELLOW ALERT,86.468,97.74507929576558
2016-11-03,29.09,19.53,70.84,33.086044867981585,Normal,False,2016,35.962928696523186,YELLOW ALERT,84.362,91.55488076236685
2016-11-04,31.4,18.56,59.88,35.6789567263807,Normal,False,2016,35.09668188252178,YELLOW ALERT,88.52,96.22212210748526
2016-11-05,32.15,16.06,45.72,33.644006831772366,Normal,False,2016,34.13633614204487,YELLOW ALERT,89.86999999999999,92.55921229719026
2016-11-06,32.47,15.27,45.92,34.235521350163395,Normal,False,2016,34.5194949694388,YELLOW ALERT,90.446,93.6239384302941
2016-11-07,31.52,16.34,52.37,34.037378651665804,Normal,False,2016,33.97230227786717,YELLOW ALERT,88.736,93.26728157299844
2016-11-08,30.85,16.05,51.81,32.723579993037,Normal,False,2016,33.66549333162205,YELLOW ALERT,87.53,90.9024439874666
2016-11-09,30.74,14.02,51.86,32.54680016403367,Normal,False,2016,33.10258626957881,YELLOW ALERT,87.332,90.5842402952606
2016-11-10,31.2,13.81,47.69,32.49310803789017,Normal,False,2016,32.58782939832026,YELLOW ALERT,88.16,90.4875944682023
2016-11-11,32.14,14.26,53.01,35.39239434828682,Normal,False,2016,33.47743418340354,YELLOW ALERT,89.852,95.70630982691628
2016-11-12,32.27,15.53,55.47,36.34252204595899,Normal,False,2016,34.742674810711975,YELLOW ALERT,90.086,97.41653968272618
2016-11-13,32.69,18.15,66.67,41.16634020427818,Normal,False,2016,37.63375219950799,YELLOW ALERT,90.842,106.09941236770072
2016-11-14,33.57,19.9,62.08,41.84124208162288,Normal,False,2016,39.783368110619996,YELLOW ALERT,92.426,107.31423574692118
2016-11-15,33.31,18.77,56.56,39.06553133898912,Normal,False,2016,40.69103787496338,YELLOW ALERT,91.958,102.31795641018041
2016-11-16,31.3,18.87,63.79,36.53458617429952,Normal,False,2016,39.147119864970485,YELLOW ALERT,88.34,97.76225511373914
2016-11-17,29.36,18.61,70.99,33.73533893195458,Normal,False,2016,36.44515214841439,YELLOW ALERT,84.848,92.72361007751825
2016-11-18,29.39,16.35,65.6,32.722971214023765,Normal,False,2016,34.330965440092605,YELLOW ALERT,84.902,90.90134818524277
2016-11-19,30.81,15.07,64.87,35.67220572035473,Normal,False,2016,34.04350528877768,YELLOW ALERT,87.458,96.20997029663852
2016-11-20,30.61,16.05,58.68,33.73631912902519,Normal,False,2016,34.04383202113455,YELLOW ALERT,87.098,92.72537443224535
2016-11-21,31.74,15.19,55.66,35.280149741754244,Normal,False,2016,34.896224863711375,YELLOW ALERT,89.13199999999999,95.50426953515765
2016-11-22,32.35,15.56,44.34,33.67472261636423,Normal,False,2016,34.2303971623812,YELLOW ALERT,90.23,92.61450070945561
2016-11-23,32.36,14.33,47.82,34.493142169008095,Normal,False,2016,34.48267150904218,YELLOW ALERT,90.248,94.08765590421457
2016-11-24,31.61,12.68,52.45,34.22407175067443,Normal,False,2016,34.13064551201557,YELLOW ALERT,88.898,93.60332915121398
2016-11-25,31.37,12.27,54.57,34.270844102734905,Normal,False,2016,34.32935267413913,YELLOW ALERT,88.466,93.68751938492282
2016-11-26,32.21,14.91,44.31,33.438612475656974,Normal,False,2016,33.97784277635542,YELLOW ALERT,89.978,92.18950245618255
2016-11-27,32.26,15.48,38.44,32.372032635289486,Normal,False,2016,33.36049640456044,YELLOW ALERT,90.068,90.26965874352108
2016-11-28,33.3,16.58,28.25,32.121892278389105,Normal,False,2016,32.64417912977851,YELLOW ALERT,91.94,89.81940610110038
2016-11-29,32.98,15.32,40.19,33.79213705260519,Normal,False,2016,32.76202065542791,YELLOW ALERT,91.364,92.82584669468935
2016-11-30,30.05,14.48,55.17,32.00264120503366,Normal,False,2016,32.63889017867597,YELLOW ALERT,86.09,89.6047541690606
2016-12-01,26.04,15.4,67.26,27.246628677882445,Normal,False,2016,31.01380231184042,NO ALERT,78.872,81.0439316201884
2016-12-02,29.19,17.17,78.26,34.880667588218415,Normal,False,2016,31.376645823711495,NO ALERT,84.542,94.78520165879316
2016-12-03,28.67,18.22,82.08,34.2522389898035,Normal,False,2016,32.12651175196811,YELLOW ALERT,83.60600000000001,93.6540301816463
2016-12-04,29.73,18.28,76.93,36.051985838799766,Normal,False,2016,35.061630805607216,YELLOW ALERT,85.514,96.89357450983958
2016-12-05,30.46,18.05,72.55,36.88565433267175,Normal,False,2016,35.72995972042499,YELLOW ALERT,86.828,98.39417779880914
2016-12-06,28.85,15.68,70.12,32.42350838399504,Normal,False,2016,35.12038285182217,YELLOW ALERT,83.93,90.36231509119108
2016-12-07,30.21,12.79,70.27,35.62377360922976,Normal,False,2016,34.97764544196551,YELLOW ALERT,86.378,96.12279249661357
2016-12-08,30.51,16.94,64.16,34.80636189741853,Normal,False,2016,34.284547963547766,YELLOW ALERT,86.918,94.65145141535336
2016-12-09,29.81,14.58,42.73,29.787097457358794,Normal,False,2016,33.40574432133568,YELLOW ALERT,85.65799999999999,85.61677542324583
2016-12-10,29.17,12.52,29.87,28.00764572209326,Normal,False,2016,30.86703502562352,NO ALERT,84.506,82.41376229976787
2016-12-11,24.11,13.92,33.5,25.166349108135964,Normal,False,2016,27.653697429195997,NO ALERT,75.398,77.29942839464474
2016-12-12,24.16,16.41,60.46,25.3575778443368,Normal,False,2016,26.17719089152199,NO ALERT,75.488,77.64364011980624
2016-12-13,26.28,18.09,83.93,28.427185239562583,Normal,False,2016,26.317037397345103,NO ALERT,79.304,83.16893343121265
2016-12-14,28.11,17.48,78.28,32.10252033657221,Normal,False,2016,28.62909447349052,NO ALERT,82.598,89.78453660582997
2016-12-15,28.67,15.74,74.35,32.77547654967296,Normal,False,2016,31.10172737526924,NO ALERT,83.60600000000001,90.99585778941132
2016-12-16,27.99,17.16,80.25,32.11250805750476,Normal,False,2016,32.3301683145833,YELLOW ALERT,82.382,89.80251450350858
2016-12-17,29.14,16.03,73.24,33.67888068849491,Normal,False,2016,32.8556217652242,YELLOW ALERT,84.452,92.62198523929084
2016-12-18,28.67,15.53,69.11,31.87158561839216,Normal,False,2016,32.55432478813059,YELLOW ALERT,83.60600000000001,89.36885411310588
2016-12-19,28.64,13.21,60.28,30.477192387995427,Normal,False,2016,32.00921956496082,YELLOW ALERT,83.55199999999999,86.85894629839177
2016-12-20,29.23,13.33,59.31,31.315949116908527,Normal,False,2016,31.221575707765357,NO ALERT,84.614,88.36870841043535
2016-12-21,30.12,14.66,62.21,33.526469606619415,Normal,False,2016,31.77320370384111,NO ALERT,86.216,92.34764529191494
2016-12-22,29.59,15.7,44.67,29.75499938671837,Normal,False,2016,31.532472703415422,NO ALERT,85.262,85.55899889609307
2016-12-23,29.24,14.23,36.57,28.547434945194702,Normal,False,2016,30.609634646177483,NO ALERT,84.63199999999999,83.38538290135047
2016-12-24,29.58,12.96,48.4,30.222011392200393,Normal,False,2016,29.508148574704474,NO ALERT,85.244,86.39962050596071
2016-12-25,29.74,11.55,59.9,32.32501417106678,Normal,False,2016,30.364820169487277,NO ALERT,85.532,90.18502550792022
2016-12-26,29.58,13.87,54.08,31.05341014794921,Normal,False,2016,31.20014523707211,NO ALERT,85.244,87.89613826630858
2016-12-27,29.43,12.5,58.57,31.537163923130418,Normal,False,2016,31.63852941404879,NO ALERT,84.974,88.76689506163476
2016-12-28,29.6,11.87,67.92,33.636893419543384,Normal,False,2016,32.07582249687432,YELLOW ALERT,85.28,92.54640815517809
2016-12-29,28.59,12.47,65.64,31.166592797416147,Normal,False,2016,32.11355004669664,YELLOW ALERT,83.462,88.09986703534906
2016-12-30,27.95,13.29,69.75,30.53756058047985,Normal,False,2016,31.78034893247978,NO ALERT,82.31,86.96760904486374
2016-12-31,28.0,12.56,68.12,30.421235600382627,Normal,False,2016,30.708462992759525,NO ALERT,82.4,86.75822408068873
2017-01-01,28.1,11.19,66.32,30.370239229240635,Normal,False,2017,30.443011803367693,NO ALERT,82.58,86.66643061263315
2017-01-02,28.56,12.2,58.84,30.15626166246141,Normal,False,2017,30.31591216402821,NO ALERT,83.40799999999999,86.28127099243054
2017-01-03,28.54,13.27,56.31,29.80461284822639,Normal,False,2017,30.1103712466428,NO ALERT,83.372,85.6483031268075
2017-01-04,28.99,13.45,59.73,30.975332093230364,Normal,False,2017,30.31206886797271,NO ALERT,84.18199999999999,87.75559776781465
2017-01-05,29.15,12.86,60.04,31.295900574484246,Normal,False,2017,30.69194850531365,NO ALERT,84.47,88.33262103407165
2017-01-06,29.42,12.43,57.21,31.296099735042826,Normal,False,2017,31.189110800919128,NO ALERT,84.956,88.33297952307709
2017-01-07,29.73,13.41,61.01,32.515755266248206,Normal,False,2017,31.702585191925078,NO ALERT,85.514,90.52835947924677
2017-01-08,30.01,13.25,62.05,33.26986203615414,Normal,False,2017,32.36057234581504,YELLOW ALERT,86.018,91.88575166507744
2017-01-09,29.48,13.8,57.58,31.457132996522812,Normal,False,2017,32.4142500996417,YELLOW ALERT,85.064,88.62283939374106
2017-01-10,30.0,12.36,56.81,32.217321172106104,Normal,False,2017,32.314772068261,YELLOW ALERT,86.0,89.99117810979098
2017-01-11,30.03,14.35,52.09,31.433620823560002,Normal,False,2017,31.702691664062957,NO ALERT,86.054,88.580517482408
2017-01-12,29.77,14.59,62.74,32.930893029952344,Normal,False,2017,32.193945008539465,YELLOW ALERT,85.586,91.27560745391422
2017-01-13,29.41,16.47,64.85,32.62087401767289,Normal,False,2017,32.3284626237284,YELLOW ALERT,84.938,90.7175732318112
2017-01-14,28.43,16.29,63.93,30.630378745562187,Normal,False,2017,32.06071526439579,YELLOW ALERT,83.174,87.13468174201194
2017-01-15,29.07,14.66,62.96,31.629854291331284,Normal,False,2017,31.62703568485544,NO ALERT,84.326,88.93373772439631
2017-01-16,28.99,14.75,59.83,30.99055520651455,Normal,False,2017,31.083596081135994,NO ALERT,84.18199999999999,87.78299937172619
2017-01-17,29.4,12.51,56.14,31.09247559992983,Normal,False,2017,31.237628365925207,NO ALERT,84.91999999999999,87.9664560798737
2017-01-18,28.64,11.08,59.28,30.340151679720822,Normal,False,2017,30.807727495388388,NO ALERT,83.55199999999999,86.61227302349748
2017-01-19,28.11,13.82,66.83,30.454500254823174,Normal,False,2017,30.62904251149126,NO ALERT,82.598,86.81810045868171
2017-01-20,29.12,11.92,67.99,32.61220866076761,Normal,False,2017,31.135620198437184,NO ALERT,84.416,90.70197558938169
2017-01-21,29.34,15.27,71.6,33.816110764675045,Normal,False,2017,32.29427322675526,YELLOW ALERT,84.812,92.86899937641508
2017-01-22,30.78,15.1,59.45,34.254151748325,Normal,False,2017,33.560823724589206,YELLOW ALERT,87.404,93.657473146985
2017-01-23,30.09,12.76,52.97,31.678768461642854,Normal,False,2017,33.249676991547624,YELLOW ALERT,86.162,89.02178323095714
2017-01-24,30.29,13.96,57.75,32.92498894738931,Normal,False,2017,32.9526363857857,YELLOW ALERT,86.522,91.26498010530075
2017-01-25,30.26,14.93,62.74,33.93267088367773,Normal,False,2017,32.84547609756995,YELLOW ALERT,86.468,93.0788075906199
2017-01-26,28.8,15.34,70.25,32.33884324739935,Normal,False,2017,33.06550102615545,YELLOW ALERT,83.84,90.20991784531884
2017-01-27,28.16,18.08,76.33,31.916669424845445,Normal,False,2017,32.729394518640824,YELLOW ALERT,82.688,89.4500049647218
2017-01-28,30.91,18.13,70.19,37.4143237660656,Normal,False,2017,33.88994547943678,YELLOW ALERT,87.638,99.34578277891808
2017-01-29,31.77,16.3,56.47,35.557397453374605,Normal,False,2017,34.96279688142854,YELLOW ALERT,89.186,96.00331541607429
2017-01-30,31.58,15.7,55.46,34.90317238428625,Normal,False,2017,35.958297867908804,YELLOW ALERT,88.844,94.82571029171524
2017-01-31,32.85,15.18,52.86,36.81704174460152,Normal,False,2017,35.75920386075411,YELLOW ALERT,91.13000000000001,98.27067514028273
2017-02-01,32.26,12.52,46.44,33.99227700093028,Normal,False,2017,35.23749704327267,YELLOW ALERT,90.068,93.1860986016745
2017-02-02,30.79,12.03,52.1,32.67893820021243,Normal,False,2017,34.49608564858139,YELLOW ALERT,87.422,90.82208876038237
2017-02-03,30.54,12.88,53.52,32.52980788195039,Normal,False,2017,33.06700769436435,YELLOW ALERT,86.97200000000001,90.5536541875107
2017-02-04,31.09,13.04,55.63,33.97959808808283,Normal,False,2017,33.062781390081874,YELLOW ALERT,87.962,93.16327655854909
2017-02-05,31.74,14.15,51.2,34.17058352150425,Normal,False,2017,33.55999649717915,YELLOW ALERT,89.13199999999999,93.50705033870764
2017-02-06,31.69,12.31,48.15,33.39508108903796,Normal,False,2017,33.84842089954166,YELLOW ALERT,89.042,92.11114596026832
2017-02-07,32.66,12.94,38.23,32.90951730679868,Normal,False,2017,33.49172730578028,YELLOW ALERT,90.78799999999998,91.23713115223764
2017-02-08,32.86,13.42,38.59,33.275959319826875,Normal,False,2017,33.193519238554494,YELLOW ALERT,91.148,91.89672677568838
2017-02-09,33.06,12.62,42.45,34.4307482855622,Normal,False,2017,33.53874163739591,YELLOW ALERT,91.50800000000001,93.97534691401196
2017-02-10,32.67,12.16,46.68,34.77266059951934,Normal,False,2017,34.159789401636125,YELLOW ALERT,90.80600000000001,94.59078907913481
2017-02-11,32.38,11.5,48.05,34.585224543181965,Normal,False,2017,34.59621114275449,YELLOW ALERT,90.284,94.25340417772753
2017-02-12,31.0,13.88,54.69,33.59696935801657,Normal,False,2017,34.31828483357261,YELLOW ALERT,87.8,92.47454484442983
2017-02-13,30.22,13.58,58.17,32.87963083471886,Normal,False,2017,33.68727491197245,YELLOW ALERT,86.396,91.18333550249395
2017-02-14,31.11,13.61,64.78,36.35920458912195,Normal,False,2017,34.27860159395245,YELLOW ALERT,87.998,97.44656826041951
2017-02-15,31.03,13.84,55.15,33.7558887995204,Normal,False,2017,34.33157474112039,YELLOW ALERT,87.854,92.76059983913672
2017-02-16,30.5,11.41,55.08,32.76814038636118,Normal,False,2017,34.2944112583345,YELLOW ALERT,86.9,90.98265269545013
2017-02-17,30.89,13.06,48.49,32.151596874660726,Normal,False,2017,32.89187535351409,YELLOW ALERT,87.602,89.87287437438931
2017-02-18,32.31,14.75,44.39,33.619625092159865,Normal,False,2017,32.84645411772724,YELLOW ALERT,90.158,92.51532516588776
2017-02-19,34.19,15.6,40.24,35.82141392843297,Normal,False,2017,33.86421196508451,YELLOW ALERT,93.542,96.47854507117934
2017-02-20,34.58,16.21,31.89,34.458805344159856,Normal,False,2017,34.63328145491755,YELLOW ALERT,94.244,94.02584961948773
2017-02-21,35.22,16.19,30.9,35.190753660931506,Normal,False,2017,35.156990977841424,YELLOW ALERT,95.396,95.34335658967672
2017-02-22,36.23,16.5,33.13,37.374782603011894,Normal,False,2017,35.674780536034405,YELLOW ALERT,97.214,99.27460868542141
2017-02-23,35.63,15.55,44.12,39.85818250366049,Normal,False,2017,37.47457292253461,YELLOW ALERT,96.134,103.74472850658887
2017-02-24,35.79,16.23,39.54,38.573273382075655,Normal,False,2017,38.60207949624933,YELLOW ALERT,96.422,101.43189208773617
2017-02-25,35.54,17.19,38.19,37.665951610792376,Normal,False,2017,38.69913583217616,YELLOW ALERT,95.97200000000001,99.79871289942628
2017-02-26,33.43,18.28,41.9,34.927345524329944,Normal,False,2017,37.055523505732644,YELLOW ALERT,92.174,94.8692219437939
2017-02-27,29.9,15.46,44.41,30.109114940097438,Normal,False,2017,34.23413735840657,YELLOW ALERT,85.82,86.19640689217539
2017-02-28,33.49,16.4,29.15,32.48645421885499,Normal,False,2017,32.50763822776077,YELLOW ALERT,92.28200000000001,90.47561759393898
2017-03-01,33.57,15.41,31.07,32.89526937093745,Normal,False,2017,31.830279509963276,NO ALERT,92.426,91.2114848676874
2017-03-02,34.19,14.95,26.11,32.90552826470264,Normal,False,2017,32.76241728483168,YELLOW ALERT,93.542,91.22995087646476
2017-03-03,34.86,14.59,37.92,36.36644554296309,Normal,False,2017,34.05574772620104,YELLOW ALERT,94.748,97.45960197733356
2017-03-04,34.38,18.6,60.62,43.519639718523074,Normal,False,2017,37.59720450872959,YELLOW ALERT,93.884,110.33535149334153
2017-03-05,33.13,20.06,56.13,38.487399490107656,Normal,False,2017,39.45782825053126,YELLOW ALERT,91.634,101.27731908219377
2017-03-06,35.43,20.67,54.97,43.898434694885154,Normal,False,2017,41.968491301171944,ORANGE ALERT,95.774,111.01718245079329
2017-03-07,31.92,21.65,62.55,37.667750367060535,Normal,False,2017,40.0178615173511,YELLOW ALERT,89.456,99.80195066070897
2017-03-08,31.39,20.63,69.18,38.39985505581883,Normal,False,2017,39.988680039254824,YELLOW ALERT,88.502,101.1197391004739
2017-03-09,32.96,20.41,65.51,41.49061610223659,Normal,False,2017,39.1860738417053,YELLOW ALERT,91.328,106.68310898402585
2017-03-10,33.43,20.37,63.19,41.90038860581634,Normal,False,2017,40.596953254623905,YELLOW ALERT,92.174,107.4206994904694
2017-03-11,32.83,19.72,61.37,39.57227775135738,Normal,False,2017,40.98776081980342,YELLOW ALERT,91.094,103.23009995244328
2017-03-12,33.65,18.79,52.79,38.55742356182188,Normal,False,2017,40.01002997299852,YELLOW ALERT,92.57,101.40336241127937
2017-03-13,33.87,19.35,61.09,42.27190061374923,Normal,False,2017,40.13386730897614,YELLOW ALERT,92.966,108.08942110474861
2017-03-14,31.53,20.52,64.1,37.18361080988119,Normal,False,2017,39.337644995150754,YELLOW ALERT,88.75399999999999,98.93049945778614
2017-03-15,31.85,20.67,58.85,36.39213032591485,Normal,False,2017,38.61588058318174,YELLOW ALERT,89.33000000000001,97.50583458664673
2017-03-16,33.6,18.68,55.2,39.282212679226305,Normal,False,2017,37.619317938340764,YELLOW ALERT,92.48,102.70798282260735
2017-03-17,34.08,18.86,50.7,38.81002795890855,Normal,False,2017,38.161456988016546,YELLOW ALERT,93.344,101.8580503260354
2017-03-18,35.9,21.66,40.46,39.1043876207479,Normal,False,2017,39.0655427529609,YELLOW ALERT,96.61999999999999,102.38789771734622
2017-03-19,36.04,20.1,42.83,40.25765122813056,Normal,False,2017,39.390688935928985,YELLOW ALERT,96.872,104.46377221063501
2017-03-20,36.06,20.22,46.43,41.73634771008545,Normal,False,2017,40.36612885298795,YELLOW ALERT,96.908,107.1254258781538
2017-03-21,32.76,22.16,55.68,37.486289393670745,Normal,False,2017,39.82676277729556,YELLOW ALERT,90.96799999999999,99.47532090860734
2017-03-22,34.38,19.24,53.76,40.64421782233644,Normal,False,2017,39.95561830869753,YELLOW ALERT,93.884,105.15959208020558
2017-03-23,35.32,17.66,47.09,40.290947133314276,Normal,False,2017,39.47381811644047,YELLOW ALERT,95.576,104.52370483996569
2017-03-24,36.09,16.81,37.21,38.378735594438545,Normal,False,2017,39.771300183363074,YELLOW ALERT,96.96200000000002,101.08172406998938
2017-03-25,36.52,17.47,33.15,37.87851828310336,Normal,False,2017,38.849400336952044,YELLOW ALERT,97.736,100.18133290958605
2017-03-26,36.64,18.05,34.22,38.42370079365545,Normal,False,2017,38.2269848903991,YELLOW ALERT,97.952,101.16266142857981
2017-03-27,36.05,18.07,32.31,36.84323378172135,Normal,False,2017,37.715150952826704,YELLOW ALERT,96.89,98.31782080709843
2017-03-28,36.9,19.5,32.22,38.251845230547026,Normal,False,2017,37.83959326864126,YELLOW ALERT,98.41999999999999,100.85332141498465
2017-03-29,37.41,19.75,35.05,40.144035892124435,Normal,False,2017,38.41303830146425,YELLOW ALERT,99.338,104.25926460582397
2017-03-30,37.59,18.73,30.89,39.02670501580572,Normal,False,2017,39.14086204615904,YELLOW ALERT,99.662,102.24806902845029
2017-03-31,37.12,20.38,37.17,40.36165775264471,Normal,False,2017,39.84413288685827,YELLOW ALERT,98.816,104.65098395476048
2017-04-01,38.26,19.41,34.49,41.60044927673678,Normal,False,2017,40.32960401506239,YELLOW ALERT,100.868,106.88080869812622
2017-04-02,38.49,21.37,33.16,41.51921122682544,Normal,False,2017,41.16043941873563,ORANGE ALERT,101.28200000000001,106.73458020828579
2017-04-03,37.46,20.93,43.82,43.92543083458999,Normal,False,2017,42.34836377938405,ORANGE ALERT,99.428,111.06577550226197
2017-04-04,36.15,20.99,47.19,42.27257707977979,Normal,False,2017,42.5724063803984,ORANGE ALERT,97.07,108.09063874360363
2017-04-05,37.38,21.92,45.03,44.30359695730298,Normal,False,2017,43.50053495722424,ORANGE ALERT,99.284,111.74647452314537
2017-04-06,37.21,23.59,39.83,41.5956094702086,Normal,False,2017,42.72392783576377,ORANGE ALERT,98.978,106.87209704637549
2017-04-07,37.54,22.92,39.89,42.34165504932643,Normal,False,2017,42.74695382561265,ORANGE ALERT,99.572,108.21497908878757
2017-04-08,37.86,23.01,38.78,42.56568185679885,Normal,False,2017,42.16764879211127,ORANGE ALERT,100.148,108.61822734223793
2017-04-09,38.62,21.88,36.64,43.27332020411108,Normal,False,2017,42.7268857034121,ORANGE ALERT,101.51599999999999,109.89197636739995
2017-04-10,38.4,22.46,39.86,44.27908434883865,Normal,False,2017,43.372695469916174,ORANGE ALERT,101.11999999999999,111.70235182790957
2017-04-11,38.69,22.5,37.41,43.780597402853736,Normal,False,2017,43.77766731860114,ORANGE ALERT,101.642,110.80507532513673
2017-04-12,36.6,22.39,40.09,40.403011482609244,Normal,False,2017,42.820897744767194,ORANGE ALERT,97.88000000000001,104.72542066869664
2017-04-13,38.0,20.5,39.59,43.23641112889605,Normal,False,2017,42.47334000478633,ORANGE ALERT,100.4,109.8255400320129
2017-04-14,37.64,20.4,34.63,40.43316033406149,Normal,False,2017,41.35752764852224,ORANGE ALERT,99.752,104.77968860131068
2017-04-15,38.49,20.67,35.71,42.58405367994227,Normal,False,2017,42.084541714299924,ORANGE ALERT,101.28200000000001,108.65129662389609
2017-04-16,39.27,22.1,31.93,42.544400464422125,Normal,False,2017,41.853871492808615,ORANGE ALERT,102.686,108.57992083595983
2017-04-17,38.48,23.9,38.4,43.77209576326695,Normal,False,2017,42.966849969210436,ORANGE ALERT,101.264,110.78977237388051
2017-04-18,38.1,22.16,39.12,43.248620687022395,Normal,False,2017,43.1883723049038,ORANGE ALERT,100.58000000000001,109.8475172366403
2017-04-19,38.25,24.23,38.88,43.47621722597826,Normal,False,2017,43.49897789208918,ORANGE ALERT,100.85,110.25719100676086
2017-04-20,36.95,24.19,41.91,41.887575594495814,Normal,False,2017,42.8708045024988,ORANGE ALERT,98.51,107.39763607009246
2017-04-21,35.36,24.67,51.5,42.16980183119834,Normal,False,2017,42.51119821722412,ORANGE ALERT,95.648,107.90564329615702
2017-04-22,37.35,23.57,43.38,43.456611762641,Normal,False,2017,42.50466306277837,ORANGE ALERT,99.23,110.2219011727538
2017-04-23,38.03,22.49,36.09,41.78727164213308,Normal,False,2017,42.471228411990786,ORANGE ALERT,100.454,107.21708895583954
2017-04-24,37.89,22.21,31.55,39.78380449121677,Normal,False,2017,41.67589596533027,ORANGE ALERT,100.202,103.61084808419018
2017-04-25,38.27,23.71,40.48,44.27237966805727,Normal,False,2017,41.94781860046903,ORANGE ALERT,100.886,111.69028340250308
2017-04-26,34.07,24.73,48.11,37.91701275946174,Normal,False,2017,40.657732306245244,YELLOW ALERT,93.326,100.25062296703113
2017-04-27,36.98,24.64,39.63,41.02320236245072,Normal,False,2017,41.07086492998989,ORANGE ALERT,98.564,105.8417642524113
2017-04-28,37.67,22.51,35.69,40.896414877843796,Normal,False,2017,39.94554333325207,YELLOW ALERT,99.80600000000001,105.61354678011884
2017-04-29,37.67,24.54,36.27,41.123599051923705,Normal,False,2017,41.01440543073939,ORANGE ALERT,99.80600000000001,106.02247829346267
2017-04-30,36.62,23.4,42.93,41.57205768912105,Normal,False,2017,41.19735720629617,ORANGE ALERT,97.916,106.82970384041789
2017-05-01,32.67,23.68,54.83,37.022667721728354,Normal,False,2017,39.90610815425769,YELLOW ALERT,90.80600000000001,98.64080189911104
2017-05-02,33.63,20.68,55.36,39.411840801559606,Normal,False,2017,39.33552207080299,YELLOW ALERT,92.534,102.94131344280729
2017-05-03,35.65,20.99,53.92,44.01160341308119,Normal,False,2017,40.148703978789705,YELLOW ALERT,96.16999999999999,111.22088614354614
2017-05-04,37.26,21.49,48.0,45.45841682637749,Normal,False,2017,42.96062034700608,ORANGE ALERT,99.068,113.82515028747949
2017-05-05,38.67,21.82,47.94,49.32693859137363,Normal,False,2017,46.265652943610746,ORANGE ALERT,101.60600000000001,120.78848946447253
2017-05-06,38.7,23.13,48.04,49.4735510088738,Normal,False,2017,48.08630214220829,ORANGE ALERT,101.66,121.05239181597284
2017-05-07,35.35,24.32,49.59,41.34858117181961,Normal,False,2017,46.71635692402233,ORANGE ALERT,95.63000000000001,106.4274461092753
2017-05-08,30.77,23.41,61.13,34.634890841070956,Normal,False,2017,41.81900767392144,ORANGE ALERT,87.386,94.34280351392772
2017-05-09,33.35,21.72,59.34,40.174989214704134,Normal,False,2017,38.71948707586488,YELLOW ALERT,92.03,104.31498058646744
2017-05-10,33.14,22.79,60.84,40.188284866369855,Normal,False,2017,38.332721640714965,YELLOW ALERT,91.652,104.33891275946573
2017-05-11,29.65,22.21,70.46,34.30319137697172,Normal,False,2017,38.222155152681886,YELLOW ALERT,85.36999999999999,93.74574447854908
2017-05-12,34.12,21.87,62.53,43.61655944679102,Normal,False,2017,39.36934523004418,YELLOW ALERT,93.416,110.50980700422384
2017-05-13,35.96,21.89,55.62,45.707645154516236,Normal,False,2017,41.20913199275964,ORANGE ALERT,96.728,114.27376127812923
2017-05-14,37.53,23.1,52.38,48.57938762283639,Normal,False,2017,45.967864074714534,ORANGE ALERT,99.554,119.44289772110551
2017-05-15,34.53,23.15,59.54,43.46542672568735,Normal,False,2017,45.91748650101331,ORANGE ALERT,94.154,110.23776810623723
2017-05-16,38.45,23.8,48.84,49.22514503307608,Normal,False,2017,47.08998646053326,ORANGE ALERT,101.21000000000001,120.60526105953696
2017-05-17,37.87,24.48,48.83,47.561806758622886,Normal,False,2017,46.750792839128756,ORANGE ALERT,100.166,117.6112521655212
2017-05-18,36.07,24.09,58.07,47.309746760680106,Normal,False,2017,48.03223285079301,ORANGE ALERT,96.926,117.1575441692242
2017-05-19,29.71,23.5,71.04,34.57835745681213,Normal,False,2017,43.14997032537169,ORANGE ALERT,85.478,94.24104342226182
2017-05-20,32.16,22.22,66.57,39.6330697491588,Normal,False,2017,40.507057988883666,YELLOW ALERT,89.88799999999999,103.33952554848584
2017-05-21,30.76,22.07,70.28,37.041849969567494,Normal,False,2017,37.084425725179464,YELLOW ALERT,87.36800000000001,98.67532994522148
2017-05-22,32.03,22.01,71.0,40.867256346312146,Normal,False,2017,39.18072535501279,YELLOW ALERT,89.654,105.56106142336186
2017-05-23,36.21,21.62,55.93,46.59911019394762,Normal,False,2017,41.50273883660907,ORANGE ALERT,97.178,115.87839834910571
2017-05-24,35.79,22.62,58.6,46.73130991290279,Normal,False,2017,44.732558817720836,ORANGE ALERT,96.422,116.11635784322502
2017-05-25,33.58,23.03,62.63,42.09584435511185,Normal,False,2017,45.1420881539874,ORANGE ALERT,92.44399999999999,107.77251983920134
2017-05-26,33.21,22.99,65.37,42.16007597999732,Normal,False,2017,43.66241008267064,ORANGE ALERT,91.77799999999999,107.88813676399518
2017-05-27,30.19,23.05,77.69,37.58049516491421,Normal,False,2017,40.61213850000778,YELLOW ALERT,86.34200000000001,99.64489129684559
2017-05-28,32.31,22.18,70.74,41.61799898744804,Normal,False,2017,40.452856710786506,YELLOW ALERT,90.158,106.91239817740647
2017-05-29,34.72,21.74,63.71,46.01024954045875,Normal,False,2017,41.73624789760698,ORANGE ALERT,94.49600000000001,114.81844917282575
2017-05-30,34.64,20.93,64.1,45.950348328522765,Normal,False,2017,44.52619895214317,ORANGE ALERT,94.352,114.71062699134097
2017-05-31,33.95,20.96,65.58,44.48818149229405,Normal,False,2017,45.4829264537585,ORANGE ALERT,93.11,112.0787266861293
2017-06-01,33.57,21.53,65.2,43.155778292831286,Normal,False,2017,44.531436037882685,ORANGE ALERT,92.426,109.68040092709631
2017-06-02,32.32,21.12,69.41,41.13504682200164,Normal,False,2017,42.92633553570897,ORANGE ALERT,90.176,106.04308427960295
2017-06-03,31.84,21.15,69.67,39.82617139382657,Normal,False,2017,41.372332169553154,ORANGE ALERT,89.312,103.68710850888782
2017-06-04,30.93,21.12,69.47,37.254498180128714,Normal,False,2017,39.405238798652285,YELLOW ALERT,87.674,99.05809672423169
2017-06-05,33.41,21.31,64.08,42.209487756816344,Normal,False,2017,39.763385776923855,YELLOW ALERT,92.13799999999999,107.97707796226942
2017-06-06,31.34,21.26,73.58,39.7170397034677,Normal,False,2017,39.727008546804235,YELLOW ALERT,88.412,103.49067146624186
2017-06-07,27.15,19.69,71.42,29.240556662790645,Normal,False,2017,37.05569470769154,YELLOW ALERT,80.87,84.63300199302316
2017-06-08,27.6,19.01,70.82,30.00473065840193,Normal,False,2017,32.98744234155341,YELLOW ALERT,81.68,86.00851518512347
2017-06-09,29.35,20.33,74.37,34.436309226625326,Normal,False,2017,31.22719884927262,NO ALERT,84.83000000000001,93.98535660792558
2017-06-10,27.71,20.75,76.19,30.87998571282469,Normal,False,2017,31.773675199283968,NO ALERT,81.878,87.58397428308444
2017-06-11,29.81,19.81,73.76,35.47600742635888,Normal,False,2017,33.59743412193628,YELLOW ALERT,85.65799999999999,95.856813367446
2017-06-12,28.71,21.15,77.1,33.381861565787545,Normal,False,2017,33.24595156832369,YELLOW ALERT,83.678,92.08735081841759
2017-06-13,31.07,20.99,73.24,38.80609571979673,Normal,False,2017,35.88798823731437,YELLOW ALERT,87.926,101.85097229563411
2017-06-14,31.71,21.55,72.3,40.3801167394266,Normal,False,2017,37.522691341670274,YELLOW ALERT,89.078,104.68421013096788
2017-06-15,32.31,21.13,71.46,41.9003893479019,Normal,False,2017,40.362200602375054,YELLOW ALERT,90.158,107.42070082622342
2017-06-16,30.57,21.61,74.3,37.6956672896031,Normal,False,2017,39.99205779231051,YELLOW ALERT,87.026,99.85220112128557
2017-06-17,31.12,19.9,68.39,37.43234039935682,Normal,False,2017,39.00946567895392,YELLOW ALERT,88.01599999999999,99.37821271884226
2017-06-18,31.01,19.83,68.65,37.222453427281934,Normal,False,2017,37.45015370541393,YELLOW ALERT,87.81800000000001,99.00041616910748
2017-06-19,28.02,19.98,70.94,30.831662821942434,Normal,False,2017,35.16215221619371,YELLOW ALERT,82.436,87.49699307949638
2017-06-20,31.48,20.25,68.69,38.48731618045829,Normal,False,2017,35.5138108098942,YELLOW ALERT,88.664,101.27716912482492
2017-06-21,31.01,20.14,67.36,36.846216413404015,Normal,False,2017,35.3883984719349,YELLOW ALERT,87.81800000000001,98.32318954412723
2017-06-22,31.31,20.36,69.05,38.14103380880501,Normal,False,2017,37.82485546755576,YELLOW ALERT,88.35799999999999,100.65386085584902
2017-06-23,31.93,20.78,69.11,39.88627968052838,Normal,False,2017,38.29117663424578,YELLOW ALERT,89.474,103.79530342495109
2017-06-24,29.86,20.93,69.64,34.61561714147053,Normal,False,2017,37.54764354360129,YELLOW ALERT,85.748,94.30811085464696
2017-06-25,30.91,20.5,68.45,36.90537407411404,Normal,False,2017,37.135756965370966,YELLOW ALERT,87.638,98.42967333340528
2017-06-26,29.46,21.03,69.69,33.69397470539758,Normal,False,2017,35.071655306994025,YELLOW ALERT,85.02799999999999,92.64915446971564
2017-06-27,30.14,21.1,65.74,34.356518767954555,Normal,False,2017,34.98528918248871,YELLOW ALERT,86.252,93.84173378231819
2017-06-28,30.31,20.38,67.59,35.19190395394218,Normal,False,2017,34.41413247576475,YELLOW ALERT,86.55799999999999,95.34542711709592
2017-06-29,27.22,19.81,71.98,29.420359060813887,Normal,False,2017,32.98959392757019,YELLOW ALERT,80.996,84.956646309465
2017-06-30,29.76,20.53,72.87,35.13116936337926,Normal,False,2017,33.24781079271176,YELLOW ALERT,85.56800000000001,95.23610485408265
2017-07-01,31.42,20.61,67.08,37.8161109421421,Normal,False,2017,34.12254645544507,YELLOW ALERT,88.55600000000001,100.06899969585578
2017-07-02,31.7,20.73,70.34,39.657634887311644,Normal,False,2017,37.534971730944314,YELLOW ALERT,89.06,103.38374279716096
2017-07-03,32.38,20.63,64.28,39.422447147080646,Normal,False,2017,38.96539765884478,YELLOW ALERT,90.284,102.96040486474517
2017-07-04,31.02,19.83,65.24,36.27097543106979,Normal,False,2017,38.45035248848734,YELLOW ALERT,87.836,97.28775577592563
2017-07-05,30.99,19.15,68.57,37.146891883195444,Normal,False,2017,37.61343815378194,YELLOW ALERT,87.782,98.8644053897518
2017-07-06,30.21,20.27,72.42,36.18276671462681,Normal,False,2017,36.53354467629733,YELLOW ALERT,86.378,97.12898008632826
2017-07-07,30.01,20.42,70.68,35.22815263949016,Normal,False,2017,36.18593707910412,YELLOW ALERT,86.018,95.41067475108228
2017-07-08,29.17,19.99,69.29,32.96505698125036,Normal,False,2017,34.79199211178909,YELLOW ALERT,84.506,91.33710256625065
2017-07-09,31.3,19.51,66.46,37.317131362900426,Normal,False,2017,35.170113661213634,YELLOW ALERT,88.34,99.17083645322076
2017-07-10,30.58,21.03,70.51,36.63415174847185,Normal,False,2017,35.638780030874194,YELLOW ALERT,87.044,97.94147314724934
2017-07-11,28.84,20.56,74.82,33.267701091573564,Normal,False,2017,35.73966140098193,YELLOW ALERT,83.912,91.88186196483241
2017-07-12,29.63,19.37,69.05,33.94617594060095,Normal,False,2017,34.61600959354877,YELLOW ALERT,85.334,93.10311669308172
2017-07-13,30.15,20.05,66.75,34.615215217163126,Normal,False,2017,33.94303074977919,YELLOW ALERT,86.27,94.30738739089364
2017-07-14,28.76,19.16,67.07,31.717482876378906,Normal,False,2017,33.42629134471431,YELLOW ALERT,83.768,89.09146917748203
2017-07-15,31.44,19.82,66.44,37.669670623814504,Normal,False,2017,34.66745623911883,YELLOW ALERT,88.59200000000001,99.80540712286611
2017-07-16,32.15,20.47,64.31,38.82503938219461,Normal,False,2017,36.07073096079599,YELLOW ALERT,89.86999999999999,101.8850708879503
2017-07-17,30.06,19.74,70.04,35.19442278047215,Normal,False,2017,37.229710928827075,YELLOW ALERT,86.10799999999999,95.34996100484987
2017-07-18,27.76,21.04,77.82,31.20786487012475,Normal,False,2017,35.07577567759716,YELLOW ALERT,81.968,88.17415676622456
2017-07-19,30.04,20.56,72.47,35.75154126514556,Normal,False,2017,34.05127630524748,YELLOW ALERT,86.072,96.352774277262
2017-07-20,30.25,20.19,69.8,35.60356908386451,Normal,False,2017,34.187658406378254,YELLOW ALERT,86.45,96.08642435095611
2017-07-21,31.01,20.54,71.23,38.001158632958095,Normal,False,2017,36.452089660656036,YELLOW ALERT,87.81800000000001,100.40208553932457
2017-07-22,33.42,20.49,66.4,43.22203423612167,Normal,False,2017,38.94225398431474,YELLOW ALERT,92.156,109.79966162501901
2017-07-23,33.7,20.38,65.52,43.689836339295624,Normal,False,2017,41.637676402791776,ORANGE ALERT,92.66,110.64170541073213
2017-07-24,31.27,20.6,68.61,37.895875280276556,Normal,False,2017,41.60258195189793,ORANGE ALERT,88.286,100.2125755044978
2017-07-25,33.06,20.21,66.29,42.096041687776115,Normal,False,2017,41.22725110244941,ORANGE ALERT,91.50800000000001,107.77287503799701
2017-07-26,33.97,20.29,63.83,43.75263297881319,Normal,False,2017,41.24818331562194,ORANGE ALERT,93.146,110.75473936186374
2017-07-27,33.77,20.07,65.54,43.91312846641116,Normal,False,2017,43.2539343776668,ORANGE ALERT,92.786,111.04363123954008
2017-07-28,32.88,20.15,69.15,42.732212712994404,Normal,False,2017,43.46599138607289,ORANGE ALERT,91.184,108.91798288338993
2017-07-29,31.62,20.52,71.79,39.930345552197295,Normal,False,2017,42.19189557720093,ORANGE ALERT,88.916,103.87462199395513
2017-07-30,29.02,21.07,77.34,34.22669528967453,Normal,False,2017,38.963084518288724,YELLOW ALERT,84.236,93.60805152141415
2017-07-31,29.0,21.0,78.11,34.3361478963965,Normal,False,2017,36.16439624608942,YELLOW ALERT,84.2,93.8050662135137
2017-08-01,32.42,20.43,68.45,41.064214146097626,Normal,False,2017,36.5423524440562,YELLOW ALERT,90.35600000000001,105.91558546297573
2017-08-02,30.85,20.0,69.81,37.14319905000283,Normal,False,2017,37.514520364165634,YELLOW ALERT,87.53,98.85775829000508
2017-08-03,32.6,19.84,68.27,41.526422556203144,Normal,False,2017,39.911278584101176,YELLOW ALERT,90.68,106.74756060116566
2017-08-04,29.94,21.1,73.96,35.868573302540554,Normal,False,2017,38.17939830291549,YELLOW ALERT,85.89200000000001,96.563431944573
2017-08-05,31.83,21.04,71.05,40.28861079523927,Normal,False,2017,39.22786888466097,YELLOW ALERT,89.294,104.51949943143069
2017-08-06,31.45,21.18,70.53,39.00797673964608,Normal,False,2017,38.38838694580861,YELLOW ALERT,88.61,102.21435813136296
2017-08-07,31.7,20.9,69.48,39.36105039873072,Normal,False,2017,39.55254597787201,YELLOW ALERT,89.06,102.84989071771528
2017-08-08,30.85,21.3,70.99,37.490564017561816,Normal,False,2017,38.61986371864618,YELLOW ALERT,87.53,99.48301523161128
2017-08-09,29.21,21.65,74.28,34.066051212322414,Normal,False,2017,36.9725552095383,YELLOW ALERT,84.578,93.31889218218035
2017-08-10,26.25,20.86,78.49,28.080275159798436,Normal,False,2017,33.21229679656087,YELLOW ALERT,79.25,82.54449528763719
2017-08-11,28.96,20.29,77.27,34.055533662437625,Normal,False,2017,32.06728667818614,YELLOW ALERT,84.128,93.29996059238772
2017-08-12,28.57,19.71,79.16,33.41200111199609,Normal,False,2017,31.849269978077363,NO ALERT,83.426,92.14160200159296
2017-08-13,27.57,20.45,79.91,31.038530312200553,Normal,False,2017,32.83535502887807,YELLOW ALERT,81.626,87.86935456196099
2017-08-14,28.5,19.73,76.91,32.82492368948652,Normal,False,2017,32.42515170456104,YELLOW ALERT,83.3,91.08486264107573
2017-08-15,27.45,19.74,80.58,30.836842690217004,Normal,False,2017,31.566765563968005,NO ALERT,81.41,87.5063168423906
2017-08-16,27.57,19.9,81.57,31.252813243471792,Normal,False,2017,31.638193207725084,NO ALERT,81.626,88.25506383824923
2017-08-17,25.39,20.44,86.02,26.551376664426744,Normal,False,2017,29.547010866038494,NO ALERT,77.702,79.79247799596814
2017-08-18,27.24,20.3,80.63,30.34885850987447,Normal,False,2017,29.384349472590984,NO ALERT,81.032,86.62794531777405
2017-08-19,27.84,19.38,77.75,31.383139387304098,Normal,False,2017,29.427791520535084,NO ALERT,82.112,88.48965089714737
2017-08-20,28.46,19.0,75.23,32.43741969242163,Normal,False,2017,31.38980586320005,NO ALERT,83.228,90.38735544635892
2017-08-21,27.69,19.13,78.08,31.08153080131035,Normal,False,2017,31.63402996034534,NO ALERT,81.842,87.94675544235864
2017-08-22,26.78,19.77,81.33,29.368053706786682,Normal,False,2017,30.9623347335062,NO ALERT,80.20400000000001,84.86249667221603
2017-08-23,28.23,19.9,83.05,33.20630781774902,Normal,False,2017,31.218630775281998,NO ALERT,82.814,91.77135407194824
2017-08-24,25.4,20.5,86.98,26.573018911539208,Normal,False,2017,29.71579347869162,NO ALERT,77.72,79.83143404077057
2017-08-25,25.81,20.71,84.35,27.417182855881848,Normal,False,2017,29.065503195056674,NO ALERT,78.458,81.35092914058733
2017-08-26,27.97,20.06,82.25,32.37204010612864,Normal,False,2017,28.78741395784988,NO ALERT,82.346,90.26967219103155
2017-08-27,29.26,19.81,75.54,34.46373474044725,Normal,False,2017,31.41765256748589,NO ALERT,84.668,94.03472253280505
2017-08-28,26.64,19.78,83.98,29.257227894516284,Normal,False,2017,32.03100091369737,YELLOW ALERT,79.952,84.66301021012931
2017-08-29,28.71,19.9,79.02,33.75257193037145,Normal,False,2017,32.49117818844498,YELLOW ALERT,83.678,92.75462947466862
2017-08-30,30.42,19.73,78.32,38.46104280604297,Normal,False,2017,33.82361421031022,YELLOW ALERT,86.756,101.22987705087733
2017-08-31,29.01,20.06,78.19,34.37976164259877,Normal,False,2017,35.531125459671046,YELLOW ALERT,84.218,93.8835709566778
2017-09-01,27.38,20.51,84.64,31.159603938489013,Normal,False,2017,34.66680279571023,YELLOW ALERT,81.28399999999999,88.08728708928022
2017-09-02,27.55,20.89,85.89,31.777527326498582,Normal,False,2017,32.43896430252877,YELLOW ALERT,81.59,89.19954918769744
2017-09-03,27.36,20.57,83.96,31.024701636382304,Normal,False,2017,31.320610967123283,NO ALERT,81.248,87.84446294548815
2017-09-04,27.37,20.51,83.78,31.02846197732882,Normal,False,2017,31.276896980069882,NO ALERT,81.266,87.85123155919187
2017-09-05,27.79,20.75,83.41,32.07286521611244,Normal,False,2017,31.3753429432745,NO ALERT,82.02199999999999,89.73115738900239
2017-09-06,27.37,20.71,88.4,31.605653220640086,Normal,False,2017,31.56899347136043,NO ALERT,81.266,88.89017579715215
2017-09-07,27.59,21.77,88.5,32.256834178166024,Normal,False,2017,31.978450871639495,NO ALERT,81.662,90.06230152069884
2017-09-08,29.03,20.31,83.62,35.640297487034516,Normal,False,2017,33.167594961946854,YELLOW ALERT,84.25399999999999,96.15253547666212
2017-09-09,28.02,19.94,82.21,32.49766603782775,Normal,False,2017,33.46493256767607,YELLOW ALERT,82.436,90.49579886808995
2017-09-10,26.3,20.03,88.3,28.716966127513526,Normal,False,2017,32.28497655079191,YELLOW ALERT,79.34,83.69053902952434
2017-09-11,28.52,20.05,86.01,34.607958573058546,Normal,False,2017,31.94086357946659,NO ALERT,83.336,94.29432543150538
2017-09-12,27.56,21.01,86.7,31.91670188063976,Normal,False,2017,31.747208860403926,NO ALERT,81.608,89.45006338515157
2017-09-13,28.84,19.33,82.91,34.914940874012714,Normal,False,2017,33.81320044257032,YELLOW ALERT,83.912,94.84689357322289
2017-09-14,27.71,20.45,83.38,31.85710630510544,Normal,False,2017,32.89624968658595,YELLOW ALERT,81.878,89.3427913491898
2017-09-15,25.88,20.33,88.14,27.680398212374442,Normal,False,2017,31.48414846383085,NO ALERT,78.584,81.824716782274
2017-09-16,27.51,20.43,85.93,31.67327820493137,Normal,False,2017,30.40359424080373,NO ALERT,81.518,89.01190076887647
2017-09-17,26.71,19.38,86.63,29.638208651588975,Normal,False,2017,29.663961689631577,NO ALERT,80.078,85.34877557286015
2017-09-18,26.98,18.49,82.46,29.927504556129502,Normal,False,2017,30.412997137549933,NO ALERT,80.564,85.8695082010331
2017-09-19,28.09,18.38,81.36,32.54444911056694,Normal,False,2017,30.70338743942845,NO ALERT,82.562,90.58000839902049
2017-09-20,28.28,17.99,80.84,32.95524138089519,Normal,False,2017,31.809065015863855,NO ALERT,82.904,91.31943448561134
2017-09-21,28.32,17.6,83.07,33.45963316959777,Normal,False,2017,32.98644122035328,YELLOW ALERT,82.976,92.227339705276
2017-09-22,26.89,17.81,81.61,29.64029729215845,Normal,False,2017,32.01839061421712,YELLOW ALERT,80.402,85.35253512588521
2017-09-23,28.47,18.63,83.15,33.896601162432376,Normal,False,2017,32.33217720806285,YELLOW ALERT,83.24600000000001,93.01388209237828
2017-09-24,26.92,20.09,86.7,30.18497726567548,Normal,False,2017,31.24062524008875,NO ALERT,80.456,86.33295907821586
2017-09-25,25.34,20.05,90.82,26.426200586377977,Normal,False,2017,30.169259671495258,NO ALERT,77.612,79.56716105548036
2017-09-26,25.71,19.46,89.21,27.300228783803764,Normal,False,2017,27.970468878619055,NO ALERT,78.278,81.14041181084677
2017-09-27,23.66,20.69,90.74,22.878937941334513,Normal,False,2017,25.535122437172063,NO ALERT,74.588,73.18208829440212
2017-09-28,26.27,20.25,90.14,28.742941890389197,Normal,False,2017,26.30736953850914,NO ALERT,79.286,83.73729540270055
2017-09-29,26.95,19.42,88.03,30.394750370306447,Normal,False,2017,27.338876734010032,NO ALERT,80.50999999999999,86.7105506665516
2017-09-30,25.41,20.44,87.56,26.595102781342103,Normal,False,2017,28.577598347345898,NO ALERT,77.738,79.87118500641579
2017-10-01,24.91,19.91,89.57,25.471491268627762,Normal,False,2017,27.48711480675875,NO ALERT,76.838,77.84868428352998
2017-10-02,26.54,20.07,89.14,29.392261119552934,Normal,False,2017,27.15295172317425,NO ALERT,79.77199999999999,84.90607001519528
2017-10-03,27.24,19.92,88.5,31.24837120661664,Normal,False,2017,28.70404119826576,NO ALERT,81.032,88.24706817190994
2017-10-04,25.87,21.02,91.32,27.74872744314753,Normal,False,2017,29.463119923105683,NO ALERT,78.566,81.94770939766555
2017-10-05,25.8,20.21,91.26,27.56705931119297,Normal,False,2017,28.854719320319024,NO ALERT,78.44,81.62070676014734
2017-10-06,25.64,19.49,89.83,27.141975437609908,Normal,False,2017,27.48592073065012,NO ALERT,78.152,80.85555578769784
2017-10-07,25.4,20.33,90.11,26.57108596589603,Normal,False,2017,27.093373571566286,NO ALERT,77.72,79.82795473861286
2017-10-08,27.81,20.18,87.72,32.78674604086604,Normal,False,2017,28.833269148123975,NO ALERT,82.05799999999999,91.01614287355888
2017-10-09,27.52,21.06,89.39,32.17634619110533,Normal,False,2017,30.511392732622443,NO ALERT,81.536,89.9174231439896
2017-10-10,26.06,21.16,92.66,28.301592497249047,Normal,False,2017,31.088228243073456,NO ALERT,78.908,82.94286649504828
2017-10-11,25.45,20.92,91.0,26.690561372195575,Normal,False,2017,29.056166686849963,NO ALERT,77.81,80.04301046995204
2017-10-12,26.58,20.03,87.38,29.366363093846772,Normal,False,2017,28.119505654430444,NO ALERT,79.844,84.85945356892418
2017-10-13,26.44,19.88,90.08,29.19125105047547,Normal,False,2017,28.41605850550592,NO ALERT,79.592,84.54425189085585
2017-10-14,23.6,20.6,92.25,22.594192692879428,Normal,False,2017,27.050602279067203,NO ALERT,74.48,72.66954684718297
2017-10-15,26.2,18.59,89.53,28.52841851266497,Normal,False,2017,26.771287418673268,NO ALERT,79.16,83.35115332279695
2017-10-16,24.63,19.99,92.0,24.752483625965038,Normal,False,2017,25.29169827716979,NO ALERT,76.334,76.55447052673706
2017-10-17,25.15,19.66,91.37,25.96888108065688,Normal,False,2017,26.416594406428942,NO ALERT,77.27,78.74398594518239
2017-10-18,25.37,19.34,86.27,26.509192493388507,Normal,False,2017,25.74351906667012,NO ALERT,77.666,79.71654648809931
2017-10-19,27.15,17.53,78.56,29.929271394328723,Normal,False,2017,27.469114989458017,NO ALERT,80.87,85.8726885097917
2017-10-20,26.62,17.75,84.41,29.242477701845335,Normal,False,2017,28.560313863187503,NO ALERT,79.916,84.6364598633216
2017-10-21,27.31,17.76,82.23,30.695028040508955,Normal,False,2017,29.95559237889432,NO ALERT,81.158,87.25105047291612
2017-10-22,27.6,17.51,82.29,31.42293606796818,Normal,False,2017,30.453480603440806,NO ALERT,81.68,88.56128492234272
2017-10-23,26.49,16.22,71.63,28.125168635546075,Normal,False,2017,30.081044248007718,NO ALERT,79.682,82.62530354398294
2017-10-24,26.01,18.39,76.25,27.542926575368558,Normal,False,2017,29.030343759627584,NO ALERT,78.818,81.5772678356634
2017-10-25,26.8,19.43,85.35,29.755774029413292,Normal,False,2017,28.474623080109286,NO ALERT,80.24000000000001,85.56039325294392
2017-10-26,26.34,18.68,88.0,28.80027907637396,Normal,False,2017,28.699659893718586,NO ALERT,79.412,83.84050233747313
2017-10-27,25.76,18.69,87.99,27.393534490626013,Normal,False,2017,28.649862532137735,NO ALERT,78.368,81.30836208312682
2017-10-28,25.77,17.62,87.03,27.394871853021456,Normal,False,2017,27.862895140007126,NO ALERT,78.386,81.31076933543862
2017-10-29,25.04,17.93,86.55,25.82377715046039,Normal,False,2017,26.870727831369265,NO ALERT,77.072,78.4827988708287
2017-10-30,24.67,17.57,90.62,24.910089799473344,Normal,False,2017,26.042912934318377,NO ALERT,76.406,76.83816163905202
2017-10-31,24.84,17.91,90.46,25.28759243581179,Normal,False,2017,25.34048646191515,NO ALERT,76.712,77.51766638446122
2017-11-01,25.27,18.74,90.64,26.261976771607813,Normal,False,2017,25.48655300229763,NO ALERT,77.486,79.27155818889406
2017-11-02,24.18,17.18,86.44,24.201949781728082,Normal,False,2017,25.250506329715876,NO ALERT,75.524,75.56350960711055
2017-11-03,23.72,16.79,88.02,23.270908467440517,Normal,False,2017,24.578278340258787,NO ALERT,74.696,73.88763524139293
2017-11-04,22.99,17.12,91.5,21.59986587530616,Normal,False,2017,23.0242413748249,NO ALERT,73.382,70.8797585755511
2017-11-05,25.47,17.36,90.16,26.737001533248687,Normal,False,2017,23.86925862533177,NO ALERT,77.846,80.12660275984764
2017-11-06,25.06,19.02,90.12,25.787694940021925,Normal,False,2017,24.70818744952557,NO ALERT,77.108,78.41785089203947
2017-11-07,25.55,18.43,89.37,26.922100514668884,Normal,False,2017,26.48226566264648,NO ALERT,77.99000000000001,80.459780926404
2017-11-08,25.64,17.06,87.9,27.114268763136458,Normal,False,2017,26.608021405942406,NO ALERT,78.152,80.80568377364563
2017-11-09,25.12,15.53,85.36,26.005381324389646,Normal,False,2017,26.68058353406498,NO ALERT,77.21600000000001,78.80968638390137
2017-11-10,25.12,14.59,87.3,25.974446842715555,Normal,False,2017,26.364698976747203,NO ALERT,77.21600000000001,78.754004316888
2017-11-11,24.9,16.22,85.53,25.572269409234544,Normal,False,2017,25.85069919211323,NO ALERT,76.82,78.03008493662217
2017-11-12,24.61,15.35,83.75,25.103941154350327,Normal,False,2017,25.550219135433455,NO ALERT,76.298,77.1870940778306
2017-11-13,25.26,16.59,87.12,26.27226001776068,Normal,False,2017,25.64949019378183,NO ALERT,77.468,79.29006803196923
2017-11-14,25.1,17.49,89.73,25.885966738413263,Normal,False,2017,25.754055970174736,NO ALERT,77.18,78.59474012914387
2017-11-15,26.68,18.43,88.07,29.67885592289984,Normal,False,2017,27.279027559691244,NO ALERT,80.024,85.42194066121971
2017-11-16,25.84,18.93,87.28,27.561912938929726,Normal,False,2017,27.708911866747588,NO ALERT,78.512,81.61144329007351
2017-11-17,25.88,18.71,83.58,27.543583463509176,Normal,False,2017,28.261450775112895,NO ALERT,78.584,81.57845023431652
2017-11-18,27.08,18.45,87.33,30.673602125131538,Normal,False,2017,28.59303284252346,NO ALERT,80.744,87.21248382523677
2017-11-19,27.52,18.55,86.79,31.817045636162042,Normal,False,2017,30.011410408267565,NO ALERT,81.536,89.27068214509168
2017-11-20,26.26,18.75,86.29,28.508004957416233,Normal,False,2017,30.332884239569918,NO ALERT,79.268,83.31440892334922
2017-11-21,26.89,18.17,85.84,30.02624461435725,Normal,False,2017,30.117098402645155,NO ALERT,80.402,86.04724030584305
2017-11-22,26.51,17.4,86.7,29.141252581279787,Normal,False,2017,29.22516738435107,NO ALERT,79.718,84.45425464630361
2017-11-23,26.75,14.95,80.16,29.20749857530198,Normal,False,2017,29.458331923646323,NO ALERT,80.15,84.57349743554356
2017-11-24,26.38,16.85,86.54,28.81121661051474,Normal,False,2017,29.05332258903215,NO ALERT,79.484,83.86018989892654
2017-11-25,25.42,16.27,86.84,26.616085180213602,Normal,False,2017,28.211600122010086,NO ALERT,77.756,79.90895332438448
2017-11-26,25.53,16.3,86.99,26.856683213617227,Normal,False,2017,27.427995001448505,NO ALERT,77.95400000000001,80.34202978451101
2017-11-27,26.23,16.37,88.42,28.547473604949182,Normal,False,2017,27.34008066625999,NO ALERT,79.214,83.38545248890853
2017-11-28,25.48,16.25,85.34,26.737638513915428,Normal,False,2017,27.380598444160597,NO ALERT,77.864,80.12774932504777
2017-11-29,25.62,15.45,84.56,27.02144834530291,Normal,False,2017,27.435520154722486,NO ALERT,78.116,80.63860702154524
2017-11-30,25.65,17.33,90.92,27.181908824972595,Normal,False,2017,26.980331894730295,NO ALERT,78.17,80.92743588495067
2017-12-01,26.1,19.14,90.23,28.30372173780039,Normal,False,2017,27.50235963602528,NO ALERT,78.98,82.9466991280407
2017-12-02,21.83,17.25,88.93,20.414269908993784,Normal,False,2017,25.299966823922237,NO ALERT,71.294,68.74568583618881
2017-12-03,24.18,16.47,86.94,24.16651087867218,Normal,False,2017,24.294834175155433,NO ALERT,75.524,75.49971958160992
2017-12-04,26.14,16.4,85.69,28.196853790708946,Normal,False,2017,24.259211526124954,NO ALERT,79.05199999999999,82.7543368232761
2017-12-05,26.7,16.69,85.69,29.536297651558268,Normal,False,2017,27.299887440313114,NO ALERT,80.06,85.16533577280488
2017-12-06,26.74,17.27,85.86,29.64981655176161,Normal,False,2017,29.12765599800959,NO ALERT,80.132,85.3696697931709
2017-12-07,25.6,16.9,81.78,26.940649010686634,Normal,False,2017,28.708921071335485,NO ALERT,78.08,80.49316821923594
2017-12-08,26.23,13.75,64.54,27.378144909208828,Normal,False,2017,27.989536823885672,NO ALERT,79.214,81.28066083657589
2017-12-09,26.15,14.95,59.05,27.047422603320605,Normal,False,2017,27.122072174405336,NO ALERT,79.07,80.68536068597709
2017-12-10,25.47,15.24,67.3,26.529305011391624,Normal,False,2017,26.984957507973665,NO ALERT,77.846,79.75274902050492
2017-12-11,26.77,15.53,71.52,28.58490219576288,Normal,False,2017,27.387209936825016,NO ALERT,80.186,83.45282395237318
2017-12-12,27.31,14.89,79.63,30.399707970596435,Normal,False,2017,28.504638392583626,NO ALERT,81.158,86.71947434707359
2017-12-13,25.64,16.53,81.24,27.0084258959808,Normal,False,2017,28.66434535411335,NO ALERT,78.152,80.61516661276544
2017-12-14,26.1,15.78,82.03,27.946526213180448,Normal,False,2017,28.451553359919206,NO ALERT,78.98,82.30374718372481
2017-12-15,25.78,15.12,85.72,27.386483484559406,Normal,False,2017,27.447145197906867,NO ALERT,78.404,81.29567027220693
2017-12-16,25.35,15.46,84.44,26.46997708502749,Normal,False,2017,27.26766226092243,NO ALERT,77.63,79.64595875304948
2017-12-17,24.47,14.5,84.44,24.829051970234534,Normal,False,2017,26.228504179940458,NO ALERT,76.04599999999999,76.69229354642216
2017-12-18,24.34,13.72,84.02,24.630305754953294,Normal,False,2017,25.309778270071757,NO ALERT,75.812,76.33455035891593
2017-12-19,25.05,14.06,84.1,25.89078780879012,Normal,False,2017,25.11671517799263,NO ALERT,77.09,78.60341805582222
2017-12-20,25.25,12.59,81.09,26.290112413650096,Normal,False,2017,25.603735325797818,NO ALERT,77.45,79.32220234457017
2017-12-21,25.22,10.38,83.25,26.222554501388604,Normal,False,2017,26.13448490794292,NO ALERT,77.396,79.20059810249948
2017-12-22,25.43,14.56,81.16,26.615425575755502,Normal,False,2017,26.376030830264714,NO ALERT,77.774,79.9077660363599
2017-12-23,25.28,13.02,80.12,26.345703960986857,Normal,False,2017,26.394561346043634,NO ALERT,77.504,79.42226712977634
2017-12-24,25.22,12.78,80.16,26.24185371708488,Normal,False,2017,26.400994417942396,NO ALERT,77.396,79.23533669075279
2017-12-25,25.65,12.28,81.1,27.024962636049455,Normal,False,2017,26.53750677137371,NO ALERT,78.17,80.64493274488902
2017-12-26,25.28,11.92,78.66,26.34751212054493,Normal,False,2017,26.538109491226404,NO ALERT,77.504,79.42552181698088
2017-12-27,25.54,12.54,79.5,26.79908134705942,Normal,False,2017,26.723852034551253,NO ALERT,77.972,80.23834642470696
2017-12-28,24.82,11.25,76.88,25.654143954635117,Normal,False,2017,26.266912474079803,NO ALERT,76.676,78.17745911834321
2017-12-29,25.44,11.47,79.47,26.62260882924535,Normal,False,2017,26.35861137697994,NO ALERT,77.792,79.92069589264163
2017-12-30,24.77,13.82,78.41,25.543814447204877,Normal,False,2017,25.940189077028432,NO ALERT,76.586,77.97886600496878
2017-12-31,26.55,13.05,75.98,28.502803739759656,Normal,False,2017,26.88974233873661,NO ALERT,79.79,83.30504673156739
2018-01-01,27.2,14.84,68.42,29.053103210978218,Normal,False,2018,27.699907132647567,NO ALERT,80.96,84.29558577976078
2018-01-02,27.8,13.78,71.23,30.436167730046,Normal,False,2018,29.330691560261272,NO ALERT,82.04,86.7851019140828
2018-01-03,27.19,14.6,73.5,29.51071984006857,Normal,False,2018,29.666663593697578,NO ALERT,80.94200000000001,85.11929571212343
2018-01-04,27.06,14.24,74.14,29.32247709428903,Normal,False,2018,29.756454888134513,NO ALERT,80.708,84.78045876972025
2018-01-05,26.21,12.65,66.5,27.441333194594254,Normal,False,2018,28.7581767096506,NO ALERT,79.178,81.39439975026966
2018-01-06,25.87,12.05,65.75,26.97676515825661,Normal,False,2018,27.91352514904661,NO ALERT,78.566,80.5581772848619
2018-01-07,25.88,12.79,60.75,26.827934934523384,Normal,False,2018,27.082011095791398,NO ALERT,78.584,80.2902828821421
2018-01-08,25.99,11.53,67.41,27.18597970364453,Normal,False,2018,26.996893265474824,NO ALERT,78.782,80.93476346656016
2018-01-09,25.97,13.47,78.96,27.569924451884763,Normal,False,2018,27.19461303001754,NO ALERT,78.746,81.62586401339257
2018-01-10,27.81,15.68,79.54,31.56378584266233,Normal,False,2018,28.773229999397188,NO ALERT,82.05799999999999,88.8148145167922
2018-01-11,29.29,16.3,76.73,34.80629902492803,Normal,False,2018,31.313336439825022,NO ALERT,84.72200000000001,94.65133824487046
2018-01-12,29.54,15.61,71.95,34.37121769448403,Normal,False,2018,33.580434187358115,YELLOW ALERT,85.172,93.86819185007126
2018-01-13,29.48,15.62,68.15,33.41933112424577,Normal,False,2018,34.198949281219264,YELLOW ALERT,85.064,92.15479602364239
2018-01-14,29.62,14.28,66.9,33.46715879317216,Normal,False,2018,33.752569203967305,YELLOW ALERT,85.316,92.24088582770989
2018-01-15,29.86,14.03,68.41,34.33312327070569,Normal,False,2018,33.739871062707856,YELLOW ALERT,85.748,93.79962188727025
2018-01-16,28.56,15.84,67.27,31.3585505916489,Normal,False,2018,33.0529442185089,YELLOW ALERT,83.40799999999999,88.44539106496802
2018-01-17,28.13,13.86,67.51,30.580854333856685,Normal,False,2018,32.090842732070406,YELLOW ALERT,82.634,87.04553780094203
2018-01-18,27.63,12.76,65.43,29.465956005197874,Normal,False,2018,30.468453643567802,NO ALERT,81.734,85.03872080935618
2018-01-19,27.25,11.66,66.65,28.974243475244773,Normal,False,2018,29.673684604766425,NO ALERT,81.05,84.1536382554406
2018-01-20,27.67,11.51,67.25,29.72977492005178,Normal,False,2018,29.389991466831457,NO ALERT,81.80600000000001,85.5135948560932
2018-01-21,27.64,12.54,66.53,29.600024975653874,Normal,False,2018,29.434681123650122,NO ALERT,81.752,85.28004495617697
2018-01-22,28.68,12.2,65.56,31.32260481781696,Normal,False,2018,30.21746823784085,NO ALERT,83.624,88.38068867207053
2018-01-23,29.13,13.34,67.67,32.574000329019206,Normal,False,2018,31.165543374163324,NO ALERT,84.434,90.63320059223457
2018-01-24,28.89,15.14,66.92,31.950423475383325,Normal,False,2018,31.94900954073981,NO ALERT,84.002,89.51076225568998
2018-01-25,28.68,13.86,57.4,30.15055379736465,Normal,False,2018,31.558325867255707,NO ALERT,83.624,86.27099683525637
2018-01-26,28.54,13.7,62.93,30.68073645386915,Normal,False,2018,30.927237908872357,NO ALERT,83.372,87.22532561696447
2018-01-27,28.71,13.45,65.55,31.377491505991575,Normal,False,2018,30.736260585741775,NO ALERT,83.678,88.47948471078483
2018-01-28,28.71,13.6,66.29,31.494305972485936,Normal,False,2018,31.18417797744887,NO ALERT,83.678,88.68975075047469
2018-01-29,28.91,12.54,64.68,31.615336459865723,Normal,False,2018,31.495711312781058,NO ALERT,84.038,88.9076056277583
2018-01-30,28.83,12.51,65.11,31.534070877201682,Normal,False,2018,31.547904436517765,NO ALERT,83.89399999999999,88.76132757896303
2018-01-31,29.29,13.93,57.98,31.20395241473495,Normal,False,2018,31.451119917267434,NO ALERT,84.72200000000001,88.16711434652291
2018-02-01,29.84,13.77,45.35,30.155819153087137,Normal,False,2018,30.964614148341237,NO ALERT,85.712,86.28047447555684
2018-02-02,30.32,13.05,46.05,30.897896760928827,Normal,False,2018,30.75255610958362,NO ALERT,86.576,87.61621416967189
2018-02-03,29.87,11.55,51.05,31.02052029792162,Normal,False,2018,30.691412070645843,NO ALERT,85.76599999999999,87.83693653625892
2018-02-04,29.12,10.42,56.26,30.66755499325522,Normal,False,2018,30.861990684035206,NO ALERT,84.416,87.2015989878594
2018-02-05,29.99,10.95,57.3,32.29114933164238,Normal,False,2018,31.326408207606388,NO ALERT,85.982,90.12406879695628
2018-02-06,31.94,13.75,61.99,37.54173342672176,Normal,False,2018,33.50014591720643,YELLOW ALERT,89.492,99.57512016809918
2018-02-07,28.39,18.5,76.05,32.411281125920446,Normal,False,2018,34.08138796142817,YELLOW ALERT,83.102,90.3403060266568
2018-02-08,28.98,17.36,58.2,30.730298883860556,Normal,False,2018,33.56110447883424,YELLOW ALERT,84.164,87.31453799094899
2018-02-09,30.29,17.06,66.77,34.94278432132891,Normal,False,2018,32.69478811036995,YELLOW ALERT,86.522,94.89701177839204
2018-02-10,28.97,17.84,63.16,31.479078337540457,Normal,False,2018,32.384053847576624,YELLOW ALERT,84.146,88.66234100757282
2018-02-11,29.63,16.54,65.31,33.16212425227598,Normal,False,2018,33.1946623037151,YELLOW ALERT,85.334,91.69182365409677
2018-02-12,29.74,17.98,64.71,33.26904142172378,Normal,False,2018,32.63674800384672,YELLOW ALERT,85.532,91.8842745591028
2018-02-13,29.14,17.49,63.94,31.927119529016927,Normal,False,2018,32.786095067672214,YELLOW ALERT,84.452,89.46881515223046
2018-02-14,29.75,17.04,63.99,33.14236220178108,Normal,False,2018,32.779507717507244,YELLOW ALERT,85.55,91.65625196320596
2018-02-15,25.96,14.79,66.11,27.100756235379116,Normal,False,2018,30.723412655392355,NO ALERT,78.72800000000001,80.78136122368241
2018-02-16,29.35,14.56,53.13,30.560880531149955,Normal,False,2018,30.267999656103367,NO ALERT,84.83000000000001,87.00958495606992
2018-02-17,30.6,16.21,52.38,32.41148000347055,Normal,False,2018,30.02437225666652,NO ALERT,87.08000000000001,90.340664006247
2018-02-18,32.36,13.71,51.11,35.32475712414525,Normal,False,2018,32.76570588625523,YELLOW ALERT,90.248,95.58456282346145
2018-02-19,32.13,12.95,53.56,35.51904295695383,Normal,False,2018,34.41842669485652,YELLOW ALERT,89.834,95.9342773225169
2018-02-20,31.98,13.81,55.8,35.81754078244015,Normal,False,2018,35.55378028784639,YELLOW ALERT,89.564,96.47157340839227
2018-02-21,31.8,14.59,48.12,33.5766461690208,Normal,False,2018,34.97107663613824,YELLOW ALERT,89.24,92.43796310423744
2018-02-22,32.54,15.49,43.58,33.82136175498695,Normal,False,2018,34.40518290214928,YELLOW ALERT,90.572,92.87845115897652
2018-02-23,32.2,14.68,43.11,33.172246222450056,Normal,False,2018,33.523418048819245,YELLOW ALERT,89.96000000000001,91.7100432004101
2018-02-24,32.38,12.25,43.72,33.58937162974092,Normal,False,2018,33.527659869059285,YELLOW ALERT,90.284,92.46086893353365
2018-02-25,32.84,13.4,50.36,36.06979760574154,Normal,False,2018,34.27713848597748,YELLOW ALERT,91.11200000000001,96.92563569033477
2018-02-26,33.78,15.39,36.0,34.1346761106069,Normal,False,2018,34.597948448696435,YELLOW ALERT,92.804,93.44241699909242
2018-02-27,33.75,15.03,32.93,33.472731511583135,Normal,False,2018,34.559068409310505,YELLOW ALERT,92.75,92.25091672084963
2018-02-28,33.82,16.77,29.17,32.91036265707698,Normal,False,2018,33.50592342642232,YELLOW ALERT,92.876,91.23865278273857
2018-03-01,33.82,14.65,34.97,33.97797263784354,Normal,False,2018,33.4536889355012,YELLOW ALERT,92.876,93.16035074811838
2018-03-02,34.35,15.69,33.6,34.48170074906897,Normal,False,2018,33.79001201466315,YELLOW ALERT,93.83000000000001,94.06706134832415
2018-03-03,35.04,16.02,27.54,34.24164904742117,Normal,False,2018,34.233774144777875,YELLOW ALERT,95.072,93.6349682853581
2018-03-04,34.78,15.35,25.17,33.49506702964817,Normal,False,2018,34.07280560871275,YELLOW ALERT,94.604,92.2911206533667
2018-03-05,34.97,15.81,25.31,33.757314699841295,Normal,False,2018,33.83134359230352,YELLOW ALERT,94.946,92.76316645971433
2018-03-06,34.99,14.35,31.06,34.8843768735938,Normal,False,2018,34.04558620102774,YELLOW ALERT,94.982,94.79187837246884
2018-03-07,34.98,14.87,30.69,34.789760988452954,Normal,False,2018,34.47715085396266,YELLOW ALERT,94.964,94.62156977921532
2018-03-08,35.1,15.91,31.77,35.20752653820526,Normal,False,2018,34.96055480008399,YELLOW ALERT,95.18,95.37354776876947
2018-03-09,35.02,16.54,38.15,36.71227363144518,Normal,False,2018,35.56985371936778,YELLOW ALERT,95.036,98.08209253660132
2018-03-10,34.81,18.09,39.05,36.593244321329145,Normal,False,2018,36.171014830326506,YELLOW ALERT,94.658,97.86783977839247
2018-03-11,34.85,17.32,40.25,37.012870716476534,Normal,False,2018,36.772796223083596,YELLOW ALERT,94.73,98.62316728965776
2018-03-12,34.17,17.67,44.3,36.9300227592332,Normal,False,2018,36.845379265679604,YELLOW ALERT,93.506,98.47404096661977
2018-03-13,34.41,16.64,53.92,40.78116978375419,Normal,False,2018,38.241354419821285,YELLOW ALERT,93.93799999999999,105.40610561075754
2018-03-14,32.62,19.77,53.73,36.585459968683715,Normal,False,2018,38.09888417055702,YELLOW ALERT,90.716,97.85382794363069
2018-03-15,32.25,20.18,52.25,35.40992766970237,Normal,False,2018,37.59218580738007,YELLOW ALERT,90.05,95.73786980546427
2018-03-16,30.28,21.06,68.12,35.25248498947346,Normal,False,2018,35.749290875953164,YELLOW ALERT,86.50399999999999,95.45447298105223
2018-03-17,31.36,19.09,69.36,38.37557031968882,Normal,False,2018,36.3459943262882,YELLOW ALERT,88.44800000000001,101.07602657543987
2018-03-18,30.98,19.75,67.26,36.74182377009925,Normal,False,2018,36.789959693087155,YELLOW ALERT,87.764,98.13528278617865
2018-03-19,33.48,18.77,54.38,38.71072259473741,Normal,False,2018,37.942705561508475,YELLOW ALERT,92.264,101.67930067052734
2018-03-20,34.45,17.98,48.69,38.93194430338683,Normal,False,2018,38.128163556074476,YELLOW ALERT,94.01,102.0774997460963
2018-03-21,35.07,17.38,49.76,40.747212546931614,Normal,False,2018,39.46329314835194,YELLOW ALERT,95.126,105.34498258447691
2018-03-22,34.3,18.83,49.32,38.82061194663733,Normal,False,2018,39.499922932318576,YELLOW ALERT,93.74,101.87710150394719
2018-03-23,35.65,21.36,44.36,39.99079691534311,Normal,False,2018,39.85287380297066,YELLOW ALERT,96.16999999999999,103.98343444761761
2018-03-24,35.85,21.94,48.21,41.98302552479491,Normal,False,2018,40.26481146225843,YELLOW ALERT,96.53,107.56944594463084
2018-03-25,36.27,19.98,45.0,41.63105331486295,Normal,False,2018,41.201625251666975,ORANGE ALERT,97.286,106.93589596675332
2018-03-26,36.49,19.41,39.89,40.099446191582246,Normal,False,2018,41.23784167708002,ORANGE ALERT,97.682,104.17900314484804
2018-03-27,37.23,19.34,37.85,40.84531420004275,Normal,False,2018,40.85860456882929,YELLOW ALERT,99.014,105.52156556007695
2018-03-28,37.04,20.23,47.63,44.69868445790519,Normal,False,2018,41.88114828317671,ORANGE ALERT,98.672,112.45763202422934
2018-03-29,37.03,21.29,44.41,43.16143638468011,Normal,False,2018,42.901811680875994,ORANGE ALERT,98.654,109.69058549242419
2018-03-30,37.02,22.73,41.15,41.72598443070216,Normal,False,2018,43.19536842442914,ORANGE ALERT,98.636,107.1067719752639
2018-03-31,32.93,23.13,53.29,37.11932838935241,Normal,False,2018,40.66891640157821,YELLOW ALERT,91.274,98.81479110083434
2018-04-01,36.77,21.08,50.17,45.23814523856744,Normal,False,2018,41.36115268620732,ORANGE ALERT,98.186,113.4286614294214
2018-04-02,35.38,22.47,48.24,40.876964777772656,Normal,False,2018,41.07814613523082,ORANGE ALERT,95.684,105.57853659999077
2018-04-03,36.43,20.88,47.53,43.106651565684906,Normal,False,2018,43.07392052734165,ORANGE ALERT,97.574,109.59197281823283
2018-04-04,36.56,20.15,46.47,42.95117108526295,Normal,False,2018,42.31159580957348,ORANGE ALERT,97.808,109.31210795347332
2018-04-05,36.08,19.86,48.43,42.64018922296373,Normal,False,2018,42.899337291303844,ORANGE ALERT,96.94399999999999,108.75234060133471
2018-04-06,36.09,20.28,45.4,41.38106632656192,Normal,False,2018,42.32414221159618,ORANGE ALERT,96.96200000000002,106.48591938781146
2018-04-07,36.79,20.48,41.67,41.43326126652741,Normal,False,2018,41.81817227201767,ORANGE ALERT,98.22200000000001,106.57987027974934
2018-04-08,35.92,19.88,50.09,42.97325388197438,Normal,False,2018,41.92919382502122,ORANGE ALERT,96.656,109.35185698755387
2018-04-09,35.6,19.72,49.78,42.037218727597214,Normal,False,2018,42.14791129203298,ORANGE ALERT,96.08000000000001,107.66699370967498
2018-04-10,35.88,20.03,48.98,42.38564312544816,Normal,False,2018,42.46537191167323,ORANGE ALERT,96.584,108.29415762580669
2018-04-11,35.75,21.36,49.91,42.465490654700496,Normal,False,2018,42.296117502581936,ORANGE ALERT,96.35,108.4378831784609
2018-04-12,36.52,21.72,49.54,44.26676310474957,Normal,False,2018,43.03929896163273,ORANGE ALERT,97.736,111.68017358854922
2018-04-13,36.26,21.52,50.18,43.88975918255218,Normal,False,2018,43.54067098066739,ORANGE ALERT,97.268,111.00156652859393
2018-04-14,37.75,21.52,48.05,46.80351598581811,Normal,False,2018,44.98667942437327,ORANGE ALERT,99.95,116.2463287744726
2018-04-15,37.58,21.99,50.97,47.92740520107984,Normal,False,2018,46.20689345648336,ORANGE ALERT,99.64399999999999,118.26932936194372
2018-04-16,37.6,22.82,47.36,46.033761440592976,Normal,False,2018,46.92156087583029,ORANGE ALERT,99.68,114.86077059306736
2018-04-17,37.99,21.91,46.46,46.60083239134071,Normal,False,2018,46.85399967767116,ORANGE ALERT,100.382,115.88149830441327
2018-04-18,38.18,21.96,41.84,44.71738385075488,Normal,False,2018,45.78399256089617,ORANGE ALERT,100.724,112.49129093135878
2018-04-19,38.44,23.02,42.46,45.66662110632322,Normal,False,2018,45.66161244947292,ORANGE ALERT,101.192,114.1999179913818
2018-04-20,35.04,24.51,50.96,41.15286764159815,Normal,False,2018,43.845624199558735,ORANGE ALERT,95.072,106.07516175487667
2018-04-21,34.91,22.44,57.19,43.47716788821103,Normal,False,2018,43.432218878710785,ORANGE ALERT,94.838,110.25890219877985
2018-04-22,35.47,22.73,56.96,44.955284546965125,Normal,False,2018,43.195106692258086,ORANGE ALERT,95.846,112.91951218453723
2018-04-23,34.51,22.63,58.63,43.004819364236404,Normal,False,2018,43.812423933137495,ORANGE ALERT,94.118,109.40867485562553
2018-04-24,35.08,23.14,54.57,42.772782572203546,Normal,False,2018,43.577628827801675,ORANGE ALERT,95.14399999999999,108.99100862996639
2018-04-25,36.08,21.94,56.62,46.573132767591105,Normal,False,2018,44.11691156801033,ORANGE ALERT,96.94399999999999,115.83163898166399
2018-04-26,35.61,22.34,53.8,43.84705598515331,Normal,False,2018,44.39765710831597,ORANGE ALERT,96.098,110.92470077327596
2018-04-27,35.99,22.19,54.3,45.13565036063105,Normal,False,2018,45.18527970445847,ORANGE ALERT,96.78200000000001,113.2441706491359
2018-04-28,36.53,21.61,55.17,47.146918667176045,Normal,False,2018,45.376541670986775,ORANGE ALERT,97.75399999999999,116.86445360091689
2018-04-29,38.1,22.46,47.6,47.52056050751463,Normal,False,2018,46.601043178440555,ORANGE ALERT,100.58000000000001,117.53700891352634
2018-04-30,37.46,24.7,49.9,46.99676803844379,Normal,False,2018,47.221415737711474,ORANGE ALERT,99.428,116.59418246919883
2018-05-01,37.77,23.07,52.45,49.34186917810927,Normal,False,2018,47.95306590802255,ORANGE ALERT,99.986,120.81536452059669
2018-05-02,37.13,23.8,54.02,48.31229168716239,Normal,False,2018,48.21697630123847,ORANGE ALERT,98.834,118.9621250368923
2018-05-03,36.85,23.4,59.47,50.610964029294195,Normal,False,2018,49.4217082981886,ORANGE ALERT,98.33000000000001,123.09973525272954
2018-05-04,34.64,22.52,63.86,45.83156608651457,Normal,False,2018,48.25160726765703,ORANGE ALERT,94.352,114.49681895572623
2018-05-05,33.74,21.66,63.09,42.748884279205235,Normal,False,2018,46.39713813167131,ORANGE ALERT,92.732,108.94799170256942
2018-05-06,35.69,20.81,61.28,47.84402425623419,Normal,False,2018,45.47482487398465,ORANGE ALERT,96.24199999999999,118.11924366122155
2018-05-07,35.25,21.13,59.84,45.72232716151959,Normal,False,2018,45.43841189898632,ORANGE ALERT,95.45,114.30018889073526
2018-05-08,35.11,22.7,59.65,45.208287661695145,Normal,False,2018,46.258213026482956,ORANGE ALERT,95.19800000000001,113.37491779105126
2018-05-09,32.52,21.87,65.5,40.242784679701195,Normal,False,2018,43.72446650097195,ORANGE ALERT,90.536,104.43701242346215
2018-05-10,32.04,21.28,67.27,39.54753520300927,Normal,False,2018,41.66620251480185,ORANGE ALERT,89.672,103.18556336541668
2018-05-11,32.93,21.29,68.73,42.71146024958202,Normal,False,2018,40.83392671076414,YELLOW ALERT,91.274,108.88062844924764
2018-05-12,33.24,21.52,66.65,42.783147796751365,Normal,False,2018,41.68071441644753,ORANGE ALERT,91.83200000000001,109.00966603415246
2018-05-13,31.73,22.41,66.39,38.410900093540484,Normal,False,2018,41.30183604662461,ORANGE ALERT,89.114,101.13962016837287
2018-05-14,27.72,22.18,76.43,30.933150136473614,Normal,False,2018,37.375732675588466,YELLOW ALERT,81.896,87.6796702456525
2018-05-15,32.34,20.81,64.94,39.54791186742758,Normal,False,2018,36.29732069914721,YELLOW ALERT,90.21200000000002,103.18624136136964
2018-05-16,33.63,19.48,59.15,40.833485880493235,Normal,False,2018,37.10484929479812,YELLOW ALERT,92.534,105.50027458488782
2018-05-17,34.66,20.91,61.44,44.72220644168131,Normal,False,2018,41.701201396534024,ORANGE ALERT,94.38799999999999,112.49997159502635
2018-05-18,32.05,21.17,68.41,39.97925021921289,Normal,False,2018,41.84498084712912,ORANGE ALERT,89.69,103.96265039458319
2018-05-19,33.92,21.83,62.2,42.8872991867846,Normal,False,2018,42.52958528255958,ORANGE ALERT,93.05600000000001,109.1971385362123
2018-05-20,31.73,21.87,66.13,38.326407691749345,Normal,False,2018,40.3976523659156,YELLOW ALERT,89.114,100.98753384514882
2018-05-21,32.09,21.82,65.95,39.22560235207978,Normal,False,2018,40.14643641020456,YELLOW ALERT,89.76200000000001,102.6060842337436
2018-05-22,32.46,21.21,68.03,41.021043416009555,Normal,False,2018,39.52435115327955,YELLOW ALERT,90.428,105.8378781488172
2018-05-23,34.35,20.82,63.3,44.66070477607567,Normal,False,2018,41.635783514721645,ORANGE ALERT,93.83000000000001,112.3892685969362
2018-05-24,33.08,21.57,69.48,43.4992702226693,Normal,False,2018,43.060339471584825,ORANGE ALERT,91.544,110.29868640080474
2018-05-25,30.79,21.54,73.24,38.00197624048755,Normal,False,2018,42.05398374641083,ORANGE ALERT,87.422,100.40355723287759
2018-05-26,32.72,21.44,71.71,43.30291286268228,Normal,False,2018,41.60138644194635,ORANGE ALERT,90.896,109.9452431528281
2018-05-27,32.41,21.02,70.89,41.98502774982305,Normal,False,2018,41.0966389509976,ORANGE ALERT,90.338,107.57304994968148
2018-05-28,34.03,21.86,68.45,46.11282074153442,Normal,False,2018,43.80025378467989,ORANGE ALERT,93.25399999999999,115.00307733476195
2018-05-29,32.42,21.84,70.95,42.03991901203348,Normal,False,2018,43.379255834463635,ORANGE ALERT,90.35600000000001,107.67185422166025
2018-05-30,29.85,22.76,77.59,36.5619793095951,Normal,False,2018,41.57157302105432,ORANGE ALERT,85.73,97.81156275727118
2018-05-31,31.05,22.07,73.88,38.95498893336902,Normal,False,2018,39.185629084999185,YELLOW ALERT,87.89,102.11898008006423
2018-06-01,28.19,22.71,79.14,32.437541048627175,Normal,False,2018,35.984836430530414,YELLOW ALERT,82.742,90.38757388752892
2018-06-02,29.53,21.96,74.1,34.83318578996407,Normal,False,2018,35.408571923986734,YELLOW ALERT,85.154,94.69973442193533
2018-06-03,27.6,22.12,82.94,31.51015306613057,Normal,False,2018,32.92695996824059,YELLOW ALERT,81.68,88.71827551903502
2018-06-04,27.34,21.34,82.51,30.801268149823752,Normal,False,2018,32.381535668639444,YELLOW ALERT,81.212,87.44228266968275
2018-06-05,29.8,20.86,72.26,35.086421613740804,Normal,False,2018,32.46594760989836,YELLOW ALERT,85.64,95.15555890473345
2018-06-06,32.67,20.72,66.61,41.0854526624866,Normal,False,2018,35.657714142017035,YELLOW ALERT,90.80600000000001,105.95381479247588
2018-06-07,29.04,20.67,76.5,34.102729492115685,Normal,False,2018,36.75820125611435,YELLOW ALERT,84.272,93.38491308580824
2018-06-08,28.78,20.97,74.27,33.02022864390511,Normal,False,2018,36.06947026616911,YELLOW ALERT,83.804,91.4364115590292
2018-06-09,28.58,20.11,74.47,32.58640780286495,Normal,False,2018,33.2364553129619,YELLOW ALERT,83.44399999999999,90.6555340451569
2018-06-10,30.55,19.89,70.98,36.68647482395076,Normal,False,2018,34.097703756906924,YELLOW ALERT,86.99,98.03565468311137
2018-06-11,29.0,21.87,77.25,34.155557215861094,Normal,False,2018,34.47614661422558,YELLOW ALERT,84.2,93.48000298854997
2018-06-12,29.72,21.81,76.94,36.02664110155002,Normal,False,2018,35.62289104712061,YELLOW ALERT,85.49600000000001,96.84795398279003
2018-06-13,30.92,21.12,74.91,38.90326250952299,Normal,False,2018,36.36182027564468,YELLOW ALERT,87.656,102.02587251714138
2018-06-14,30.99,21.62,69.07,37.29425836143541,Normal,False,2018,37.40805399083612,YELLOW ALERT,87.782,99.12966505058374
2018-06-15,32.69,19.78,62.06,39.4546795702367,Normal,False,2018,38.55073348039835,YELLOW ALERT,90.842,103.01842322642605
2018-06-16,32.25,18.72,61.01,37.98764320011091,Normal,False,2018,38.24552704392766,YELLOW ALERT,90.05,100.37775776019964
2018-06-17,31.13,18.65,63.28,35.991143631783366,Normal,False,2018,37.81115546737697,YELLOW ALERT,88.034,96.78405853721006
2018-06-18,31.39,18.97,66.92,37.68846800071183,Normal,False,2018,37.222418277535354,YELLOW ALERT,88.502,99.8392424012813
2018-06-19,30.7,20.43,72.2,37.43931296755602,Normal,False,2018,37.03964153335039,YELLOW ALERT,87.26,99.39076334160083
2018-06-20,29.4,21.48,73.52,34.37447485615409,Normal,False,2018,36.500751941473965,YELLOW ALERT,84.91999999999999,93.87405474107736
2018-06-21,30.59,20.7,73.11,37.402177724010315,Normal,False,2018,36.405321849240124,YELLOW ALERT,87.062,99.32391990321857
2018-06-22,29.42,19.8,73.47,34.413245255048736,Normal,False,2018,35.396632611737694,YELLOW ALERT,84.956,93.94384145908772
2018-06-23,29.66,19.57,74.93,35.366980744886725,Normal,False,2018,35.72746790798191,YELLOW ALERT,85.388,95.66056534079611
2018-06-24,29.79,19.71,69.65,34.451904858624395,Normal,False,2018,34.744043619519935,YELLOW ALERT,85.622,94.01342874552391
2018-06-25,29.37,19.33,67.2,32.99079309946949,Normal,False,2018,34.26989290099352,YELLOW ALERT,84.866,91.38342757904509
2018-06-26,29.92,19.15,70.15,34.87957496815909,Normal,False,2018,34.10742430875098,YELLOW ALERT,85.85600000000001,94.78323494268636
2018-06-27,31.32,20.32,73.77,39.722013453133144,Normal,False,2018,35.86412717358723,YELLOW ALERT,88.376,103.49962421563967
2018-06-28,29.76,20.61,73.33,35.24169201445309,Normal,False,2018,36.61442681191509,YELLOW ALERT,85.56800000000001,95.43504562601557
2018-06-29,28.93,19.99,71.41,32.83402039093744,Normal,False,2018,35.93257528617454,YELLOW ALERT,84.074,91.10123670368739
2018-06-30,29.5,19.83,62.68,32.39078595788827,Normal,False,2018,33.488832787759584,YELLOW ALERT,85.1,90.30341472419889
2018-07-01,30.35,19.93,67.45,35.25191615483014,Normal,False,2018,33.49224083455193,YELLOW ALERT,86.63000000000001,95.45344907869426
2018-07-02,31.37,19.34,69.07,38.31011073236276,Normal,False,2018,35.31760428169371,YELLOW ALERT,88.466,100.95819931825297
2018-07-03,28.36,19.86,72.5,31.765298495374168,Normal,False,2018,35.10910846085567,YELLOW ALERT,83.048,89.1775372916735
2018-07-04,31.05,19.33,65.85,36.51477087893382,Normal,False,2018,35.53006003555689,YELLOW ALERT,87.89,97.72658758208087
2018-07-05,31.9,19.84,66.08,38.759858081689444,Normal,False,2018,35.67997581866579,YELLOW ALERT,89.41999999999999,101.767744547041
2018-07-06,27.67,20.34,73.94,30.511337458512646,Normal,False,2018,35.26198880637862,YELLOW ALERT,81.80600000000001,86.92040742532276
2018-07-07,27.07,19.95,77.41,29.64602912751286,Normal,False,2018,32.97240822257164,YELLOW ALERT,80.726,85.36285242952314
2018-07-08,27.61,19.56,71.67,30.12120101456369,Normal,False,2018,30.09285586686305,NO ALERT,81.69800000000001,86.21816182621464
2018-07-09,30.75,19.56,68.57,36.53083992504687,Normal,False,2018,32.09935668904112,YELLOW ALERT,87.35,97.75551186508436
2018-07-10,29.6,19.86,70.83,34.266648042760394,Normal,False,2018,33.63956299412364,YELLOW ALERT,85.28,93.6799664769687
2018-07-11,28.59,19.19,77.41,33.13824301879097,Normal,False,2018,34.6452436621994,YELLOW ALERT,83.462,91.64883743382374
2018-07-12,28.61,21.11,74.04,32.580611785873174,Normal,False,2018,33.3285009491415,YELLOW ALERT,83.498,90.64510121457172
2018-07-13,28.02,20.17,77.01,31.694555930481712,Normal,False,2018,32.47113691171527,YELLOW ALERT,82.436,89.05020067486709
2018-07-14,28.23,20.49,77.01,32.18908809282905,Normal,False,2018,32.15475193639463,YELLOW ALERT,82.814,89.9403585670923
2018-07-15,28.75,20.47,73.08,32.73187323668454,Normal,False,2018,32.20517241999842,YELLOW ALERT,83.75,90.91737182603217
2018-07-16,28.53,20.31,72.98,32.216685832425966,Normal,False,2018,32.379215720646506,YELLOW ALERT,83.354,89.99003449836674
2018-07-17,30.17,20.34,69.69,35.3778926056325,Normal,False,2018,33.442150558247654,YELLOW ALERT,86.30600000000001,95.6802066901385
2018-07-18,30.88,20.0,70.93,37.554002525083035,Normal,False,2018,35.04952698771382,YELLOW ALERT,87.584,99.59720454514947
2018-07-19,31.54,20.85,69.97,39.07530803632376,Normal,False,2018,37.33573438901308,YELLOW ALERT,88.772,102.33555446538277
2018-07-20,31.68,20.98,69.54,39.325023410521645,Normal,False,2018,38.65144465730946,YELLOW ALERT,89.024,102.78504213893896
2018-07-21,29.97,20.77,71.26,35.27080504122953,Normal,False,2018,37.8903788293583,YELLOW ALERT,85.946,95.48744907421316
2018-07-22,31.72,20.28,68.89,39.21597770661393,Normal,False,2018,37.93726871945501,YELLOW ALERT,89.096,102.58875987190507
2018-07-23,31.23,20.37,71.42,38.67688269086836,Normal,False,2018,37.72122181290392,YELLOW ALERT,88.214,101.61838884356305
2018-07-24,31.24,20.09,74.03,39.56998315503287,Normal,False,2018,39.1542811841717,YELLOW ALERT,88.232,103.22596967905916
2018-07-25,30.67,19.91,72.96,37.5805552157711,Normal,False,2018,38.60914035389076,YELLOW ALERT,87.206,99.64499938838797
2018-07-26,32.27,20.19,69.21,40.91094391369134,Normal,False,2018,39.35382742816509,YELLOW ALERT,90.086,105.6396990446444
2018-07-27,30.19,20.32,72.21,36.07490188109928,Normal,False,2018,38.188800336853895,YELLOW ALERT,86.34200000000001,96.9348233859787
2018-07-28,31.66,19.86,70.78,39.69485017401152,Normal,False,2018,38.89356532293403,YELLOW ALERT,88.988,103.45073031322075
2018-07-29,30.3,20.42,71.42,36.152787870199795,Normal,False,2018,37.30751330843685,YELLOW ALERT,86.53999999999999,97.07501816635963
2018-07-30,31.64,20.38,70.04,39.38233807645809,Normal,False,2018,38.409992040223116,YELLOW ALERT,88.952,102.88820853762456
2018-07-31,28.47,20.56,76.04,32.60004927130168,Normal,False,2018,36.04505840598651,YELLOW ALERT,83.24600000000001,90.68008868834302
2018-08-01,30.02,19.69,73.53,35.97074589329952,Normal,False,2018,35.98437774701975,YELLOW ALERT,86.036,96.74734260793915
2018-08-02,30.08,19.65,72.73,35.92243126012501,Normal,False,2018,34.831075474908715,YELLOW ALERT,86.14399999999999,96.66037626822501
2018-08-03,30.16,19.39,69.95,35.41838070774812,Normal,False,2018,35.77051928705753,YELLOW ALERT,86.288,95.75308527394661
2018-08-04,29.2,19.72,73.65,33.90897425481351,Normal,False,2018,35.08326207422886,YELLOW ALERT,84.56,93.03615365866432
2018-08-05,30.81,20.61,69.04,36.81694673049985,Normal,False,2018,35.381433897687145,YELLOW ALERT,87.458,98.27050411489974
2018-08-06,30.21,19.61,70.29,35.62887887819587,Normal,False,2018,35.45159995450306,YELLOW ALERT,86.378,96.13198198075256
2018-08-07,28.89,19.47,73.16,33.07069394854029,Normal,False,2018,35.17217318574532,YELLOW ALERT,84.002,91.52724910737251
2018-08-08,30.85,19.76,73.39,38.21894893573436,Normal,False,2018,35.639507254156825,YELLOW ALERT,87.53,100.79410808432185
2018-08-09,29.64,20.2,71.55,34.52465465937098,Normal,False,2018,35.27143251454853,YELLOW ALERT,85.352,94.14437838686777
2018-08-10,27.31,19.83,78.03,30.22278339036696,Normal,False,2018,34.32212899515742,YELLOW ALERT,81.158,86.40101010266054
2018-08-11,29.46,19.67,74.29,34.69774834786095,Normal,False,2018,33.14839546586628,YELLOW ALERT,85.02799999999999,94.45594702614972
2018-08-12,27.76,19.99,77.62,31.180866297977673,Normal,False,2018,32.033799345401846,YELLOW ALERT,81.968,88.12555933635981
2018-08-13,29.71,19.06,68.32,33.96962984884839,Normal,False,2018,33.28274816489566,YELLOW ALERT,85.478,93.14533372792711
2018-08-14,29.8,19.3,77.1,36.29180863926089,Normal,False,2018,33.8141015953623,YELLOW ALERT,85.64,97.32525555066961
2018-08-15,26.9,21.14,81.82,29.68199087948894,Normal,False,2018,33.314476455866064,YELLOW ALERT,80.42,85.4275835830801
2018-08-16,28.07,20.61,77.38,31.867493564018382,Normal,False,2018,32.61376436092272,YELLOW ALERT,82.526,89.36148841523308
2018-08-17,31.64,20.63,69.08,39.05691290870287,Normal,False,2018,33.53546578407005,YELLOW ALERT,88.952,102.30244323566517
2018-08-18,31.46,19.84,68.92,38.50726068436642,Normal,False,2018,36.477222385695875,YELLOW ALERT,88.628,101.31306923185956
2018-08-19,30.26,20.08,70.56,35.824352132739065,Normal,False,2018,37.796175241936105,YELLOW ALERT,86.468,96.48383383893032
2018-08-20,30.37,19.49,69.98,35.95106731480781,Normal,False,2018,36.76089337730442,YELLOW ALERT,86.666,96.71192116665405
2018-08-21,32.55,19.4,67.45,41.061316127119085,Normal,False,2018,37.6122451915553,YELLOW ALERT,90.59,105.91036902881436
2018-08-22,30.56,19.28,68.75,36.101447704494376,Normal,False,2018,37.70461038214041,YELLOW ALERT,87.008,96.98260586808988
2018-08-23,30.88,20.07,69.56,37.14926925748221,Normal,False,2018,38.10401102969854,YELLOW ALERT,87.584,98.86868466346797
2018-08-24,30.33,19.67,72.23,36.449010338232085,Normal,False,2018,36.56657576673621,YELLOW ALERT,86.594,97.60821860881775
2018-08-25,28.57,19.68,75.31,32.71071133349845,Normal,False,2018,35.43633030973756,YELLOW ALERT,83.426,90.87928040029722
2018-08-26,30.36,19.71,72.85,36.6989290962995,Normal,False,2018,35.286216922676665,YELLOW ALERT,86.648,98.0580723733391
2018-08-27,29.99,19.29,71.59,35.402467417275176,Normal,False,2018,34.9373692823577,YELLOW ALERT,85.982,95.72444135109532
2018-08-28,30.64,19.11,71.71,37.133324758311794,Normal,False,2018,36.41157375729547,YELLOW ALERT,87.152,98.83998456496123
2018-08-29,30.73,19.15,71.92,37.43913072561168,Normal,False,2018,36.65830763373287,YELLOW ALERT,87.314,99.39043530610103
2018-08-30,31.58,19.48,72.36,40.01172275266969,Normal,False,2018,38.19472607886437,YELLOW ALERT,88.844,104.02110095480545
2018-08-31,31.62,20.0,69.56,39.162643969495626,Normal,False,2018,38.87116581592565,YELLOW ALERT,88.916,102.49275914509212
2018-09-01,30.37,19.81,72.1,36.51977706732118,Normal,False,2018,38.564714596495484,YELLOW ALERT,86.666,97.73559872117812
2018-09-02,31.9,19.58,66.04,38.74649666620289,Normal,False,2018,38.14297256767321,YELLOW ALERT,89.41999999999999,101.74369399916519
2018-09-03,30.39,19.37,66.63,35.14133836471434,Normal,False,2018,36.802537366079456,YELLOW ALERT,86.702,95.25440905648581
2018-09-04,32.04,19.54,65.26,38.85640049336744,Normal,False,2018,37.581411841428206,YELLOW ALERT,89.672,101.94152088806139
2018-09-05,30.39,19.64,65.57,34.87993390991149,Normal,False,2018,36.292557589331075,YELLOW ALERT,86.702,94.78388103784069
2018-09-06,31.56,19.23,65.1,37.562714903475126,Normal,False,2018,37.09968310225133,YELLOW ALERT,88.80799999999999,99.61288682625522
2018-09-07,31.78,18.72,64.07,37.7968424704403,Normal,False,2018,36.74649709460896,YELLOW ALERT,89.204,100.03431644679254
2018-09-08,32.66,18.86,63.36,39.84207235169687,Normal,False,2018,38.40054324187074,YELLOW ALERT,90.78799999999998,103.71573023305436
2018-09-09,32.33,19.49,65.08,39.5704298429125,Normal,False,2018,39.06978155501654,YELLOW ALERT,90.19399999999999,103.22677371724251
2018-09-10,31.18,19.86,66.24,36.948945194864876,Normal,False,2018,38.78714912982473,YELLOW ALERT,88.124,98.50810135075677
2018-09-11,32.72,21.1,66.12,41.040135705625296,Normal,False,2018,39.18650358113421,YELLOW ALERT,90.896,105.87224427012553
2018-09-12,29.96,21.7,74.36,36.02452629293953,Normal,False,2018,38.004535731143214,YELLOW ALERT,85.928,96.84414732729115
2018-09-13,33.22,19.59,64.38,41.78516103540132,Normal,False,2018,39.616607677988696,YELLOW ALERT,91.796,107.21328986372238
2018-09-14,32.87,19.56,66.19,41.49968433755569,Normal,False,2018,39.76979055529883,YELLOW ALERT,91.166,106.69943180760025
2018-09-15,31.39,20.23,72.21,39.39878465294402,Normal,False,2018,40.894543341967,YELLOW ALERT,88.502,102.91781237529923
2018-09-16,27.95,20.75,80.4,32.03495714069128,Normal,False,2018,37.64447537706365,YELLOW ALERT,82.31,89.66292285324431
2018-09-17,26.22,20.32,85.05,28.349876083552978,Normal,False,2018,33.26120595906274,YELLOW ALERT,79.196,83.02977695039536
2018-09-18,27.52,19.73,81.84,31.16389979961961,Normal,False,2018,30.51624434128794,NO ALERT,81.536,88.0950196393153
2018-09-19,27.12,19.42,78.14,29.822545768227215,Normal,False,2018,29.778773883799918,NO ALERT,80.816,85.68058238280898
2018-09-20,27.92,18.45,78.99,31.750367787390832,Normal,False,2018,30.912271118412537,NO ALERT,82.256,89.1506620173035
2018-09-21,28.23,19.26,79.3,32.56444830827727,Normal,False,2018,31.379120621298423,NO ALERT,82.814,90.61600695489909
2018-09-22,30.8,17.71,65.21,35.73868047866907,Normal,False,2018,33.35116552477904,YELLOW ALERT,87.44,96.32962486160433
2018-09-23,29.08,19.56,75.75,34.04847082614459,Normal,False,2018,34.117199871030294,YELLOW ALERT,84.344,93.28724748706026
2018-09-24,27.41,20.71,83.13,31.050608629174903,Normal,False,2018,33.612586644662834,YELLOW ALERT,81.338,87.89109553251483
2018-09-25,29.06,18.84,79.91,34.8889920602234,Normal,False,2018,33.32935717184762,YELLOW ALERT,84.30799999999999,94.80018570840213
2018-09-26,29.48,19.86,79.86,36.075486626769916,Normal,False,2018,34.00502910538939,YELLOW ALERT,85.064,96.93587592818585
2018-09-27,30.11,19.94,78.0,37.431683034457215,Normal,False,2018,36.13205390715016,YELLOW ALERT,86.19800000000001,99.37702946202299
2018-09-28,29.65,20.35,79.82,36.56400650781772,Normal,False,2018,36.690392056348266,YELLOW ALERT,85.36999999999999,97.8152117140719
2018-09-29,30.1,19.68,78.11,37.43313530087675,Normal,False,2018,37.14294161438388,YELLOW ALERT,86.18,99.37964354157815
2018-09-30,31.25,19.7,75.93,40.25434674492831,Normal,False,2018,38.08382951787424,YELLOW ALERT,88.25,104.45782414087097
2018-10-01,30.87,19.96,76.51,39.271090070220865,Normal,False,2018,38.98619070534196,YELLOW ALERT,87.566,102.68796212639755
2018-10-02,30.78,19.93,75.74,38.75021347812677,Normal,False,2018,39.4252167644253,YELLOW ALERT,87.404,101.75038426062818
2018-10-03,30.8,19.12,77.69,39.44034072249797,Normal,False,2018,39.15388142361518,YELLOW ALERT,87.44,102.99261330049634
2018-10-04,27.8,19.78,80.99,31.745944369777085,Normal,False,2018,36.64549952346726,YELLOW ALERT,82.04,89.14269986559876
2018-10-05,28.54,20.23,81.92,33.856426118320215,Normal,False,2018,35.01423707019841,YELLOW ALERT,83.372,92.94156701297638
2018-10-06,27.69,20.01,84.01,31.893939935789906,Normal,False,2018,32.498770141295715,YELLOW ALERT,81.842,89.40909188442183
2018-10-07,29.82,18.62,77.84,36.54181123877918,Normal,False,2018,34.09739243096308,YELLOW ALERT,85.676,97.77526022980253
2018-10-08,30.16,19.42,73.33,36.291399498824525,Normal,False,2018,34.90905022446452,YELLOW ALERT,86.288,97.32451909788415
2018-10-09,29.42,18.43,72.48,34.19597490733016,Normal,False,2018,35.67639521497794,YELLOW ALERT,84.956,93.55275483319429
2018-10-10,30.02,18.72,60.83,33.03799774132642,Normal,False,2018,34.50845738249368,YELLOW ALERT,86.036,91.46839593438756
2018-10-11,31.78,16.44,52.06,34.450717108052785,Normal,False,2018,33.894896585569775,YELLOW ALERT,89.204,94.01129079449501
2018-10-12,31.58,16.76,61.03,36.40305150656042,Normal,False,2018,34.63058878531319,YELLOW ALERT,88.844,97.52549271180877
2018-10-13,32.06,20.46,61.9,37.806827724909965,Normal,False,2018,36.22019877984104,YELLOW ALERT,89.708,100.05228990483793
2018-10-14,31.01,19.7,73.45,38.699202353884935,Normal,False,2018,37.63636052845175,YELLOW ALERT,87.81800000000001,101.65856423699287
2018-10-15,29.14,20.62,78.56,34.81112234671391,Normal,False,2018,37.10571747516959,YELLOW ALERT,84.452,94.66002022408503
2018-10-16,29.45,20.25,78.9,35.753356407478385,Normal,False,2018,36.421227036025726,YELLOW ALERT,85.01,96.3560415334611
2018-10-17,27.8,20.33,78.58,31.405261746933895,Normal,False,2018,33.98991350037537,YELLOW ALERT,82.04,88.52947114448101
2018-10-18,27.81,18.54,77.88,31.33161189751435,Normal,False,2018,32.83007668397553,YELLOW ALERT,82.05799999999999,88.39690141552583
2018-10-19,29.26,18.49,74.94,34.33299058561362,Normal,False,2018,32.3566214100206,YELLOW ALERT,84.668,93.79938305410452
2018-10-20,29.53,16.86,68.78,33.661527269574144,Normal,False,2018,33.10870991756735,YELLOW ALERT,85.154,92.59074908523345
2018-10-21,30.56,17.02,68.84,36.12565934659645,Normal,False,2018,34.70672573392806,YELLOW ALERT,87.008,97.02618682387362
2018-10-22,30.59,16.65,63.54,34.8325149760479,Normal,False,2018,34.87323386407281,YELLOW ALERT,87.062,94.69852695688621
2018-10-23,31.01,17.09,60.65,35.030226771376576,Normal,False,2018,35.329467031340286,YELLOW ALERT,87.81800000000001,95.05440818847784
2018-10-24,30.67,16.52,66.19,35.68946928340287,Normal,False,2018,35.1840703436091,YELLOW ALERT,87.206,96.24104471012518
2018-10-25,30.98,15.46,66.89,36.63636843536733,Normal,False,2018,35.78535483004891,YELLOW ALERT,87.764,97.94546318366119
2018-10-26,30.5,16.08,71.25,36.62982492880894,Normal,False,2018,36.3185542158597,YELLOW ALERT,86.9,97.93368487185609
2018-10-27,30.34,16.63,66.59,35.01485066545974,Normal,False,2018,36.09368134321198,YELLOW ALERT,86.612,95.02673119782753
2018-10-28,29.97,15.29,65.02,33.821886821077484,Normal,False,2018,35.155520805115366,YELLOW ALERT,85.946,92.87939627793948
2018-10-29,30.44,14.33,51.93,32.06163904796028,Normal,False,2018,33.63279217816582,YELLOW ALERT,86.792,89.7109502863285
2018-10-30,30.68,15.03,64.6,35.300902010226245,Normal,False,2018,33.72814262642132,YELLOW ALERT,87.224,95.54162361840724
2018-10-31,30.75,18.12,76.09,38.77098415385306,Normal,False,2018,35.37784173734651,YELLOW ALERT,87.35,101.7877714769355
2018-11-01,30.37,19.36,78.24,38.28371864328525,Normal,False,2018,37.4518682691215,YELLOW ALERT,86.666,100.91069355791345
2018-11-02,29.72,19.58,77.62,36.19959094928375,Normal,False,2018,37.751431248807336,YELLOW ALERT,85.49600000000001,97.15926370871075
2018-11-03,29.97,19.45,77.3,36.82903217672049,Normal,False,2018,37.104113923096484,YELLOW ALERT,85.946,98.29225791809688
2018-11-04,31.21,17.93,77.07,40.52811280532699,Normal,False,2018,37.85224531044373,YELLOW ALERT,88.178,104.95060304958858
2018-11-05,31.22,19.09,71.03,38.52305691447063,Normal,False,2018,38.62673396550602,YELLOW ALERT,88.196,101.34150244604713
2018-11-06,29.84,17.74,70.11,34.67710373737965,Normal,False,2018,37.909424485725744,YELLOW ALERT,85.712,94.41878672728338
2018-11-07,31.04,14.94,62.79,35.65192527018724,Normal,False,2018,36.28402864067916,YELLOW ALERT,87.872,96.17346548633704
2018-11-08,31.18,14.1,64.7,36.50531717069445,Normal,False,2018,35.6114487260871,YELLOW ALERT,88.124,97.70957090725001
2018-11-09,30.99,15.3,67.32,36.78420058532337,Normal,False,2018,36.31381434206833,YELLOW ALERT,87.782,98.21156105358207
2018-11-10,30.89,16.69,64.68,35.809184224559154,Normal,False,2018,36.36623399352564,YELLOW ALERT,87.602,96.45653160420648
2018-11-11,30.55,17.59,62.74,34.550974771374484,Normal,False,2018,35.71478652708565,YELLOW ALERT,86.99,94.19175458847408
2018-11-12,30.3,16.38,56.79,32.75009340029908,Normal,False,2018,34.37008413207755,YELLOW ALERT,86.53999999999999,90.95016812053834
2018-11-13,30.52,16.29,42.56,30.65535328149098,Normal,False,2018,32.65214048438816,YELLOW ALERT,86.936,87.17963590668377
2018-11-14,31.01,16.84,40.25,30.9621223160316,Normal,False,2018,31.4558563326072,NO ALERT,87.81800000000001,87.73182016885688
2018-11-15,28.49,15.23,71.45,31.876898176085888,Normal,False,2018,31.16479125786947,NO ALERT,83.282,89.3784167169546
2018-11-16,27.94,18.91,83.07,32.421039694624646,Normal,False,2018,31.75335339558069,NO ALERT,82.292,90.35787145032437
2018-11-17,31.15,18.5,72.94,38.94136474980124,Normal,False,2018,34.41310087350391,YELLOW ALERT,88.07,102.09445654964223
2018-11-18,31.38,19.7,74.43,40.132817505782754,Normal,False,2018,37.16507398340286,YELLOW ALERT,88.48400000000001,104.23907151040895
2018-11-19,31.96,19.68,71.5,40.84221837799879,Normal,False,2018,39.97213354452757,YELLOW ALERT,89.52799999999999,105.51599308039782
2018-11-20,29.64,19.13,72.4,34.719046393806735,Normal,False,2018,38.56469409252941,YELLOW ALERT,85.352,94.49428350885212
2018-11-21,27.4,18.17,80.54,30.713479159420373,Normal,False,2018,35.42491464374194,YELLOW ALERT,81.32,87.28426248695668
2018-11-22,27.24,18.99,82.56,30.56166872064605,Normal,False,2018,31.998064757957696,NO ALERT,81.032,87.01100369716289
2018-11-23,28.98,19.16,81.9,35.102093936026776,Normal,False,2018,32.12574727203104,YELLOW ALERT,84.164,95.1837690848482
2018-11-24,30.11,18.16,74.25,36.401347257534205,Normal,False,2018,34.02170330473566,YELLOW ALERT,86.19800000000001,97.52242506356157
2018-11-25,30.39,17.98,70.01,36.009596053282415,Normal,False,2018,35.837679082281106,YELLOW ALERT,86.702,96.81727289590835
2018-11-26,29.73,15.82,67.81,33.903595829506486,Normal,False,2018,35.43817971344101,YELLOW ALERT,85.514,93.02647249311167
2018-11-27,28.27,14.06,68.73,31.014261573190602,Normal,False,2018,33.64248448532647,YELLOW ALERT,82.886,87.82567083174308
2018-11-28,29.25,13.73,72.03,33.69296375050566,Normal,False,2018,32.87027371773423,YELLOW ALERT,84.65,92.64733475091019
2018-11-29,29.72,15.82,74.11,35.326452402887746,Normal,False,2018,33.34455924219464,YELLOW ALERT,85.49600000000001,95.58761432519795
2018-11-30,30.02,15.96,69.81,35.040705055104226,Normal,False,2018,34.68670706949919,YELLOW ALERT,86.036,95.07326909918761
2018-12-01,29.34,15.25,68.81,33.24443481430136,Normal,False,2018,34.53719742409775,YELLOW ALERT,84.812,91.83998266574244
2018-12-02,29.27,15.58,69.61,33.248701906336265,Normal,False,2018,33.84461392524725,YELLOW ALERT,84.686,91.84766343140527
2018-12-03,29.39,16.87,70.72,33.74868666703536,Normal,False,2018,33.413941129224305,YELLOW ALERT,84.902,92.74763600066365
2018-12-04,27.4,17.68,84.42,31.18452992666798,Normal,False,2018,32.727306166679845,YELLOW ALERT,81.32,88.13215386800236
2018-12-05,28.85,19.18,81.84,34.71427501343203,Normal,False,2018,33.21583053571177,YELLOW ALERT,83.93,94.48569502417766
2018-12-06,31.42,19.27,69.19,38.485154282478135,Normal,False,2018,34.794653074192695,YELLOW ALERT,88.55600000000001,101.27327770846064
2018-12-07,30.78,17.66,68.86,36.68874628868468,Normal,False,2018,36.629391861531595,YELLOW ALERT,87.404,98.03974331963244
2018-12-08,30.19,17.52,71.97,36.01200018518639,Normal,False,2018,37.06196691878304,YELLOW ALERT,86.34200000000001,96.8216003333355
2018-12-09,30.49,16.65,67.5,35.59976443141747,Normal,False,2018,36.10017030176282,YELLOW ALERT,86.88199999999999,96.07957597655144
2018-12-10,30.71,16.94,66.27,35.806093940384216,Normal,False,2018,35.805952852329334,YELLOW ALERT,87.27799999999999,96.4509690926916
2018-12-11,31.07,15.83,65.1,36.35249596671844,Normal,False,2018,35.91945144617335,YELLOW ALERT,87.926,97.43449274009319
2018-12-12,31.41,16.53,63.83,36.81074053751047,Normal,False,2018,36.32311014820436,YELLOW ALERT,88.538,98.25933296751884
2018-12-13,30.81,17.03,65.82,35.92526990318967,Normal,False,2018,36.362835469139505,YELLOW ALERT,87.458,96.66548582574141
2018-12-14,29.13,15.45,65.44,32.17029229144805,Normal,False,2018,34.96876757738271,YELLOW ALERT,84.434,89.90652612460649
2018-12-15,28.21,17.14,70.72,31.182283848223204,Normal,False,2018,33.09261534762029,YELLOW ALERT,82.778,88.12811092680177
2018-12-16,27.39,16.34,67.03,29.236254924340543,Normal,False,2018,30.86294368800391,NO ALERT,81.30199999999999,84.62525886381297
2018-12-17,29.43,14.11,56.39,31.180599205258336,Normal,False,2018,30.533045992607338,NO ALERT,84.974,88.125078569465
2018-12-18,29.31,12.87,49.59,30.01749285876899,Normal,False,2018,30.144782329455932,NO ALERT,84.758,86.03148714578418
2018-12-19,27.43,13.04,67.76,29.374958881896816,Normal,False,2018,30.191016981974688,NO ALERT,81.374,84.87492598741427
2018-12-20,29.92,15.0,66.81,34.108668808386966,Normal,False,2018,31.167040183017566,NO ALERT,85.85600000000001,93.39560385509654
2018-12-21,30.2,16.86,67.87,35.00040722779842,Normal,False,2018,32.82801163936071,YELLOW ALERT,86.36,95.00073301003715
2018-12-22,31.13,17.01,67.11,37.077786768130835,Normal,False,2018,35.39562093477205,YELLOW ALERT,88.034,98.7400161826355
2018-12-23,30.92,18.03,69.01,37.09351420017087,Normal,False,2018,36.390569398700016,YELLOW ALERT,87.656,98.76832556030757
2018-12-24,31.17,17.81,64.07,36.30375268411589,Normal,False,2018,36.82501788413918,YELLOW ALERT,88.10600000000001,97.34675483140862
2018-12-25,31.56,16.87,61.27,36.42549276630684,Normal,False,2018,36.607586550197844,YELLOW ALERT,88.80799999999999,97.56588697935231
2018-12-26,32.15,15.42,58.64,37.010662888110254,Normal,False,2018,36.579969446177635,YELLOW ALERT,89.86999999999999,98.61919319859845
2018-12-27,31.61,16.29,55.84,35.0608025489101,Normal,False,2018,36.165652734442375,YELLOW ALERT,88.898,95.10944458803817
2018-12-28,29.41,17.06,64.15,32.48917016048391,Normal,False,2018,34.85354519916806,YELLOW ALERT,84.938,90.48050628887104
2018-12-29,29.77,15.45,56.85,31.825246057692564,Normal,False,2018,33.125072922362165,YELLOW ALERT,85.586,89.28544290384662
2018-12-30,28.62,14.99,63.53,30.906713657770005,Normal,False,2018,31.740376625315474,NO ALERT,83.51599999999999,87.63208458398601
2018-12-31,28.64,13.88,58.93,30.292855647256985,Normal,False,2018,31.00827178757316,NO ALERT,83.55199999999999,86.52714016506258
2019-01-01,29.0,10.31,55.18,30.331332020142856,Normal,False,2019,30.510300441723256,NO ALERT,84.2,86.59639763625714
2019-01-02,28.97,9.4,57.8,30.655937456360405,Normal,False,2019,30.426708374586724,NO ALERT,84.146,87.18068742144872
2019-01-03,29.54,9.98,55.35,31.191778915567834,Normal,False,2019,30.726349464023674,NO ALERT,85.172,88.1452020480221
2019-01-04,28.79,11.11,58.18,30.425595596002317,Normal,False,2019,30.757770655976827,NO ALERT,83.822,86.76607207280418
2019-01-05,30.02,10.29,61.19,33.11168896463471,Normal,False,2019,31.576354492068262,NO ALERT,86.036,91.60104013634248
2019-01-06,30.53,12.33,58.51,33.54205887852939,Normal,False,2019,32.35978114638878,YELLOW ALERT,86.954,92.37570598135291
2019-01-07,30.44,12.94,57.67,33.18966467818089,Normal,False,2019,33.28113750711497,YELLOW ALERT,86.792,91.74139642072561
2019-01-08,30.4,13.46,46.66,31.104562875226932,Normal,False,2019,32.61209547731238,YELLOW ALERT,86.72,87.98821317540848
2019-01-09,31.09,13.18,46.91,32.17324669075093,Normal,False,2019,32.15582474805289,YELLOW ALERT,87.962,89.91184404335168
2019-01-10,31.1,11.36,56.09,34.10561992729759,Normal,False,2019,32.461143164425124,YELLOW ALERT,87.98,93.39011586913566
2019-01-11,31.28,13.84,56.51,34.561626310638786,Normal,False,2019,33.613497642895744,YELLOW ALERT,88.304,94.21092735914982
2019-01-12,30.31,13.87,57.97,33.00729061709164,Normal,False,2019,33.89151228500932,YELLOW ALERT,86.55799999999999,91.41312311076496
2019-01-13,30.78,11.59,54.19,33.08703838749254,Normal,False,2019,33.551985105074294,YELLOW ALERT,87.404,91.55666909748658
2019-01-14,30.12,11.83,53.15,31.75871541444475,Normal,False,2019,32.61768147300962,YELLOW ALERT,86.216,89.16568774600054
2019-01-15,30.04,11.93,44.13,30.25066893697685,Normal,False,2019,31.698807579638025,NO ALERT,86.072,86.45120408655833
2019-01-16,30.28,12.49,55.54,32.46917310562955,Normal,False,2019,31.492852485683695,NO ALERT,86.50399999999999,90.4445115901332
2019-01-17,30.3,14.17,60.92,33.612310319029724,Normal,False,2019,32.110717453878685,YELLOW ALERT,86.53999999999999,92.50215857425351
2019-01-18,30.45,14.47,60.35,33.78931388836653,Normal,False,2019,33.29026577100858,YELLOW ALERT,86.81,92.82076499905975
2019-01-19,30.54,12.36,53.59,32.543458027280444,Normal,False,2019,33.31502741155887,YELLOW ALERT,86.97200000000001,90.5782244491048
2019-01-20,30.75,11.74,52.67,32.723843465150765,Normal,False,2019,33.018871793599224,YELLOW ALERT,87.35,90.90291823727138
2019-01-21,31.23,11.65,49.96,32.99471539732848,Normal,False,2019,32.754005629919874,YELLOW ALERT,88.214,91.39048771519126
2019-01-22,31.77,13.07,52.88,34.632263366358195,Normal,False,2019,33.45027407627912,YELLOW ALERT,89.186,94.33807405944475
2019-01-23,31.96,14.85,57.44,36.23312737288299,Normal,False,2019,34.62003537885653,YELLOW ALERT,89.52799999999999,97.21962927118939
2019-01-24,32.1,15.99,56.98,36.40835470166174,Normal,False,2019,35.757915146967626,YELLOW ALERT,89.78,97.53503846299114
2019-01-25,31.82,17.37,59.14,36.40800781689421,Normal,False,2019,36.34982996381296,YELLOW ALERT,89.276,97.53441407040958
2019-01-26,31.54,19.29,62.47,36.7251557566828,Normal,False,2019,36.51383942507956,YELLOW ALERT,88.772,98.10528036202905
2019-01-27,28.62,19.1,69.82,31.88508767581929,Normal,False,2019,35.00608374979875,YELLOW ALERT,83.51599999999999,89.39315781647471
2019-01-28,26.53,17.02,77.46,28.561526361870506,Normal,False,2019,32.390589931457505,YELLOW ALERT,79.754,83.41074745136692
2019-01-29,27.86,16.12,71.73,30.617707718341755,Normal,False,2019,30.354773918677157,NO ALERT,82.148,87.11187389301516
2019-01-30,28.54,14.75,63.29,30.731803444439304,Normal,False,2019,29.970345841550497,NO ALERT,83.372,87.31724619999075
2019-01-31,29.15,13.0,61.41,31.518516614143014,Normal,False,2019,30.956009258974664,NO ALERT,84.47,88.73332990545742
2019-02-01,29.35,14.93,61.95,31.974981648905718,Normal,False,2019,31.40843390249599,NO ALERT,84.83000000000001,89.5549669680303
2019-02-02,30.35,15.05,58.91,33.27917881535874,Normal,False,2019,32.2575590261358,YELLOW ALERT,86.63000000000001,91.90252186764573
2019-02-03,31.17,14.66,60.29,35.28436681963174,Normal,False,2019,33.512842427965374,YELLOW ALERT,88.10600000000001,95.51186027533714
2019-02-04,31.89,16.47,60.17,36.869062621317624,Normal,False,2019,35.14420275210268,YELLOW ALERT,89.402,98.36431271837174
2019-02-05,30.55,16.72,59.75,33.85649326690046,Normal,False,2019,35.33664090261659,YELLOW ALERT,86.99,92.94168788042083
2019-02-06,32.74,15.34,50.93,36.0292128656588,Normal,False,2019,35.58492291795894,YELLOW ALERT,90.932,96.85258315818584
2019-02-07,33.85,16.39,52.81,39.023695272976006,Normal,False,2019,36.303133801845064,YELLOW ALERT,92.93,102.24265149135681
2019-02-08,34.31,18.03,53.12,40.22660686070726,Normal,False,2019,38.42650499978066,YELLOW ALERT,93.75800000000001,104.40789234927306
2019-02-09,32.44,19.82,58.93,37.77712255433951,Normal,False,2019,39.00914156267424,YELLOW ALERT,90.392,99.99882059781112
2019-02-10,29.64,20.01,74.07,35.109095034706314,Normal,False,2019,37.70427481658434,YELLOW ALERT,85.352,95.19637106247137
2019-02-11,29.67,18.74,71.24,34.52707739464187,Normal,False,2019,35.80443166122921,YELLOW ALERT,85.406,94.14873931035537
2019-02-12,30.9,16.05,64.89,35.8890684695277,Normal,False,2019,35.17508029962527,YELLOW ALERT,87.61999999999999,96.60032324514985
2019-02-13,30.86,15.13,62.76,35.23793757881287,Normal,False,2019,35.218027814327456,YELLOW ALERT,87.548,95.42828764186316
2019-02-14,32.02,14.53,60.01,37.12408377900365,Normal,False,2019,36.08369660911472,YELLOW ALERT,89.636,98.82335080220656
2019-02-15,32.41,17.08,62.18,38.774731851436144,Normal,False,2019,37.0455844030842,YELLOW ALERT,90.338,101.79451733258506
2019-02-16,32.62,18.37,59.7,38.46319902205885,Normal,False,2019,38.12067155083286,YELLOW ALERT,90.716,101.23375823970594
2019-02-17,33.66,18.8,55.7,39.60789077326126,Normal,False,2019,38.94860721558539,YELLOW ALERT,92.588,103.29420339187027
2019-02-18,34.54,18.44,36.16,35.369460735439674,Normal,False,2019,37.81351684358657,YELLOW ALERT,94.172,95.66502932379142
2019-02-19,34.63,19.64,58.92,43.47106523754999,Normal,False,2019,39.482805582083614,YELLOW ALERT,94.334,110.24791742758998
2019-02-20,34.31,19.01,55.12,41.004253803227726,Normal,False,2019,39.94825992540577,YELLOW ALERT,93.75800000000001,105.8076568458099
2019-02-21,32.97,17.14,52.76,37.04341306973082,Normal,False,2019,40.50624403683616,YELLOW ALERT,91.346,98.67814352551548
2019-02-22,34.11,16.08,36.05,34.65628087788278,Normal,False,2019,37.56798258361375,YELLOW ALERT,93.398,94.38130558018901
2019-02-23,35.35,16.06,28.72,34.906388732054076,Normal,False,2019,35.53536089322253,YELLOW ALERT,95.63000000000001,94.83149971769734
2019-02-24,35.37,15.67,31.86,35.642505180146,Normal,False,2019,35.06839159669426,YELLOW ALERT,95.666,96.15650932426281
2019-02-25,36.4,15.93,31.89,37.30474417611675,Normal,False,2019,35.951212696105586,YELLOW ALERT,97.52,99.14853951701015
2019-02-26,35.89,16.52,41.27,39.36931286103904,Normal,False,2019,37.438854072433905,YELLOW ALERT,96.602,102.86476314987027
2019-02-27,35.92,19.84,48.76,42.389145788492,Normal,False,2019,39.68773427521591,YELLOW ALERT,96.656,108.3004624192856
2019-02-28,35.11,20.79,42.05,38.06682759557061,Normal,False,2019,39.941762081700524,YELLOW ALERT,95.19800000000001,100.52028967202709
2019-03-01,36.23,20.06,54.47,45.903286641097196,Normal,False,2019,42.11975334171991,ORANGE ALERT,97.214,114.62591595397495
2019-03-02,34.83,21.17,54.5,42.085739355278534,Normal,False,2019,42.01861786398209,ORANGE ALERT,94.69399999999999,107.75433083950136
2019-03-03,34.75,19.48,52.21,40.944675407407246,Normal,False,2019,42.97790046792764,ORANGE ALERT,94.55,105.70041573333305
2019-03-04,36.65,19.48,47.19,43.499187377275696,Normal,False,2019,42.176534046653806,ORANGE ALERT,97.97,110.29853727909625
2019-03-05,37.37,22.31,36.27,40.52102225661784,Normal,False,2019,41.654961680433566,ORANGE ALERT,99.26599999999999,104.93784006191211
2019-03-06,36.66,22.0,31.29,37.56512826812204,Normal,False,2019,40.528445967338506,YELLOW ALERT,97.98799999999999,99.61723088261968
2019-03-07,38.94,21.37,30.86,41.465234537647255,Normal,False,2019,39.85046168746235,YELLOW ALERT,102.092,106.63742216776505
2019-03-08,37.69,21.31,41.99,43.62085155882866,Normal,False,2019,40.88373812153262,YELLOW ALERT,99.842,110.51753280589159
2019-03-09,35.46,21.24,49.45,41.5569900033588,Normal,False,2019,42.21435869994488,ORANGE ALERT,95.828,106.80258200604584
2019-03-10,36.79,21.63,46.82,43.6778480140042,Normal,False,2019,42.951896525397196,ORANGE ALERT,98.22200000000001,110.62012642520756
2019-03-11,36.65,22.7,39.52,40.29080014862662,Normal,False,2019,41.84187938866318,ORANGE ALERT,97.97,104.52344026752792
2019-03-12,36.34,19.42,36.67,38.67049902629434,Normal,False,2019,40.879715729641696,YELLOW ALERT,97.412,101.60689824732981
2019-03-13,35.41,19.04,30.42,35.366136342990664,Normal,False,2019,38.109145172637184,YELLOW ALERT,95.73799999999999,95.6590454173832
2019-03-14,36.04,19.15,29.43,36.083157252000206,Normal,False,2019,36.70659754042838,YELLOW ALERT,96.872,96.94968305360037
2019-03-15,35.79,19.27,30.41,35.93975446440007,Normal,False,2019,35.79634935313029,YELLOW ALERT,96.422,96.69155803592011
2019-03-16,35.35,17.38,36.33,36.77674445048277,Normal,False,2019,36.266552055627656,YELLOW ALERT,95.63000000000001,98.19814001086898
2019-03-17,35.47,16.25,38.77,37.71557427236976,Normal,False,2019,36.810691062417504,YELLOW ALERT,95.846,99.88803369026556
2019-03-18,36.39,17.58,48.22,43.31893043775717,Normal,False,2019,39.270416386869876,YELLOW ALERT,97.502,109.9740747879629
2019-03-19,37.25,18.69,46.1,44.49283612302239,Normal,False,2019,41.842446944383084,ORANGE ALERT,99.05,112.08710502144031
2019-03-20,36.73,21.2,43.8,42.1878429731616,Normal,False,2019,43.33320317798036,ORANGE ALERT,98.114,107.93811735169088
2019-03-21,37.01,20.63,39.32,40.964017207830096,Normal,False,2019,42.54823210133801,ORANGE ALERT,98.618,105.73523097409418
2019-03-22,37.59,19.86,39.89,42.4522888992507,Normal,False,2019,41.868049693414115,ORANGE ALERT,99.662,108.41412001865127
2019-03-23,37.98,20.56,41.8,44.21812540902517,Normal,False,2019,42.54481050536864,ORANGE ALERT,100.364,111.59262573624531
2019-03-24,38.21,22.75,34.45,41.48428380523415,Normal,False,2019,42.718232704503315,ORANGE ALERT,100.77799999999999,106.67171084942147
2019-03-25,38.03,22.15,35.13,41.396829911803366,Normal,False,2019,42.36641304202087,ORANGE ALERT,100.454,106.51429384124606
2019-03-26,37.1,20.6,35.72,39.789264970269244,Normal,False,2019,40.89012622910223,YELLOW ALERT,98.78,103.62067694648464
2019-03-27,37.86,20.43,33.02,40.2562135329536,Normal,False,2019,40.48076947167538,YELLOW ALERT,100.148,104.46118435931649
2019-03-28,38.9,19.59,34.13,42.749527360575634,Normal,False,2019,40.931668621266134,YELLOW ALERT,102.02,108.94914924903614
2019-03-29,39.1,20.96,26.98,40.29124670042619,Normal,False,2019,41.09899586465178,ORANGE ALERT,102.38000000000001,104.52424406076715
2019-03-30,38.37,21.62,30.68,40.342234421510206,Normal,False,2019,41.127669494170654,ORANGE ALERT,101.066,104.61602195871838
2019-03-31,38.88,21.68,29.08,40.671451739263865,Normal,False,2019,40.43497762040007,YELLOW ALERT,101.98400000000001,105.20861313067496
2019-04-01,38.32,22.4,31.79,40.66133666987926,Normal,False,2019,40.55834094355109,YELLOW ALERT,100.976,105.19040600578268
2019-04-02,38.57,21.24,34.27,42.1347709275561,Normal,False,2019,41.15585311223305,ORANGE ALERT,101.426,107.84258766960097
2019-04-03,38.16,21.98,38.4,43.05809539826104,Normal,False,2019,41.95140099856544,ORANGE ALERT,100.68799999999999,109.50457171686988
2019-04-04,37.8,20.0,35.31,41.00768077713077,Normal,False,2019,42.06684903431594,ORANGE ALERT,100.03999999999999,105.81382539883539
2019-04-05,38.35,20.39,39.15,43.827696670846144,Normal,False,2019,42.631157615412626,ORANGE ALERT,101.03,110.88985400752306
2019-04-06,38.1,21.42,30.95,39.95114419509631,Normal,False,2019,41.59550721435772,ORANGE ALERT,100.58000000000001,103.91205955117337
2019-04-07,38.13,22.0,33.12,40.80607366229093,Normal,False,2019,41.52830484274444,ORANGE ALERT,100.634,105.45093259212368
2019-04-08,38.55,20.7,43.63,46.559419914041676,Normal,False,2019,42.43887925714295,ORANGE ALERT,101.39,115.80695584527501
2019-04-09,37.63,23.43,43.77,44.315962774075594,Normal,False,2019,43.89381878346938,ORANGE ALERT,99.73400000000001,111.76873299333607
2019-04-10,37.85,22.87,42.42,44.20322216206096,Normal,False,2019,45.02620161672605,ORANGE ALERT,100.13000000000001,111.56579989170973
2019-04-11,37.65,22.04,39.46,42.39907518606369,Normal,False,2019,43.63942004073339,ORANGE ALERT,99.77,108.31833533491464
2019-04-12,39.15,22.54,32.49,42.54629139830351,Normal,False,2019,43.049529582142696,ORANGE ALERT,102.47,108.58332451694632
2019-04-13,38.38,22.02,33.0,41.241227291419406,Normal,False,2019,42.06219795859551,ORANGE ALERT,101.084,106.23420912455494
2019-04-14,38.39,22.01,27.02,39.12158227378276,Normal,False,2019,40.96970032116853,YELLOW ALERT,101.102,102.41884809280896
2019-04-15,38.25,20.92,24.59,38.16575510275264,Normal,False,2019,39.50952155598491,YELLOW ALERT,100.85,100.69835918495475
2019-04-16,38.41,20.8,36.79,42.8868629181711,Normal,False,2019,40.058066764902144,YELLOW ALERT,101.13799999999999,109.19635325270798
2019-04-17,36.47,22.6,48.24,43.529674372544946,Normal,False,2019,41.527430797822866,ORANGE ALERT,97.646,110.35341387058091
2019-04-18,36.53,24.22,49.74,44.388556450963,Normal,False,2019,43.60169791389299,ORANGE ALERT,97.75399999999999,111.8994016117334
2019-04-19,36.6,22.62,53.77,46.608277439188825,Normal,False,2019,44.842169420898905,ORANGE ALERT,97.88000000000001,115.89489939053989
2019-04-20,32.93,23.12,64.08,40.84766501866021,Normal,False,2019,43.948166302937324,ORANGE ALERT,91.274,105.52579703358838
2019-04-21,35.24,21.15,59.74,45.64238038825241,Normal,False,2019,44.36610761536713,ORANGE ALERT,95.432,114.15628469885435
2019-04-22,35.69,21.81,55.38,44.817092554349905,Normal,False,2019,43.76904598708749,ORANGE ALERT,96.24199999999999,112.67076659782984
2019-04-23,34.35,21.09,57.24,41.97231532995382,Normal,False,2019,44.14392942418536,ORANGE ALERT,93.83000000000001,107.55016759391688
2019-04-24,36.95,20.88,43.26,42.46383912034067,Normal,False,2019,43.084415668214774,ORANGE ALERT,98.51,108.4349104166132
2019-04-25,37.84,20.12,38.15,42.250915247727235,Normal,False,2019,42.22902323267389,ORANGE ALERT,100.11200000000001,108.05164744590903
2019-04-26,39.09,21.56,38.89,45.41918121192268,Normal,False,2019,43.377978526663505,ORANGE ALERT,102.36200000000001,113.75452618146082
2019-04-27,38.35,21.85,40.02,44.239233253433426,Normal,False,2019,43.96977657102775,ORANGE ALERT,101.03,111.63061985618018
2019-04-28,38.83,23.16,42.78,46.822973079279535,Normal,False,2019,45.49379584821185,ORANGE ALERT,101.89399999999999,116.28135154270316
2019-04-29,37.45,23.55,42.61,43.34115892037164,Normal,False,2019,44.80112175102818,ORANGE ALERT,99.41,110.01408605666896
2019-04-30,34.78,24.2,57.46,43.23739238254354,Normal,False,2019,44.46717479406488,ORANGE ALERT,94.604,109.82730628857837
2019-05-01,35.28,22.37,62.98,47.43047112226626,Normal,False,2019,44.66967414172712,ORANGE ALERT,95.50399999999999,117.37484802007927
2019-05-02,35.88,21.17,53.75,44.5616886377554,Normal,False,2019,45.076517380855044,ORANGE ALERT,96.584,112.21103954795973
2019-05-03,36.57,20.99,52.36,45.79238723045768,Normal,False,2019,45.92818233015976,ORANGE ALERT,97.826,114.42629701482382
2019-05-04,35.87,21.91,51.94,43.682772905983555,Normal,False,2019,44.678949591398855,ORANGE ALERT,96.566,110.6289912307704
2019-05-05,36.46,21.9,54.81,46.748117242657884,Normal,False,2019,45.40775912636635,ORANGE ALERT,97.628,116.1466110367842
2019-05-06,36.19,24.09,54.38,45.74294811336986,Normal,False,2019,45.39127942067041,ORANGE ALERT,97.142,114.33730660406574
2019-05-07,36.8,22.9,54.61,47.64898488816013,Normal,False,2019,46.71335008139593,ORANGE ALERT,98.24,117.76817279868824
2019-05-08,32.71,22.6,65.77,40.877307115072966,Normal,False,2019,44.75641337220096,ORANGE ALERT,90.878,105.57915280713135
2019-05-09,35.38,21.58,58.92,45.65492652224046,Normal,False,2019,44.72707284182449,ORANGE ALERT,95.684,114.17886774003281
2019-05-10,36.62,21.59,52.51,46.00971806993533,Normal,False,2019,44.18065056908289,ORANGE ALERT,97.916,114.8174925258836
2019-05-11,34.63,23.8,56.55,42.430016648120514,Normal,False,2019,44.698220413432075,ORANGE ALERT,94.334,108.37402996661692
2019-05-12,36.31,23.23,54.98,46.397654349000625,Normal,False,2019,44.94579635568547,ORANGE ALERT,97.358,115.51577782820112
2019-05-13,35.59,23.32,58.07,45.85588766754605,Normal,False,2019,44.89451955488904,ORANGE ALERT,96.06200000000001,114.54059780158289
2019-05-14,34.81,23.59,56.44,42.868310961267575,Normal,False,2019,45.04061765927139,ORANGE ALERT,94.658,109.16295973028164
2019-05-15,34.56,23.24,62.02,44.69562004431439,Normal,False,2019,44.47327289104265,ORANGE ALERT,94.208,112.4521160797659
2019-05-16,36.03,22.91,56.38,46.300039104345046,Normal,False,2019,44.62132336997564,ORANGE ALERT,96.854,115.34007038782109
2019-05-17,32.95,23.58,61.47,39.921877156582376,Normal,False,2019,43.63917876841392,ORANGE ALERT,91.31,103.85937888184827
2019-05-18,36.25,22.75,55.84,46.670531986100535,Normal,False,2019,44.2974827490093,ORANGE ALERT,97.25,116.00695757498096
2019-05-19,37.75,23.72,48.02,46.78740062374102,Normal,False,2019,44.459936588807956,ORANGE ALERT,99.95,116.21732112273384
2019-05-20,37.14,23.37,50.1,46.212428758196886,Normal,False,2019,46.55678712267945,ORANGE ALERT,98.852,115.1823717647544
2019-05-21,37.85,22.11,44.89,45.41834523065467,Normal,False,2019,46.139391537530834,ORANGE ALERT,100.13000000000001,113.75302141517841
2019-05-22,34.9,23.63,55.98,42.90998633989173,Normal,False,2019,44.84692010958108,ORANGE ALERT,94.82,109.23797541180511
2019-05-23,34.95,23.15,59.1,44.47309219272225,Normal,False,2019,44.26714125442286,ORANGE ALERT,94.91,112.05156594690004
2019-05-24,36.87,23.22,57.74,49.644874063616456,Normal,False,2019,45.67598419874346,ORANGE ALERT,98.366,121.36077331450961
2019-05-25,33.47,24.14,64.29,42.47144790461056,Normal,False,2019,45.5298047203164,ORANGE ALERT,92.24600000000001,108.448606228299
2019-05-26,34.17,23.13,66.33,45.53920948433437,Normal,False,2019,45.88517715085377,ORANGE ALERT,93.506,113.97057707180187
2019-05-27,35.23,23.63,60.2,45.84139690419502,Normal,False,2019,44.61735143104662,ORANGE ALERT,95.414,114.51451442755105
2019-05-28,35.31,24.05,59.8,45.88408430422883,Normal,False,2019,45.75489689758604,ORANGE ALERT,95.558,114.5913517476119
2019-05-29,32.69,23.92,68.1,41.72719637738588,Normal,False,2019,44.48422586193655,ORANGE ALERT,90.842,107.10895347929458
2019-05-30,33.95,22.66,63.15,43.39018701779681,Normal,False,2019,43.66715589980382,ORANGE ALERT,93.11,110.10233663203425
2019-05-31,30.52,23.47,70.46,36.46418406215219,Normal,False,2019,40.52718915244494,YELLOW ALERT,86.936,97.63553131187395
2019-06-01,33.39,21.78,67.32,43.53037153046681,Normal,False,2019,41.12824753680525,ORANGE ALERT,92.102,110.35466875484026
2019-06-02,36.41,22.37,60.88,49.9812155099399,Normal,False,2019,43.32525703418628,ORANGE ALERT,97.53799999999998,121.96618791789182
2019-06-03,30.5,23.05,72.64,37.01961857661062,Normal,False,2019,43.51040187233909,ORANGE ALERT,86.9,98.63531343789911
2019-06-04,32.63,21.76,68.8,41.82566731817693,Normal,False,2019,42.94216713490912,ORANGE ALERT,90.73400000000001,107.28620117271848
2019-06-05,30.5,23.54,72.67,37.02813233184358,Normal,False,2019,38.62447274221035,YELLOW ALERT,86.9,98.65063819731844
2019-06-06,33.03,22.39,71.06,44.028927512166604,Normal,False,2019,40.96090905406235,YELLOW ALERT,91.454,111.25206952189988
2019-06-07,31.96,22.67,73.24,41.497900084814454,Normal,False,2019,40.85165330960819,YELLOW ALERT,89.52799999999999,106.69622015266602
2019-06-08,32.03,21.67,69.14,40.18443914056194,Normal,False,2019,41.903755579180974,ORANGE ALERT,89.654,104.3319904530115
2019-06-09,35.58,22.02,59.18,46.390657165292986,Normal,False,2019,42.690998796889765,ORANGE ALERT,96.044,115.50318289752737
2019-06-10,33.59,20.34,63.1,42.32002498644221,Normal,False,2019,42.96504043076569,ORANGE ALERT,92.46200000000002,108.17604497559599
2019-06-11,32.54,21.54,61.48,38.86664607053004,Normal,False,2019,42.525776074088384,ORANGE ALERT,90.572,101.95996292695408
2019-06-12,33.8,21.68,63.92,43.284642938182756,Normal,False,2019,41.49043799838498,ORANGE ALERT,92.84,109.91235728872896
2019-06-13,31.77,21.52,65.92,38.363260260637105,Normal,False,2019,40.17151642311661,YELLOW ALERT,89.186,101.05386846914679
2019-06-14,33.46,20.64,59.44,40.49902644528558,Normal,False,2019,40.71564321470179,YELLOW ALERT,92.228,104.89824760151404
2019-06-15,34.53,21.17,58.5,43.00340591492004,Normal,False,2019,40.621897540280884,YELLOW ALERT,94.154,109.40613064685607
2019-06-16,34.05,21.4,59.84,42.2476253699292,Normal,False,2019,41.91668591004491,ORANGE ALERT,93.28999999999999,108.04572566587257
2019-06-17,32.74,21.29,62.12,39.6067128733549,Normal,False,2019,41.61924805273469,ORANGE ALERT,90.932,103.29208317203883
2019-06-18,32.16,21.63,63.01,38.41629764323288,Normal,False,2019,40.090211962172305,YELLOW ALERT,89.88799999999999,101.14933575781919
2019-06-19,35.29,21.57,60.57,46.211669859783,Normal,False,2019,41.4115601254569,ORANGE ALERT,95.522,115.1810057476094
2019-06-20,33.74,21.88,61.59,42.11597309592518,Normal,False,2019,42.247980199646996,ORANGE ALERT,92.732,107.80875157266533
2019-06-21,30.22,21.15,64.39,34.221674018384206,Normal,False,2019,40.84977232469744,YELLOW ALERT,86.396,93.59901323309157
2019-06-22,33.12,21.1,67.7,42.86229313012339,Normal,False,2019,39.7333134148109,YELLOW ALERT,91.616,109.1521276342221
2019-06-23,29.57,20.74,71.99,34.45330127571667,Normal,False,2019,37.179089474741396,YELLOW ALERT,85.226,94.01594229629
2019-06-24,30.55,20.85,72.45,37.10162776627647,Normal,False,2019,38.13907405737215,YELLOW ALERT,86.99,98.78292997929765
2019-06-25,32.1,20.88,63.46,38.41191251450521,Normal,False,2019,36.65561385216609,YELLOW ALERT,89.78,101.14144252610939
2019-06-26,28.85,21.43,71.53,32.67695945963513,Normal,False,2019,36.06349991347225,YELLOW ALERT,83.93,90.81852702734322
2019-06-27,32.2,21.06,68.63,40.48988634286509,Normal,False,2019,37.192919439001784,YELLOW ALERT,89.96000000000001,104.88179541715716
2019-06-28,29.43,21.18,70.7,33.83760551936226,Normal,False,2019,35.6681504406208,YELLOW ALERT,84.974,92.90768993485207
2019-06-29,28.76,21.2,69.1,32.05593639665806,Normal,False,2019,35.461142752961784,YELLOW ALERT,83.768,89.70068551398451
2019-06-30,30.55,21.06,70.52,36.558689198364554,Normal,False,2019,34.150743704794934,YELLOW ALERT,86.99,97.8056405570562
2019-07-01,32.62,21.53,65.69,40.59282618764246,Normal,False,2019,36.402483927555004,YELLOW ALERT,90.716,105.06708713775643
2019-07-02,32.35,21.47,66.52,40.14292784581855,Normal,False,2019,39.09814774394183,YELLOW ALERT,90.23,104.25727012247339
2019-07-03,32.02,21.85,65.38,38.84388366583591,Normal,False,2019,39.859879233098944,YELLOW ALERT,89.636,101.91899059850464
2019-07-04,33.41,21.76,63.98,42.168078857769316,Normal,False,2019,40.38496345647457,YELLOW ALERT,92.13799999999999,107.90254194398477
2019-07-05,31.07,22.23,69.31,37.577528711359,Normal,False,2019,39.52983041165472,YELLOW ALERT,87.926,99.6395516804462
2019-07-06,29.93,21.69,70.55,34.999491316888424,Normal,False,2019,38.24836629533889,YELLOW ALERT,85.874,94.99908437039917
2019-07-07,32.99,21.21,65.2,41.453990909413136,Normal,False,2019,38.01033697922016,YELLOW ALERT,91.382,106.61718363694365
2019-07-08,32.83,21.19,64.06,40.56304747824072,Normal,False,2019,39.00550990151407,YELLOW ALERT,91.094,105.0134854608333
2019-07-09,30.99,21.02,68.8,37.21451794151781,Normal,False,2019,39.74385210972386,YELLOW ALERT,87.782,98.98613229473206
2019-07-10,31.18,21.26,64.72,36.51099610990165,Normal,False,2019,38.096187176553364,YELLOW ALERT,88.124,97.71979299782296
2019-07-11,31.02,20.51,67.22,36.83113243037712,Normal,False,2019,36.85221549393217,YELLOW ALERT,87.836,98.29603837467882
2019-07-12,32.44,20.22,62.6,38.995289233027606,Normal,False,2019,37.44580592443543,YELLOW ALERT,90.392,102.19152061944969
2019-07-13,33.78,21.5,58.2,40.855712980951054,Normal,False,2019,38.8940448814519,YELLOW ALERT,92.804,105.5402833657119
2019-07-14,30.42,22.23,69.57,35.96891902220065,Normal,False,2019,38.60664041205974,YELLOW ALERT,86.756,96.74405423996117
2019-07-15,31.59,20.94,61.58,36.58428603543061,Normal,False,2019,37.802972679527414,YELLOW ALERT,88.862,97.85171486377509
2019-07-16,31.01,20.95,65.0,36.18053722508461,Normal,False,2019,36.244580760905265,YELLOW ALERT,87.81800000000001,97.1249670051523
2019-07-17,28.32,20.38,69.59,31.237830556698288,Normal,False,2019,34.66755127240448,YELLOW ALERT,82.976,88.22809500205692
2019-07-18,25.25,19.53,79.22,26.296468591181693,Normal,False,2019,31.238278790988172,NO ALERT,77.45,79.33364346412705
2019-07-19,25.6,20.11,79.83,26.91130629369546,Normal,False,2019,28.14853514719179,NO ALERT,78.08,80.44035132865183
2019-07-20,30.52,21.09,73.65,37.36435807086536,Normal,False,2019,30.19071098524748,NO ALERT,86.936,99.25584452755764
2019-07-21,30.56,20.83,71.12,36.75198932339529,Normal,False,2019,33.675884562652016,YELLOW ALERT,87.008,98.15358078211153
2019-07-22,27.68,21.43,77.64,31.001110120691976,Normal,False,2019,35.03915250498419,YELLOW ALERT,81.824,87.80199821724555
2019-07-23,29.17,19.93,73.83,33.873081072378824,Normal,False,2019,33.875393505488674,YELLOW ALERT,84.506,92.97154593028189
2019-07-24,31.16,19.81,71.38,38.46646972537903,Normal,False,2019,34.446886972816586,YELLOW ALERT,88.088,101.23964550568225
2019-07-25,31.24,20.11,69.26,38.017814510336166,Normal,False,2019,36.78578843603132,YELLOW ALERT,88.232,100.43206611860509
2019-07-26,29.55,20.36,71.86,34.375475640145474,Normal,False,2019,36.95325329195353,YELLOW ALERT,85.19,93.87585615226185
2019-07-27,31.16,19.5,71.09,38.37422636308402,Normal,False,2019,36.922505504521865,YELLOW ALERT,88.088,101.07360745355123
2019-07-28,30.21,20.09,70.55,35.69540915292743,Normal,False,2019,36.14837038538562,YELLOW ALERT,86.378,96.25173647526938
2019-07-29,29.85,20.36,73.06,35.40778356156989,Normal,False,2019,36.49247302586042,YELLOW ALERT,85.73,95.7340104108258
2019-07-30,30.21,20.75,66.25,34.63370530197743,Normal,False,2019,35.24563267215823,YELLOW ALERT,86.378,94.34066954355937
2019-07-31,32.16,20.01,62.57,38.271544238118935,Normal,False,2019,36.10434436722206,YELLOW ALERT,89.88799999999999,100.88877962861409
2019-08-01,33.0,20.54,64.86,41.348229606364995,Normal,False,2019,38.084493048820434,YELLOW ALERT,91.4,106.426813291457
2019-08-02,30.05,20.73,67.13,34.47558028257962,Normal,False,2019,38.03178470902116,YELLOW ALERT,86.09,94.05604450864332
2019-08-03,28.87,20.65,70.46,32.52758643943116,Normal,False,2019,36.117132109458566,YELLOW ALERT,83.966,90.54965559097609
2019-08-04,30.31,19.8,59.56,33.33934276275055,Normal,False,2019,33.447503161587086,YELLOW ALERT,86.55799999999999,92.01081697295099
2019-08-05,26.7,20.6,77.2,28.87641933954828,Normal,False,2019,31.58111618057664,NO ALERT,80.06,83.9775548111869
2019-08-06,28.91,20.26,72.23,32.941794722049295,Normal,False,2019,31.719185608116018,NO ALERT,84.038,91.29523049968873
2019-08-07,29.23,20.83,71.18,33.47271419300976,Normal,False,2019,31.763642751535752,NO ALERT,84.614,92.25088554741757
2019-08-08,29.64,21.13,71.77,34.57470018954187,Normal,False,2019,33.66306970153362,YELLOW ALERT,85.352,94.23446034117538
2019-08-09,31.54,21.52,68.85,38.70368039379287,Normal,False,2019,35.583698258781475,YELLOW ALERT,88.772,101.66662470882717
2019-08-10,31.05,20.62,66.62,36.733965510069055,Normal,False,2019,36.67078203113457,YELLOW ALERT,87.89,98.1211379181243
2019-08-11,32.23,19.74,67.26,40.07487581820778,Normal,False,2019,38.504173907356545,YELLOW ALERT,90.014,104.134776472774
2019-08-12,30.63,19.76,70.67,36.81013839730966,Normal,False,2019,37.87299324186214,YELLOW ALERT,87.134,98.25824911515738
2019-08-13,32.2,20.66,69.58,40.84328812116769,Normal,False,2019,39.24276744556169,YELLOW ALERT,89.96000000000001,105.51791861810185
2019-08-14,31.05,20.78,72.21,38.419379113827176,Normal,False,2019,38.69093521076815,YELLOW ALERT,87.89,101.15488240488892
2019-08-15,30.38,20.06,74.97,37.35104080386761,Normal,False,2019,38.871236012954135,YELLOW ALERT,86.684,99.2318734469617
2019-08-16,30.43,20.95,73.21,36.98970481514126,Normal,False,2019,37.58670824427866,YELLOW ALERT,86.774,98.58146866725426
2019-08-17,28.05,20.91,79.64,32.16802408524322,Normal,False,2019,35.502923234750675,YELLOW ALERT,82.49000000000001,89.9024433534378
2019-08-18,27.48,20.43,82.07,31.09393026831463,Normal,False,2019,33.41721972289968,YELLOW ALERT,81.464,87.96907448296633
2019-08-19,29.35,20.54,80.52,35.858574797906854,Normal,False,2019,33.040176383821546,YELLOW ALERT,84.83000000000001,96.54543463623233
2019-08-20,27.38,20.99,85.38,31.25134021856913,Normal,False,2019,32.734615094930184,YELLOW ALERT,81.28399999999999,88.25241239342444
2019-08-21,25.87,20.71,84.1,27.53796920268895,Normal,False,2019,31.54929473972162,NO ALERT,78.566,81.5683445648401
2019-08-22,25.1,19.61,84.32,25.982186102355303,Normal,False,2019,28.25716517453777,NO ALERT,77.18,78.76793498423955
2019-08-23,27.84,19.05,80.68,31.801142388594272,Normal,False,2019,28.440432564546153,NO ALERT,82.112,89.24205629946968
2019-08-24,30.06,19.05,75.31,36.54733823893467,Normal,False,2019,31.443555576628057,NO ALERT,86.10799999999999,97.78520883008241
2019-08-25,29.09,19.63,74.04,33.72082602341574,Normal,False,2019,34.023102216981535,YELLOW ALERT,84.362,92.69748684214832
2019-08-26,31.03,19.44,70.95,37.9699472060728,Normal,False,2019,36.07937048947438,YELLOW ALERT,87.854,100.34590497093104
2019-08-27,30.77,19.14,70.8,37.219182721870425,Normal,False,2019,36.303318650452965,YELLOW ALERT,87.386,98.99452889936677
2019-08-28,30.08,20.0,72.53,35.87088190137505,Normal,False,2019,37.02000394310607,YELLOW ALERT,86.14399999999999,96.5675874224751
2019-08-29,31.26,20.67,74.21,39.69138826261128,Normal,False,2019,37.59381762861889,YELLOW ALERT,88.268,103.4444988727003
2019-08-30,29.01,20.78,75.47,33.814315279830716,Normal,False,2019,36.458861814605655,YELLOW ALERT,84.218,92.8657675036953
2019-08-31,29.38,20.53,75.31,34.72261928076145,Normal,False,2019,36.07610760773446,YELLOW ALERT,84.884,94.50071470537061
2019-09-01,28.59,20.3,74.43,32.60268614314099,Normal,False,2019,33.71320690124436,YELLOW ALERT,83.462,90.68483505765379
2019-09-02,30.19,19.97,74.1,36.57915776803189,Normal,False,2019,34.63482106397809,YELLOW ALERT,86.34200000000001,97.84248398245741
2019-09-03,30.72,19.29,74.09,38.06137619684226,Normal,False,2019,35.74774003600503,YELLOW ALERT,87.296,100.51047715431608
2019-09-04,28.82,20.07,74.42,33.14356321377772,Normal,False,2019,35.92803239288393,YELLOW ALERT,83.876,91.65841378479989
2019-09-05,30.55,19.91,72.21,37.03314072381116,Normal,False,2019,36.07936004481036,YELLOW ALERT,86.99,98.6596533028601
2019-09-06,30.06,20.21,76.55,36.88299297712188,Normal,False,2019,35.68656563823689,YELLOW ALERT,86.10799999999999,98.38938735881939
2019-09-07,29.73,20.42,75.52,35.69834056152488,Normal,False,2019,36.53815808748595,YELLOW ALERT,85.514,96.25701301074479
2019-09-08,30.65,20.5,72.01,37.24713263380326,Normal,False,2019,36.609488724149976,YELLOW ALERT,87.16999999999999,99.04483874084586
2019-09-09,29.69,19.81,72.76,34.92786717763941,Normal,False,2019,35.95778012432249,YELLOW ALERT,85.44200000000001,94.87016091975094
2019-09-10,32.27,20.71,72.92,42.35525284354423,Normal,False,2019,38.17675088499561,YELLOW ALERT,90.086,108.23945511837961
2019-09-11,29.84,21.09,76.14,36.155735658215754,Normal,False,2019,37.81295189313311,YELLOW ALERT,85.712,97.08032418478835
2019-09-12,28.85,20.87,79.75,34.27510871061098,Normal,False,2019,37.595365737456966,YELLOW ALERT,83.93,93.69519567909977
2019-09-13,30.31,20.33,76.37,37.55298413946139,Normal,False,2019,35.99460950276268,YELLOW ALERT,86.55799999999999,99.5953714510305
2019-09-14,30.62,20.11,74.59,37.92528069618168,Normal,False,2019,36.58445784875133,YELLOW ALERT,87.116,100.26550525312703
2019-09-15,30.92,20.5,73.78,38.54273333694611,Normal,False,2019,38.00699939086303,YELLOW ALERT,87.656,101.376920006503
2019-09-16,30.58,20.29,76.71,38.45325141568398,Normal,False,2019,38.307088482937225,YELLOW ALERT,87.044,101.21585254823115
2019-09-17,25.78,20.66,85.92,27.391266943047867,Normal,False,2019,34.795750565225966,YELLOW ALERT,78.404,81.30428049748616
2019-09-18,27.59,19.97,82.97,31.488498087818737,Normal,False,2019,32.444338815516836,YELLOW ALERT,81.662,88.67929655807373
2019-09-19,24.38,20.93,87.13,24.518407399625378,Normal,False,2019,27.79939081016397,NO ALERT,75.884,76.13313331932568
2019-09-20,28.51,19.78,78.11,33.06456084091584,Normal,False,2019,29.690488776119963,NO ALERT,83.31800000000001,91.5162095136485
2019-09-21,29.65,20.17,78.48,36.219536520937545,Normal,False,2019,31.26750158715956,NO ALERT,85.36999999999999,97.19516573768757
2019-09-22,25.1,21.03,90.28,25.8746359512712,Normal,False,2019,31.719577771041504,NO ALERT,77.18,78.57434471228815
2019-09-23,27.05,20.24,88.14,30.678513805140128,Normal,False,2019,30.924228759116264,NO ALERT,80.69,87.22132484925223
2019-09-24,27.59,21.64,88.2,32.21379672963332,Normal,False,2019,29.58898216201486,NO ALERT,81.662,89.98483411333999
2019-09-25,25.94,21.1,88.4,27.832572244528656,Normal,False,2019,30.241627593100677,NO ALERT,78.69200000000001,82.09863004015158
2019-09-26,27.18,20.34,83.54,30.522104706744912,Normal,False,2019,30.18949122696894,NO ALERT,80.924,86.93978847214085
2019-09-27,28.05,18.89,83.51,32.789676062584185,Normal,False,2019,30.381451004619226,NO ALERT,82.49000000000001,91.02141691265153
2019-09-28,29.22,19.63,81.57,35.728831182972705,Normal,False,2019,33.01353731743391,YELLOW ALERT,84.596,96.31189612935087
2019-09-29,27.7,19.87,80.4,31.41607785931829,Normal,False,2019,33.311528368291704,YELLOW ALERT,81.86,88.54894014677292
2019-09-30,27.94,18.65,79.2,31.829928694031523,Normal,False,2019,32.991612578774145,YELLOW ALERT,82.292,89.29387164925674
2019-10-01,29.29,18.1,79.14,35.35860797860966,Normal,False,2019,32.86820484398647,YELLOW ALERT,84.72200000000001,95.64549436149738
2019-10-02,27.86,19.34,85.32,32.55404648743976,Normal,False,2019,33.24752772002696,YELLOW ALERT,82.148,90.59728367739157
2019-10-03,27.31,20.62,87.46,31.31839246530926,Normal,False,2019,33.077015643786204,YELLOW ALERT,81.158,88.37310643755667
2019-10-04,27.92,20.51,85.81,32.80142330811991,Normal,False,2019,32.22462075362296,YELLOW ALERT,82.256,91.04256195461583
2019-10-05,26.44,20.73,88.86,29.110069715483924,Normal,False,2019,31.07662849630434,NO ALERT,79.592,84.39812548787106
2019-10-06,26.22,20.23,85.69,28.38240783923921,Normal,False,2019,30.097966954280995,NO ALERT,79.196,83.08833411063058
2019-10-07,25.94,20.39,87.23,27.793248640562094,Normal,False,2019,28.428575398428393,NO ALERT,78.69200000000001,82.02784755301177
2019-10-08,27.79,19.76,86.11,32.47894315888898,Normal,False,2019,29.551533212896743,NO ALERT,82.02199999999999,90.46209768600016
2019-10-09,27.15,20.96,88.91,31.04184990177464,Normal,False,2019,30.438013900408553,NO ALERT,80.87,87.87532982319435
2019-10-10,27.06,20.85,87.17,30.60273804753848,Normal,False,2019,31.37451036940068,NO ALERT,80.708,87.08492848556926
2019-10-11,26.95,20.47,86.41,30.23495830065931,Normal,False,2019,30.62651541665746,NO ALERT,80.50999999999999,86.42292494118676
2019-10-12,28.93,19.67,82.9,35.17766554232206,Normal,False,2019,32.005120630173266,YELLOW ALERT,84.074,95.31979797617971
2019-10-13,26.64,20.79,86.79,29.47365769484456,Normal,False,2019,31.628760512608626,NO ALERT,79.952,85.05258385072021
2019-10-14,27.92,20.27,85.49,32.74994839618691,Normal,False,2019,32.46709054445116,YELLOW ALERT,82.256,90.94990711313643
2019-10-15,26.01,20.31,89.98,28.062711781849266,Normal,False,2019,30.09543929096023,NO ALERT,78.818,82.51288120732868
2019-10-16,26.43,20.06,87.64,29.00443250308096,Normal,False,2019,29.93903089370569,NO ALERT,79.574,84.20797850554573
2019-10-17,26.64,19.44,87.18,29.50414442399113,Normal,False,2019,28.8570962363071,NO ALERT,79.952,85.10745996318403
2019-10-18,26.42,19.22,87.56,28.974112187615642,Normal,False,2019,29.160896371562558,NO ALERT,79.55600000000001,84.15340193770815
2019-10-19,26.23,19.51,88.49,28.55113520040844,Normal,False,2019,29.009797270671715,NO ALERT,79.214,83.39204336073519
2019-10-20,26.58,19.67,88.65,29.461571224470926,Normal,False,2019,28.995606204164986,NO ALERT,79.844,85.03082820404767
2019-10-21,26.09,19.21,88.09,28.18515278262838,Normal,False,2019,28.732619735835897,NO ALERT,78.962,82.73327500873108
2019-10-22,26.97,19.54,87.01,30.34663433975969,Normal,False,2019,29.33111944895298,NO ALERT,80.54599999999999,86.62394181156745
2019-10-23,26.97,20.1,87.31,30.37660218030116,Normal,False,2019,29.63612976756305,NO ALERT,80.54599999999999,86.67788392454209
2019-10-24,26.69,19.2,86.38,29.56721691883134,Normal,False,2019,30.096817812964044,NO ALERT,80.042,85.2209904538964
2019-10-25,25.24,19.39,88.2,26.219114671589903,Normal,False,2019,28.72097792357411,NO ALERT,77.432,79.19440640886182
2019-10-26,26.43,18.85,86.49,28.93004235731596,Normal,False,2019,28.23879131591238,NO ALERT,79.574,84.07407624316872
2019-10-27,26.59,19.73,86.81,29.34910596315395,Normal,False,2019,28.166087664019916,NO ALERT,79.862,84.82839073367711
2019-10-28,25.62,19.17,88.55,27.077152983284915,Normal,False,2019,28.45210043458492,NO ALERT,78.116,80.73887536991285
2019-10-29,22.77,19.33,89.17,21.612578615484342,Normal,False,2019,26.012945853974383,NO ALERT,72.986,70.90264150787182
2019-10-30,25.8,18.97,89.6,27.526751409935645,Normal,False,2019,25.40549433623495,NO ALERT,78.44,81.54815253788416
2019-10-31,25.92,19.21,88.74,27.79528553095975,Normal,False,2019,25.644871852126556,NO ALERT,78.656,82.03151395572755
2019-11-01,26.67,19.7,87.39,29.59776889560349,Normal,False,2019,28.306601945499608,NO ALERT,80.006,85.27598401208628
2019-11-02,27.82,19.19,84.94,32.3840373939108,Normal,False,2019,29.925697273491327,NO ALERT,82.076,90.29126730903945
2019-11-03,27.18,18.65,84.94,30.676157074026094,Normal,False,2019,30.885987787846773,NO ALERT,80.924,87.21708273324697
2019-11-04,28.0,17.92,81.45,32.32472842959952,Normal,False,2019,31.79497429917878,NO ALERT,82.4,90.18451117327913
2019-11-05,27.85,18.81,78.99,31.581908658060506,Normal,False,2019,31.52759805389535,NO ALERT,82.13,88.84743558450891
2019-11-06,27.88,19.31,78.31,31.556063847372936,Normal,False,2019,31.820900311677633,NO ALERT,82.184,88.80091492527129
2019-11-07,27.13,17.99,84.15,30.463171877831265,Normal,False,2019,31.200381461088213,NO ALERT,80.834,86.83370938009628
2019-11-08,26.62,18.97,87.95,29.51263571728323,Normal,False,2019,30.510623814162457,NO ALERT,79.916,85.12274429110981
2019-11-09,24.16,20.39,90.8,23.836260748104152,Normal,False,2019,27.937356114406196,NO ALERT,75.488,74.90526934658747
2019-11-10,27.39,18.53,80.33,30.665151175876556,Normal,False,2019,28.004682547087963,NO ALERT,81.30199999999999,87.1972721165778
2019-11-11,26.72,16.83,82.76,29.348144224131502,Normal,False,2019,27.94985204937072,NO ALERT,80.096,84.8266596034367
2019-11-12,26.41,17.76,85.39,28.812035239709544,Normal,False,2019,29.608443546572516,NO ALERT,79.538,83.86166343147718
2019-11-13,26.2,17.14,85.93,28.347767884365314,Normal,False,2019,28.8359824494021,NO ALERT,79.16,83.02598219185757
2019-11-14,27.25,17.51,88.38,31.262227474906986,Normal,False,2019,29.474010199660594,NO ALERT,81.05,88.27200945483257
2019-11-15,27.1,18.64,87.34,30.72872447644161,Normal,False,2019,30.112906611904616,NO ALERT,80.78,87.3117040575949
2019-11-16,27.23,19.17,85.58,30.878507576658738,Normal,False,2019,30.956486509335758,NO ALERT,81.014,87.58131363798573
2019-11-17,26.44,16.6,82.98,28.729333355358488,Normal,False,2019,30.112188469486256,NO ALERT,79.592,83.71280003964527
2019-11-18,27.45,18.19,88.21,31.810075965362046,Normal,False,2019,30.472638965793067,NO ALERT,81.41,89.25813673765168
2019-11-19,27.73,18.03,86.86,32.42173070642575,Normal,False,2019,30.98704667571541,NO ALERT,81.914,90.35911527156635
2019-11-20,25.58,20.11,90.62,27.005534405922756,Normal,False,2019,30.412447025903493,NO ALERT,78.044,80.60996193066096
2019-11-21,26.65,18.92,87.32,29.540759804449124,Normal,False,2019,29.656008305599187,NO ALERT,79.97,85.17336764800842
2019-11-22,25.66,15.15,85.14,27.11486177232804,Normal,False,2019,27.887051994233286,NO ALERT,78.188,80.80675119019047
2019-11-23,25.57,14.92,85.03,26.92314948624178,Normal,False,2019,27.859590354339627,NO ALERT,78.026,80.4616690752352
2019-11-24,26.09,15.7,85.6,28.078004484351705,Normal,False,2019,27.372005247640487,NO ALERT,78.962,82.54040807183307
2019-11-25,26.48,15.53,85.74,29.002157220642363,Normal,False,2019,28.001103730411927,NO ALERT,79.664,84.20388299715626
2019-11-26,25.71,15.89,84.21,27.203116451208423,Normal,False,2019,28.094426052067476,NO ALERT,78.278,80.96560961217516
2019-11-27,27.0,17.21,87.15,30.440336129081103,Normal,False,2019,28.88186993364394,NO ALERT,80.6,86.79260503234599
2019-11-28,26.81,18.9,87.55,29.975865548951145,Normal,False,2019,29.206439376413538,NO ALERT,80.258,85.95655798811205
2019-11-29,26.67,19.16,86.74,29.545655453657446,Normal,False,2019,29.98728571056321,NO ALERT,80.006,85.1821798165834
2019-11-30,27.31,18.35,88.67,31.468191111471654,Normal,False,2019,30.329904038026726,NO ALERT,81.158,88.64274400064897
2019-12-01,25.07,19.84,90.77,25.795313491468804,Normal,False,2019,28.93638668553261,NO ALERT,77.126,78.43156428464384
2019-12-02,24.71,19.26,88.63,25.085158148106967,Normal,False,2019,27.44955425034912,NO ALERT,76.47800000000001,77.15328466659254
2019-12-03,24.79,18.94,86.94,25.312861656917196,Normal,False,2019,25.397777765497633,NO ALERT,76.622,77.56315098245095
2019-12-04,25.97,17.76,85.0,27.784459354454068,Normal,False,2019,26.06082638649272,NO ALERT,78.746,82.01202683801732
2019-12-05,25.3,17.16,84.84,26.368958261125,Normal,False,2019,26.48875975749873,NO ALERT,77.54,79.464124870025
2019-12-06,24.82,15.75,83.36,25.487029544657318,Normal,False,2019,26.54681572007878,NO ALERT,76.676,77.87665318038317
2019-12-07,26.94,15.42,86.64,30.231357992208537,Normal,False,2019,27.362448599330264,NO ALERT,80.492,86.41644438597537
2019-12-08,26.86,17.18,84.51,29.829365159383187,Normal,False,2019,28.515917565416327,NO ALERT,80.348,85.69285728688973
2019-12-09,25.83,16.73,82.74,27.415830181225584,Normal,False,2019,29.158851110939082,NO ALERT,78.494,81.34849432620605
2019-12-10,26.17,15.73,83.21,28.148275053337354,Normal,False,2019,28.464490131315355,NO ALERT,79.10600000000001,82.66689509600724
2019-12-11,26.63,15.69,80.26,28.958150797444294,Normal,False,2019,28.17408534400239,NO ALERT,79.934,84.12467143539973
2019-12-12,27.47,14.97,78.8,30.66855685102067,Normal,False,2019,29.25832756726742,NO ALERT,81.446,87.20340233183721
2019-12-13,27.66,16.63,81.82,31.51078382485289,Normal,False,2019,30.379163824439264,NO ALERT,81.788,88.7194108847352
2019-12-14,26.92,17.81,85.71,30.09030673827628,Normal,False,2019,30.756549138049923,NO ALERT,80.456,86.1625521288973
2019-12-15,26.88,17.69,81.87,29.640561068718835,Normal,False,2019,30.413883877282647,NO ALERT,80.384,85.3530099236939
2019-12-16,27.36,16.7,82.68,30.870897469855038,Normal,False,2019,30.200588425616697,NO ALERT,81.248,87.56761544573907
2019-12-17,26.43,16.96,80.98,28.582676632431717,Normal,False,2019,29.69804505700184,NO ALERT,79.574,83.44881793837709
2019-12-18,27.31,15.74,81.56,30.618000600009186,Normal,False,2019,30.023858234098626,NO ALERT,81.158,87.11240108001654
2019-12-19,27.35,16.34,79.65,30.49353941377474,Normal,False,2019,29.898072215405193,NO ALERT,81.23,86.88837094479453
2019-12-20,27.32,15.8,80.27,30.494729431737767,Normal,False,2019,30.53542314850721,NO ALERT,81.176,86.89051297712798
2019-12-21,24.87,17.32,84.48,25.545199978280394,Normal,False,2019,28.84448960793095,NO ALERT,76.766,77.98135996090471
2019-12-22,28.05,16.9,78.51,31.99275702567301,Normal,False,2019,29.34422881189704,NO ALERT,82.49000000000001,89.58696264621142
2019-12-23,27.81,15.46,76.48,31.140000480590814,Normal,False,2019,29.55931916151472,NO ALERT,82.05799999999999,88.05200086506346
2019-12-24,28.51,15.21,77.52,32.95831444147713,Normal,False,2019,32.030357315913626,YELLOW ALERT,83.31800000000001,91.32496599465883
2019-12-25,28.69,17.85,78.27,33.554694855770485,Normal,False,2019,32.551003259279454,YELLOW ALERT,83.64200000000001,92.39845074038688
2019-12-26,30.19,17.06,73.47,36.40931655066025,Normal,False,2019,34.3074419493026,YELLOW ALERT,86.34200000000001,97.53676979118845
2019-12-27,29.58,16.93,73.19,34.750752473720155,Normal,False,2019,34.90492129338361,YELLOW ALERT,85.244,94.55135445269629
2019-12-28,27.8,16.56,77.91,31.312560432797227,Normal,False,2019,34.15754315239252,YELLOW ALERT,82.04,88.36260877903501
2019-12-29,28.11,16.94,76.59,31.840513790958962,Normal,False,2019,32.63460889915876,YELLOW ALERT,82.598,89.31292482372614
2019-12-30,27.81,16.73,77.43,31.26960360198172,Normal,False,2019,31.474225941912618,NO ALERT,82.05799999999999,88.28528648356709
2019-12-31,28.33,17.82,78.18,32.62605898954311,Normal,False,2019,31.912058794161243,NO ALERT,82.994,90.72690618117761
2020-01-01,28.86,17.85,78.3,34.00459012715717,Normal,False,2020,32.63341757289398,YELLOW ALERT,83.94800000000001,93.20826222888292
2020-01-02,29.23,18.81,76.57,34.61207861310988,Normal,False,2020,33.7475759099367,YELLOW ALERT,84.614,94.30174150359778
2020-01-03,30.6,18.56,73.47,37.53546628783491,Normal,False,2020,35.3840450093673,YELLOW ALERT,87.08000000000001,99.56383931810282
2020-01-04,30.61,19.31,74.89,37.98675738590306,Normal,False,2020,36.711434095615935,YELLOW ALERT,87.098,100.37616329462551
2020-01-05,30.11,19.74,77.11,37.1816232128796,Normal,False,2020,37.56794896220584,YELLOW ALERT,86.19800000000001,98.92692178318329
2020-01-06,29.64,19.07,77.2,35.86915432966941,Normal,False,2020,37.012511642817344,YELLOW ALERT,85.352,96.56447779340495
2020-01-07,28.8,18.02,75.46,33.29272552516586,Normal,False,2020,35.44783435590494,YELLOW ALERT,83.84,91.92690594529854
2020-01-08,29.43,17.16,73.96,34.54732354523722,Normal,False,2020,34.56973446669081,YELLOW ALERT,84.974,94.18518238142698
2020-01-09,30.2,16.66,72.2,36.09843700517208,Normal,False,2020,34.6461620251917,YELLOW ALERT,86.36,96.97718660930974
2020-01-10,28.14,16.49,75.81,31.79032534348245,Normal,False,2020,34.14536196463056,YELLOW ALERT,82.652,89.22258561826841
2020-01-11,28.23,14.65,73.29,31.606167855061003,Normal,False,2020,33.16497673457183,YELLOW ALERT,82.814,88.8911021391098
2020-01-12,28.28,15.79,74.6,31.920168750830427,Normal,False,2020,31.772220649791276,NO ALERT,82.904,89.45630375149477
2020-01-13,29.61,15.9,69.02,33.89396043080833,Normal,False,2020,32.47343234556657,YELLOW ALERT,85.298,93.00912877545498
2020-01-14,30.07,13.56,63.69,33.74362580026204,Normal,False,2020,33.18591832730024,YELLOW ALERT,86.126,92.73852644047166
2020-01-15,29.0,13.68,64.9,31.82339198463552,Normal,False,2020,33.15365940523528,YELLOW ALERT,84.2,89.28210557234394
2020-01-16,29.01,13.18,67.53,32.299662511456496,Normal,False,2020,32.62222676545133,YELLOW ALERT,84.218,90.1393925206217
2020-01-17,30.04,15.22,69.86,35.10151699250734,Normal,False,2020,33.07485716286643,YELLOW ALERT,86.072,95.18273058651322
2020-01-18,29.99,17.68,73.62,35.91435877945867,Normal,False,2020,34.43851276114082,YELLOW ALERT,85.982,96.6458458030256
2020-01-19,29.89,17.83,71.41,35.10758682127776,Normal,False,2020,35.374487531081236,YELLOW ALERT,85.80199999999999,95.19365627829998
2020-01-20,30.47,16.8,66.01,35.17290696206298,Normal,False,2020,35.398284187599785,YELLOW ALERT,86.846,95.31123253171337
2020-01-21,29.8,14.18,64.78,33.409048667460034,Normal,False,2020,34.563180816933574,YELLOW ALERT,85.64,92.13628760142805
2020-01-22,29.89,14.83,71.29,35.07867363968443,Normal,False,2020,34.5535430897358,YELLOW ALERT,85.80199999999999,95.14161255143198
2020-01-23,30.69,15.47,65.95,35.67394805284729,Normal,False,2020,34.7205567866639,YELLOW ALERT,87.242,96.21310649512512
2020-01-24,29.95,15.02,60.96,32.928096886340875,Normal,False,2020,34.56023952629084,YELLOW ALERT,85.91,91.27057439541358
2020-01-25,30.44,14.21,54.21,32.49125215669589,Normal,False,2020,33.697765698628,YELLOW ALERT,86.792,90.48425388205261
2020-01-26,31.42,13.27,59.33,35.57520156289162,Normal,False,2020,33.66485020197611,YELLOW ALERT,88.55600000000001,96.03536281320491
2020-01-27,32.77,14.67,55.68,37.508894085056156,Normal,False,2020,35.19178260154787,YELLOW ALERT,90.986,99.51600935310108
2020-01-28,32.96,15.9,58.54,38.902915575908295,Normal,False,2020,37.32900374128534,YELLOW ALERT,91.328,102.02524803663493
2020-01-29,33.06,17.82,57.98,38.953862117342496,Normal,False,2020,38.4552239261023,YELLOW ALERT,91.50800000000001,102.1169518112165
2020-01-30,33.91,17.66,56.86,40.669148311239326,Normal,False,2020,39.50864200149669,YELLOW ALERT,93.03799999999998,105.20446696023079
2020-01-31,33.44,17.92,57.74,39.81034738084099,Normal,False,2020,39.811119269807584,YELLOW ALERT,92.192,103.65862528551378
2020-02-01,31.56,17.92,62.96,36.91679712691373,Normal,False,2020,39.13209760633133,YELLOW ALERT,88.80799999999999,98.4502348284447
2020-02-02,30.44,17.93,63.08,34.393937667397765,Normal,False,2020,37.04036072505081,YELLOW ALERT,86.792,93.90908780131598
2020-02-03,31.46,16.18,59.34,35.66511277465989,Normal,False,2020,35.65861585632377,YELLOW ALERT,88.628,96.19720299438781
2020-02-04,31.69,16.88,60.45,36.489449664055115,Normal,False,2020,35.51616670203757,YELLOW ALERT,89.042,97.6810093952992
2020-02-05,31.95,16.61,59.22,36.72599337114161,Normal,False,2020,36.29351860328552,YELLOW ALERT,89.51,98.1067880680549
2020-02-06,32.95,16.18,55.69,37.92244086728394,Normal,False,2020,37.04596130082687,YELLOW ALERT,91.31,100.26039356111109
2020-02-07,33.03,16.85,56.61,38.41313869906261,Normal,False,2020,37.6871909791627,YELLOW ALERT,91.454,101.14364965831268
2020-02-08,32.56,17.98,57.68,37.66050490900904,Normal,False,2020,37.99869482511851,YELLOW ALERT,90.608,99.78890883621628
2020-02-09,30.33,18.66,64.17,34.410816041492936,Normal,False,2020,36.82815321652151,YELLOW ALERT,86.594,93.93946887468728
2020-02-10,31.46,17.78,61.96,36.39037799802275,Normal,False,2020,36.153899649508226,YELLOW ALERT,88.628,97.50268039644095
2020-02-11,31.76,17.63,60.11,36.551652548137845,Normal,False,2020,35.784282195884494,YELLOW ALERT,89.168,97.79297458664811
2020-02-12,31.44,15.61,57.7,35.18909012132522,Normal,False,2020,36.04370688916192,YELLOW ALERT,88.59200000000001,95.34036221838541
2020-02-13,32.23,14.65,56.69,36.61001828437886,Normal,False,2020,36.11692031794729,YELLOW ALERT,90.014,97.89803291188194
2020-02-14,32.72,15.8,49.81,35.68007530206177,Normal,False,2020,35.826394569255264,YELLOW ALERT,90.896,96.22413554371118
2020-02-15,34.46,14.27,41.42,36.63368179144448,Normal,False,2020,36.30792512596168,YELLOW ALERT,94.02799999999999,97.94062722460006
2020-02-16,33.71,14.39,39.37,34.78568021952558,Normal,False,2020,35.69981243767726,YELLOW ALERT,92.678,94.61422439514605
2020-02-17,33.34,13.89,39.96,34.31772189227442,Normal,False,2020,35.24569463441481,YELLOW ALERT,92.01200000000001,93.77189940609395
2020-02-18,33.35,14.32,47.88,36.377435998891556,Normal,False,2020,35.1602793702305,YELLOW ALERT,92.03,97.4793847980048
2020-02-19,33.32,15.49,55.97,38.88334802701451,Normal,False,2020,36.52616863939348,YELLOW ALERT,91.976,101.99002644862612
2020-02-20,33.38,15.61,51.42,37.50893332260998,Normal,False,2020,37.58990578283866,YELLOW ALERT,92.084,99.51607998069795
2020-02-21,34.13,14.46,49.87,38.63481796481013,Normal,False,2020,38.34236643814486,YELLOW ALERT,93.434,101.54267233665823
2020-02-22,33.38,15.71,58.64,39.9909896703781,Normal,False,2020,38.711580319266055,YELLOW ALERT,92.084,103.98378140668058
2020-02-23,33.92,16.3,53.67,39.49545759993342,Normal,False,2020,39.37375507837387,YELLOW ALERT,93.05600000000001,103.09182367988015
2020-02-24,34.37,16.65,53.15,40.3836997547783,Normal,False,2020,39.95671567502992,YELLOW ALERT,93.866,104.69065955860094
2020-02-25,34.7,18.11,52.74,41.03271534149391,Normal,False,2020,40.30395756540185,YELLOW ALERT,94.46000000000001,105.85888761468904
2020-02-26,33.69,18.83,56.77,40.07766216928363,Normal,False,2020,40.49802575518526,YELLOW ALERT,92.642,104.13979190471053
2020-02-27,31.43,19.59,58.04,35.25634170525528,Normal,False,2020,38.78890640534426,YELLOW ALERT,88.574,95.4614150694595
2020-02-28,33.1,19.03,57.16,38.76729153313906,Normal,False,2020,38.033765135892644,YELLOW ALERT,91.58000000000001,101.78112475965031
2020-02-29,33.74,19.08,54.12,39.230389564685595,Normal,False,2020,37.751340934359966,YELLOW ALERT,92.732,102.61470121643407
2020-03-01,34.29,19.8,50.55,39.23170633521407,Normal,False,2020,39.07646247767955,YELLOW ALERT,93.72200000000001,102.61707140338532
2020-03-02,33.25,18.13,51.77,37.33921779477326,Normal,False,2020,38.60043789822429,YELLOW ALERT,91.85,99.21059203059187
2020-03-03,35.25,20.74,46.07,39.75152965632536,Normal,False,2020,38.774151262104205,YELLOW ALERT,95.45,103.55275338138566
2020-03-04,34.12,20.72,45.71,37.25942888141909,Normal,False,2020,38.11672544417255,YELLOW ALERT,93.416,99.06697198655436
2020-03-05,34.26,21.07,46.48,37.785501581761146,Normal,False,2020,38.26548670650184,YELLOW ALERT,93.66799999999999,100.01390284717006
2020-03-06,33.44,21.2,52.75,38.07017470397778,Normal,False,2020,37.70503505571932,YELLOW ALERT,92.192,100.52631446716
2020-03-07,27.79,21.29,70.83,30.367180115642643,Normal,False,2020,35.407618800460504,YELLOW ALERT,82.02199999999999,86.66092420815676
2020-03-08,33.93,20.45,60.34,42.12501855070679,Normal,False,2020,36.85412445677572,YELLOW ALERT,93.074,107.82503339127223
2020-03-09,34.92,20.3,53.66,41.964253822381266,Normal,False,2020,38.15215082957688,YELLOW ALERT,94.85600000000001,107.53565688028627
2020-03-10,36.19,20.78,46.86,42.22706250075569,Normal,False,2020,42.1054449579479,ORANGE ALERT,97.142,108.00871250136024
2020-03-11,36.04,19.23,46.49,41.71430251555868,Normal,False,2020,41.968539612898525,ORANGE ALERT,96.872,107.08574452800562
2020-03-12,36.24,19.48,43.94,41.13040399830467,Normal,False,2020,41.69058967153966,ORANGE ALERT,97.232,106.03472719694841
2020-03-13,35.65,18.06,40.31,38.556706191107985,Normal,False,2020,40.46713756832376,YELLOW ALERT,96.16999999999999,101.40207114399438
2020-03-14,36.07,18.22,49.06,42.89341780497505,Normal,False,2020,40.86017599812922,YELLOW ALERT,96.926,109.2081520489551
2020-03-15,36.56,18.99,51.66,45.41075447888003,Normal,False,2020,42.286959491654336,ORANGE ALERT,97.808,113.73935806198406
2020-03-16,36.93,19.63,49.76,45.464523626145606,Normal,False,2020,44.58956530333355,ORANGE ALERT,98.474,113.8361425270621
2020-03-17,36.19,18.54,45.79,41.77402329195646,Normal,False,2020,44.21643379899401,ORANGE ALERT,97.142,107.19324192552162
2020-03-18,36.53,18.09,38.23,39.57430267683432,Normal,False,2020,42.270949864978775,ORANGE ALERT,97.75399999999999,103.23374481830177
2020-03-19,37.01,18.84,37.39,40.22370680875706,Normal,False,2020,40.52401092584926,YELLOW ALERT,98.618,104.40267225576271
2020-03-20,35.3,20.64,43.57,38.96218765001673,Normal,False,2020,39.58673237853602,YELLOW ALERT,95.53999999999999,102.13193777003012
2020-03-21,36.4,21.46,39.89,39.914461245543976,Normal,False,2020,39.7001185681059,YELLOW ALERT,97.52,103.84603024197915
2020-03-22,36.66,20.54,40.04,40.50934805123731,Normal,False,2020,39.795332315599325,YELLOW ALERT,97.98799999999999,104.91682649222716
2020-03-23,35.21,23.21,42.27,38.337384012137356,Normal,False,2020,39.58706443630619,YELLOW ALERT,95.378,101.00729122184724
2020-03-24,36.34,19.7,44.18,41.453428335480325,Normal,False,2020,40.10005346628498,YELLOW ALERT,97.412,106.6161710038646
2020-03-25,35.65,19.02,46.18,40.68744493485706,Normal,False,2020,40.15941909415823,YELLOW ALERT,96.16999999999999,105.23740088274272
2020-03-26,36.06,18.95,45.15,41.21081951132497,Normal,False,2020,41.11723092722077,ORANGE ALERT,96.908,106.17947512038495
2020-03-27,35.79,18.03,46.83,41.26870769845962,Normal,False,2020,41.0556573815472,ORANGE ALERT,96.422,106.28367385722731
2020-03-28,36.29,16.38,37.46,38.839876354442595,Normal,False,2020,40.439801188075705,YELLOW ALERT,97.322,101.91177743799668
2020-03-29,36.53,17.89,32.25,37.627002461571834,Normal,False,2020,39.245195504824665,YELLOW ALERT,97.75399999999999,99.7286044308293
2020-03-30,36.5,18.49,34.34,38.21086323771423,Normal,False,2020,38.22591401790954,YELLOW ALERT,97.7,100.77955382788562
2020-03-31,36.88,17.93,35.99,39.462592884226765,Normal,False,2020,38.433486194504255,YELLOW ALERT,98.384,103.03266719160817
2020-04-01,37.38,18.64,39.5,41.82670672856761,Normal,False,2020,39.833387616836184,YELLOW ALERT,99.284,107.2880721114217
2020-04-02,37.92,20.85,39.68,43.09671435360073,Normal,False,2020,41.462004655465016,ORANGE ALERT,100.256,109.57408583648132
2020-04-03,37.61,20.74,40.38,42.71059689593571,Normal,False,2020,42.544672659368,ORANGE ALERT,99.69800000000001,108.87907441268428
2020-04-04,37.9,18.5,40.8,43.560818124950316,Normal,False,2020,43.122709791495566,ORANGE ALERT,100.22,110.40947262491058
2020-04-05,38.0,20.09,49.05,48.05233058319948,Normal,False,2020,44.774581868028484,ORANGE ALERT,100.4,118.49419504975906
2020-04-06,35.81,22.81,54.24,44.60330149322418,Normal,False,2020,45.40548340045797,ORANGE ALERT,96.458,112.28594268780353
2020-04-07,30.76,22.66,61.44,34.68902113786643,Normal,False,2020,42.44821773809667,ORANGE ALERT,87.36800000000001,94.44023804815959
2020-04-08,34.78,20.63,52.13,40.986402139244596,Normal,False,2020,40.09290825677838,YELLOW ALERT,94.604,105.77552385064027
2020-04-09,33.27,21.92,63.33,41.504774974283535,Normal,False,2020,39.06006608379817,YELLOW ALERT,91.886,106.70859495371036
2020-04-10,34.7,20.02,54.8,41.87412022826654,Normal,False,2020,41.45509911393154,ORANGE ALERT,94.46000000000001,107.37341641087977
2020-04-11,34.32,19.99,55.88,41.334487341899674,Normal,False,2020,41.57112751481657,ORANGE ALERT,93.776,106.40207721541941
2020-04-12,35.7,20.0,48.2,41.617961230937276,Normal,False,2020,41.608856267034476,ORANGE ALERT,96.26,106.91233021568709
2020-04-13,36.37,19.7,42.23,40.739359934718685,Normal,False,2020,41.23060283585186,ORANGE ALERT,97.466,105.33084788249363
2020-04-14,36.78,18.6,36.28,39.37263049415529,Normal,False,2020,40.576650553270404,YELLOW ALERT,98.204,102.87073488947951
2020-04-15,36.96,17.78,36.14,39.66944745477987,Normal,False,2020,39.927145961217924,YELLOW ALERT,98.52799999999999,103.40500541860376
2020-04-16,37.26,19.26,45.44,44.201029880020435,Normal,False,2020,41.081035942985174,ORANGE ALERT,99.068,111.56185378403678
2020-04-17,37.85,20.85,48.67,47.41736527196445,Normal,False,2020,43.7626142022549,ORANGE ALERT,100.13000000000001,117.35125748953601
2020-04-18,37.98,21.12,47.66,47.22271338969165,Normal,False,2020,46.28036951389216,ORANGE ALERT,100.364,117.00088410144497
2020-04-19,37.58,21.33,48.1,46.36729816123927,Normal,False,2020,47.002458940965106,ORANGE ALERT,99.64399999999999,115.46113669023069
2020-04-20,37.19,20.81,46.83,44.694707840248384,Normal,False,2020,46.09490646372641,ORANGE ALERT,98.942,112.4504741124471
2020-04-21,38.14,19.57,38.9,43.23862787267293,Normal,False,2020,44.766877958053506,ORANGE ALERT,100.652,109.82953017081127
2020-04-22,38.08,20.85,46.97,47.118975082251936,Normal,False,2020,45.0174369317244,ORANGE ALERT,100.544,116.81415514805349
2020-04-23,37.15,24.0,48.23,45.283132444655195,Normal,False,2020,45.21357846652666,ORANGE ALERT,98.86999999999999,113.50963840037934
2020-04-24,34.83,24.25,54.79,42.20869250615586,Normal,False,2020,44.870266677687646,ORANGE ALERT,94.69399999999999,107.97564651108056
2020-04-25,33.77,24.61,62.26,42.48209266098008,Normal,False,2020,43.32463920393036,ORANGE ALERT,92.786,108.46776678976414
2020-04-26,35.83,23.74,57.39,46.22565217931512,Normal,False,2020,43.638812448817,ORANGE ALERT,96.494,115.20617392276722
2020-04-27,34.02,23.83,60.02,42.24032042397932,Normal,False,2020,43.64935508809149,ORANGE ALERT,93.236,108.03257676316278
2020-04-28,34.3,23.02,67.51,46.54601692048851,Normal,False,2020,45.00399650792764,ORANGE ALERT,93.74,115.78283045687932
2020-04-29,31.73,21.88,68.81,39.216706307127524,Normal,False,2020,42.667681217198435,ORANGE ALERT,89.114,102.59007135282954
2020-04-30,35.18,21.23,59.62,45.40277958883134,Normal,False,2020,43.7218342721491,ORANGE ALERT,95.324,113.72500325989641
2020-05-01,35.44,22.15,60.39,46.583283228149334,Normal,False,2020,43.73425637470272,ORANGE ALERT,95.792,115.8499098106688
2020-05-02,35.61,22.5,57.83,45.79454134929745,Normal,False,2020,45.92686805542602,ORANGE ALERT,96.098,114.4301744287354
2020-05-03,36.38,22.71,55.91,47.09522174819804,Normal,False,2020,46.491015441881586,ORANGE ALERT,97.48400000000001,116.77139914675648
2020-05-04,37.18,22.62,52.64,47.69027716517972,Normal,False,2020,46.86001342089171,ORANGE ALERT,98.924,117.84249889732351
2020-05-05,36.81,23.7,52.02,46.29219380926239,Normal,False,2020,47.02589757421337,ORANGE ALERT,98.25800000000001,115.32594885667231
2020-05-06,35.67,22.41,57.75,45.932436886350374,Normal,False,2020,46.63830262026414,ORANGE ALERT,96.206,114.67838639543068
2020-05-07,34.65,23.41,64.47,46.16648798672731,Normal,False,2020,46.13037289411334,ORANGE ALERT,94.36999999999999,115.09967837610915
2020-05-08,35.96,22.38,58.99,47.46283760051161,Normal,False,2020,46.520587491196416,ORANGE ALERT,96.728,117.4331076809209
2020-05-09,36.63,22.86,52.78,46.17737102140123,Normal,False,2020,46.60223220288003,ORANGE ALERT,97.934,115.11926783852222
2020-05-10,36.48,21.77,52.69,45.707855144428606,Normal,False,2020,46.449354588780466,ORANGE ALERT,97.664,114.27413925997149
2020-05-11,35.85,21.4,53.63,44.421714484757345,Normal,False,2020,45.43564688352904,ORANGE ALERT,96.53,111.95908607256322
2020-05-12,33.65,21.98,59.55,41.043328686621784,Normal,False,2020,43.724299438602564,ORANGE ALERT,92.57,105.87799163591922
2020-05-13,36.57,20.37,42.63,41.337693491460946,Normal,False,2020,42.26757888761333,ORANGE ALERT,97.826,106.4078482846297
2020-05-14,36.01,23.5,53.22,44.664589901379486,Normal,False,2020,42.34853735982072,ORANGE ALERT,96.818,112.39626182248307
2020-05-15,38.16,21.26,47.45,47.60314833629192,Normal,False,2020,44.53514390971077,ORANGE ALERT,100.68799999999999,117.68566700532546
2020-05-16,37.21,22.51,48.49,45.57376337360323,Normal,False,2020,45.94716720375819,ORANGE ALERT,98.978,114.03277407248581
2020-05-17,35.69,25.19,53.63,43.9849284537135,Normal,False,2020,45.72061338786953,ORANGE ALERT,96.24199999999999,111.1728712166843
2020-05-18,31.37,23.33,69.9,38.57705122406495,Normal,False,2020,42.71191435046054,ORANGE ALERT,88.466,101.43869220331692
2020-05-19,35.07,22.46,58.29,44.43861571684848,Normal,False,2020,42.33353179820896,ORANGE ALERT,95.126,111.98950829032727
2020-05-20,36.69,22.44,53.71,46.83799246200484,Normal,False,2020,43.28455313430607,ORANGE ALERT,98.042,116.30838643160871
2020-05-21,37.34,22.61,52.29,47.965721262568195,Normal,False,2020,46.41410981380716,ORANGE ALERT,99.21200000000002,118.33829827262275
2020-05-22,37.28,22.15,46.91,44.9656635179949,Normal,False,2020,46.5897924141893,ORANGE ALERT,99.104,112.93819433239082
2020-05-23,38.5,23.18,38.22,43.73327074151794,Normal,False,2020,45.55488517402699,ORANGE ALERT,101.3,110.71988733473229
2020-05-24,38.08,25.13,44.27,45.68883006012615,Normal,False,2020,44.79592143987964,ORANGE ALERT,100.544,114.23989410822708
2020-05-25,36.06,23.78,60.63,48.68254205610242,Normal,False,2020,46.03488095258215,ORANGE ALERT,96.908,119.62857570098436
2020-05-26,35.5,23.51,61.82,47.523660875687675,Normal,False,2020,47.298344330638734,ORANGE ALERT,95.9,117.54258957623782
2020-05-27,31.5,23.82,71.2,39.37610787417556,Normal,False,2020,45.19410360198853,ORANGE ALERT,88.7,102.87699417351601
2020-05-28,33.15,23.32,67.56,42.894821115786776,Normal,False,2020,43.26486328854998,ORANGE ALERT,91.66999999999999,109.2106780084162
2020-05-29,28.91,22.65,75.74,33.618809868304524,Normal,False,2020,38.6299129527556,YELLOW ALERT,84.038,92.51385776294815
2020-05-30,31.84,21.94,70.51,40.124308312279084,Normal,False,2020,38.87931309879011,YELLOW ALERT,89.312,104.22375496210235
2020-05-31,31.96,22.72,71.0,40.657278412843425,Normal,False,2020,38.13346553114232,YELLOW ALERT,89.52799999999999,105.18310114311817
2020-06-01,30.09,22.63,75.67,36.728152203169714,Normal,False,2020,39.169912976097386,YELLOW ALERT,86.162,98.11067396570549
2020-06-02,29.24,22.34,72.9,33.84953575637954,Normal,False,2020,37.07832212413087,YELLOW ALERT,84.63199999999999,92.92916436148316
2020-06-03,28.72,21.86,77.1,33.4070795534105,Normal,False,2020,34.661589170986566,YELLOW ALERT,83.696,92.13274319613889
2020-06-04,28.04,21.42,77.44,31.805815879541772,Normal,False,2020,33.02081039644392,YELLOW ALERT,82.472,89.25046858317519
2020-06-05,32.3,20.79,69.51,41.113642368249025,Normal,False,2020,35.44217926706708,YELLOW ALERT,90.14,106.00455626284824
2020-06-06,31.53,20.67,71.56,39.58615859764943,Normal,False,2020,37.50187228181339,YELLOW ALERT,88.75399999999999,103.25508547576898
2020-06-07,33.29,20.64,63.16,41.492982165304134,Normal,False,2020,40.73092771040084,YELLOW ALERT,91.922,106.68736789754743
2020-06-08,30.86,21.01,64.0,35.55930431128284,Normal,False,2020,38.87948169141212,YELLOW ALERT,87.548,96.00674776030911
2020-06-09,31.05,20.01,59.8,34.90175718404833,Normal,False,2020,37.31801455354508,YELLOW ALERT,87.89,94.82316293128699
2020-06-10,32.55,20.57,65.38,40.281754597994414,Normal,False,2020,36.9142720311085,YELLOW ALERT,90.59,104.50715827638994
2020-06-11,27.38,21.54,80.71,30.686229228445022,Normal,False,2020,35.28991367016257,YELLOW ALERT,81.28399999999999,87.23521261120104
2020-06-12,29.72,19.8,73.56,35.19403916399549,Normal,False,2020,35.38734099681162,YELLOW ALERT,85.49600000000001,95.34927049519189
2020-06-13,32.45,19.8,65.73,40.133016548860304,Normal,False,2020,35.33776164710025,YELLOW ALERT,90.41,104.23942978794855
2020-06-14,31.04,20.08,66.67,36.72333547958343,Normal,False,2020,37.350130397479724,YELLOW ALERT,87.872,98.10200386325019
2020-06-15,33.8,20.75,66.62,44.49752171972604,Normal,False,2020,40.451291249389904,YELLOW ALERT,92.84,112.09553909550687
2020-06-16,33.19,21.72,67.1,42.822023999631696,Normal,False,2020,41.347627066313706,ORANGE ALERT,91.74199999999999,109.07964319933706
2020-06-17,30.59,22.24,71.43,36.919063837726966,Normal,False,2020,41.412869852361545,ORANGE ALERT,87.062,98.45431490790854
2020-06-18,32.44,20.83,68.19,41.023620109286014,Normal,False,2020,40.25490264888154,YELLOW ALERT,90.392,105.84251619671483
2020-06-19,30.02,20.69,69.22,34.89860321092239,Normal,False,2020,37.61376238597844,YELLOW ALERT,86.036,94.8174857796603
2020-06-20,31.41,20.57,64.81,37.09973745284299,Normal,False,2020,37.673986924350444,YELLOW ALERT,88.538,98.77952741511737
2020-06-21,32.59,20.5,63.83,39.8244373738118,Normal,False,2020,37.274259345859036,YELLOW ALERT,90.662,103.68398727286123
2020-06-22,29.33,21.22,70.44,33.55212386992968,Normal,False,2020,36.82543289886147,YELLOW ALERT,84.794,92.39382296587343
2020-06-23,32.18,19.43,64.43,38.9444841977588,Normal,False,2020,37.44034848050007,YELLOW ALERT,89.924,102.10007155596584
2020-06-24,31.23,19.62,68.11,37.63599019739766,Normal,False,2020,36.710866088362025,YELLOW ALERT,88.214,99.74478235531578
2020-06-25,29.87,21.05,78.78,36.937969228359016,Normal,False,2020,37.839481207838475,YELLOW ALERT,85.76599999999999,98.48834461104623
2020-06-26,29.1,21.4,79.06,34.81212652535449,Normal,False,2020,36.46202865037037,YELLOW ALERT,84.38000000000001,94.66182774563808
2020-06-27,26.25,22.1,86.3,28.484739300059218,Normal,False,2020,33.41161168459089,YELLOW ALERT,79.25,83.27253074010659
2020-06-28,26.07,21.6,87.24,28.100767552244,Normal,False,2020,30.46587779255255,NO ALERT,78.926,82.5813815940392
2020-06-29,27.52,21.51,84.06,31.451813681084495,Normal,False,2020,29.34577351112922,NO ALERT,81.536,88.6132646259521
2020-06-30,28.17,21.42,81.45,32.76939084782036,Normal,False,2020,30.773990693716268,NO ALERT,82.706,90.98490352607665
2020-07-01,27.41,20.46,80.84,30.772905770724467,Normal,False,2020,31.664703433209752,NO ALERT,81.338,87.39123038730403
2020-07-02,27.15,19.53,80.9,30.16898307731178,Normal,False,2020,31.237093231952183,NO ALERT,80.87,86.30416953916121
2020-07-03,26.21,19.86,82.53,28.201455811594418,Normal,False,2020,29.714448219876868,NO ALERT,79.178,82.76262046086995
2020-07-04,29.52,20.05,77.06,35.50361531675761,Normal,False,2020,31.29135140188792,NO ALERT,85.136,95.9065075701637
2020-07-05,29.44,19.61,76.01,35.03996722249108,Normal,False,2020,32.91501278361435,YELLOW ALERT,84.992,95.07194100048395
2020-07-06,29.82,19.32,77.33,36.40816800365332,Normal,False,2020,35.65058351430065,YELLOW ALERT,85.676,97.53470240657597
2020-07-07,29.99,20.24,77.14,36.84319561666151,Normal,False,2020,36.09711028093528,YELLOW ALERT,85.982,98.31775210999072
2020-07-08,27.22,21.28,82.42,30.497487484108383,Normal,False,2020,34.582950368141056,YELLOW ALERT,80.996,86.89547747139508
2020-07-09,26.14,19.8,84.62,28.147773857388795,Normal,False,2020,31.829485652719544,NO ALERT,79.05199999999999,82.66599294329983
2020-07-10,27.66,20.58,82.36,31.584780039814998,Normal,False,2020,30.076680460437373,NO ALERT,81.788,88.852604071667
2020-07-11,25.6,20.18,83.45,26.964566001653274,Normal,False,2020,28.89903996628567,NO ALERT,78.08,80.5362188029759
2020-07-12,28.19,21.05,82.92,33.07362056288381,Normal,False,2020,30.540988868117342,NO ALERT,82.742,91.53251701319087
2020-07-13,26.97,20.26,82.54,29.911528195673426,Normal,False,2020,29.983238253403485,NO ALERT,80.54599999999999,85.84075075221217
2020-07-14,26.51,20.58,84.02,28.95675826891882,Normal,False,2020,30.647302342491997,NO ALERT,79.718,84.12216488405387
2020-07-15,26.52,20.46,83.57,28.949082833980242,Normal,False,2020,29.272456432857478,NO ALERT,79.736,84.10834910116444
2020-07-16,27.53,19.51,81.41,31.13359337863072,Normal,False,2020,29.679811493843243,NO ALERT,81.554,88.0404680815353
2020-07-17,28.47,19.9,79.39,33.19424419085809,Normal,False,2020,31.092306801156337,NO ALERT,83.24600000000001,91.74963954354457
2020-07-18,28.93,20.08,80.57,34.66901231653506,Normal,False,2020,32.99894996200794,YELLOW ALERT,84.074,94.4042221697631
2020-07-19,26.48,21.38,84.55,28.922608597971784,Normal,False,2020,32.26195503512162,YELLOW ALERT,79.664,84.06069547634921
2020-07-20,26.62,20.68,88.09,29.52349954409108,Normal,False,2020,31.03837348619929,NO ALERT,79.916,85.14229917936395
2020-07-21,28.6,20.42,81.68,33.9763861498235,Normal,False,2020,30.807498097295436,NO ALERT,83.48,93.1574950696823
2020-07-22,28.87,20.94,81.27,34.64972469275598,Normal,False,2020,32.716536795556834,YELLOW ALERT,83.966,94.36950444696076
2020-07-23,28.47,20.91,84.57,34.17160402889327,Normal,False,2020,34.26590495715757,YELLOW ALERT,83.24600000000001,93.5088872520079
2020-07-24,27.33,20.7,84.12,30.967017170782736,Normal,False,2020,33.262781964143976,YELLOW ALERT,81.19399999999999,87.74063090740893
2020-07-25,27.77,20.97,80.52,31.604470260045673,Normal,False,2020,32.247697153240544,YELLOW ALERT,81.986,88.88804646808221
2020-07-26,26.09,20.38,84.69,28.039044500554663,Normal,False,2020,30.203510643794335,NO ALERT,78.962,82.4702801009984
2020-07-27,28.77,19.18,79.6,34.02774400060382,Normal,False,2020,31.223752920401363,NO ALERT,83.786,93.24993920108687
2020-07-28,26.66,20.39,86.42,29.494992137147833,Normal,False,2020,30.520593546102088,NO ALERT,79.988,85.0909858468661
2020-07-29,26.07,20.58,87.06,28.093242110586942,Normal,False,2020,30.538659416112846,NO ALERT,78.926,82.5678357990565
2020-07-30,28.02,20.71,85.19,32.984486524544025,Normal,False,2020,30.190906924092914,NO ALERT,82.436,91.37207574417924
2020-07-31,27.03,20.92,87.26,30.531770576254726,Normal,False,2020,30.536499737128548,NO ALERT,80.654,86.9571870372585
2020-08-01,25.71,20.73,88.61,27.288947459053205,Normal,False,2020,30.268401519950633,NO ALERT,78.278,81.12010542629577
2020-08-02,27.57,19.45,85.31,31.752830710856,Normal,False,2020,29.857849582054627,NO ALERT,81.626,89.1550952795408
2020-08-03,27.28,19.24,83.97,30.821722298453196,Normal,False,2020,29.954500156120776,NO ALERT,81.104,87.47910013721575
2020-08-04,26.8,20.48,81.91,29.46136366623405,Normal,False,2020,30.678638891847726,NO ALERT,80.24000000000001,85.03045459922129
2020-08-05,28.39,20.35,79.87,33.072680436560965,Normal,False,2020,31.118588800416052,NO ALERT,83.102,91.53082478580974
2020-08-06,29.43,20.67,81.69,36.38505137089746,Normal,False,2020,32.97303182456414,YELLOW ALERT,84.974,97.49309246761543
2020-08-07,28.7,21.33,82.9,34.50545606967969,Normal,False,2020,34.65439595904602,YELLOW ALERT,83.66,94.10982092542343
2020-08-08,27.17,20.52,83.86,30.53206840933109,Normal,False,2020,33.80752528330273,YELLOW ALERT,80.906,86.95772313679596
2020-08-09,25.28,19.88,85.04,26.32785914137183,Normal,False,2020,30.455127873460853,NO ALERT,77.504,79.3901464544693
2020-08-10,25.95,19.57,87.95,27.841347143881883,Normal,False,2020,28.233758231528252,NO ALERT,78.71,82.11442485898739
2020-08-11,28.14,20.09,81.41,32.68367467494339,Normal,False,2020,28.95096032006568,NO ALERT,82.652,90.83061441489811
2020-08-12,27.05,20.01,83.44,30.191608937274925,Normal,False,2020,30.238876918700047,NO ALERT,80.69,86.34489608709487
2020-08-13,26.9,19.87,83.97,29.87771478398732,Normal,False,2020,30.91766613206853,NO ALERT,80.42,85.77988661117718
2020-08-14,27.96,19.94,82.68,32.413150535513346,Normal,False,2020,30.827491418925177,NO ALERT,82.328,90.34367096392403
2020-08-15,29.13,19.53,80.55,35.23040855329517,Normal,False,2020,32.507091290931925,YELLOW ALERT,84.434,95.4147353959313
2020-08-16,28.15,20.11,82.05,32.81709073552653,Normal,False,2020,33.48688327477833,YELLOW ALERT,82.67,91.07076332394774
2020-08-17,28.29,19.75,82.57,33.28657717052882,Normal,False,2020,33.778025486450154,YELLOW ALERT,82.922,91.91583890695188
2020-08-18,28.3,20.29,84.28,33.62390934680443,Normal,False,2020,33.24252575095324,YELLOW ALERT,82.94,92.52303682424798
2020-08-19,29.61,19.85,81.37,36.84891832373899,Normal,False,2020,34.586468280357394,YELLOW ALERT,85.298,98.32805298273018
2020-08-20,27.91,19.94,83.81,32.45600994966625,Normal,False,2020,34.30961254006987,YELLOW ALERT,82.238,90.42081790939926
2020-08-21,28.72,19.8,82.04,34.38567049442961,Normal,False,2020,34.5635329226116,YELLOW ALERT,83.696,93.8942068899733
2020-08-22,29.13,20.06,82.5,35.68082663793151,Normal,False,2020,34.17416902734244,YELLOW ALERT,84.434,96.22548794827671
2020-08-23,27.66,19.93,84.75,31.91859050361452,Normal,False,2020,33.995029211991856,YELLOW ALERT,81.788,89.45346290650613
2020-08-24,27.97,20.6,80.74,32.13739986636458,Normal,False,2020,33.24560566930352,YELLOW ALERT,82.346,89.84731975945625
2020-08-25,28.19,21.03,79.93,32.56769253574734,Normal,False,2020,32.207894301908794,YELLOW ALERT,82.742,90.6218465643452
2020-08-26,27.11,20.89,84.04,30.401485826691523,Normal,False,2020,31.702192742934468,NO ALERT,80.798,86.72267448804475
2020-08-27,27.12,20.76,83.39,30.357815887179804,Normal,False,2020,31.108998083206203,NO ALERT,80.816,86.64406859692365
2020-08-28,28.22,19.93,78.94,32.479618528354244,Normal,False,2020,31.07964008074184,NO ALERT,82.79599999999999,90.46331335103764
2020-08-29,30.3,19.96,76.68,37.61345888670636,Normal,False,2020,33.483631100746784,YELLOW ALERT,86.53999999999999,99.70422599607146
2020-08-30,27.65,21.39,82.58,31.589451027925445,Normal,False,2020,33.894176147662,YELLOW ALERT,81.77,88.8610118502658
2020-08-31,27.69,21.14,83.64,31.841364132105493,Normal,False,2020,33.68142468224575,YELLOW ALERT,81.842,89.31445543778989
2020-09-01,25.17,20.82,90.21,26.03567622376032,Normal,False,2020,29.82216379459707,NO ALERT,77.30600000000001,78.86421720276857
2020-09-02,26.59,21.31,88.25,29.45753942792215,Normal,False,2020,29.11152659459597,NO ALERT,79.862,85.02357097025987
2020-09-03,26.68,19.55,87.11,29.60088132620116,Normal,False,2020,28.364698992627854,NO ALERT,80.024,85.2815863871621
2020-09-04,28.43,20.23,84.54,34.04870835761892,Normal,False,2020,31.035709703914062,NO ALERT,83.174,93.28767504371406
2020-09-05,29.39,20.6,83.28,36.665139485354615,Normal,False,2020,33.43824305639155,YELLOW ALERT,84.902,97.99725107363831
2020-09-06,28.14,20.62,85.24,33.33631093247685,Normal,False,2020,34.683386258483445,YELLOW ALERT,82.652,92.00535967845833
2020-09-07,27.8,21.3,83.61,32.12915751775964,Normal,False,2020,34.04353597853035,YELLOW ALERT,82.04,89.83248353196734
2020-09-08,28.55,20.76,83.15,34.124598381189315,Normal,False,2020,33.19668894380858,YELLOW ALERT,83.39,93.42427708614078
2020-09-09,28.34,19.97,84.92,33.85824431824665,Normal,False,2020,33.37066673906518,YELLOW ALERT,83.012,92.94483977284396
2020-09-10,26.11,20.77,88.55,28.25455276629453,Normal,False,2020,32.079131821910146,YELLOW ALERT,78.998,82.85819497933015
2020-09-11,24.41,20.51,89.43,24.435176941505443,Normal,False,2020,28.849324675348853,NO ALERT,75.938,75.98331849470979
2020-09-12,26.58,19.27,86.29,29.28549079264741,Normal,False,2020,27.325073500149106,NO ALERT,79.844,84.71388342676534
2020-09-13,25.43,17.66,85.19,26.633170531054493,Normal,False,2020,26.784612755069094,NO ALERT,77.774,79.93970695589809
2020-09-14,26.8,18.59,82.23,29.488306623843275,Normal,False,2020,28.468989315848372,NO ALERT,80.24000000000001,85.0789519229179
2020-09-15,28.34,18.35,83.3,33.55761618017817,Normal,False,2020,29.893031111691958,NO ALERT,83.012,92.40370912432071
2020-09-16,28.33,19.36,84.56,33.76193925617751,Normal,False,2020,32.26928735339963,YELLOW ALERT,82.994,92.77149066111953
2020-09-17,28.31,19.64,83.98,33.59747654064602,Normal,False,2020,33.63901065900055,YELLOW ALERT,82.958,92.47545777316284
2020-09-18,26.8,20.11,86.96,29.897181084244526,Normal,False,2020,32.41886562702267,YELLOW ALERT,80.24000000000001,85.81492595164015
2020-09-19,26.29,19.92,87.68,28.657009517829035,Normal,False,2020,30.71722238090651,NO ALERT,79.322,83.58261713209227
2020-09-20,25.37,18.78,86.89,26.50844113097427,Normal,False,2020,28.35421057768259,NO ALERT,77.666,79.71519403575368
2020-09-21,25.33,18.34,83.6,26.43166940276751,Normal,False,2020,27.199040017190253,NO ALERT,77.594,79.57700492498152
2020-09-22,27.34,17.96,81.38,30.66918813780171,Normal,False,2020,27.869766223847808,NO ALERT,81.212,87.20453864804308
2020-09-23,28.63,16.81,80.09,33.74810959035572,Normal,False,2020,30.282989043641624,NO ALERT,83.534,92.7465972626403
2020-09-24,28.27,19.14,81.44,33.03310325020964,Normal,False,2020,32.483466992789005,YELLOW ALERT,82.886,91.45958585037735
2020-09-25,26.28,18.61,86.14,28.54746397834229,Normal,False,2020,31.776225606302532,NO ALERT,79.304,83.38543516101612
2020-09-26,23.79,19.59,89.95,23.20157787710791,Normal,False,2020,28.260715035219928,NO ALERT,74.822,73.76284017879424
2020-09-27,27.02,18.99,86.01,30.3767426376845,Normal,False,2020,27.37526149771155,NO ALERT,80.636,86.6781367478321
2020-09-28,27.84,19.38,84.49,32.370257768748615,Normal,False,2020,28.649526094513657,NO ALERT,82.112,90.26646398374751
2020-09-29,26.11,20.3,91.04,28.365933097053485,Normal,False,2020,30.370977834495516,NO ALERT,78.998,83.05867957469627
2020-09-30,25.63,19.98,88.99,27.106487593590284,Normal,False,2020,29.280892819797444,NO ALERT,78.134,80.79167766846251
2020-10-01,26.16,19.52,85.63,28.24022944106329,Normal,False,2020,27.904216710569,NO ALERT,79.088,82.83241299391392
2020-10-02,28.23,17.98,83.13,33.22036859081398,Normal,False,2020,29.522361875155834,NO ALERT,82.814,91.79666346346517
2020-10-03,27.1,20.53,86.91,30.682089728927295,Normal,False,2020,30.714229253601502,NO ALERT,80.78,87.22776151206912
2020-10-04,24.52,19.3,86.26,24.826315411974633,Normal,False,2020,29.57625791057195,NO ALERT,76.136,76.68736774155434
2020-10-05,27.81,19.22,81.38,31.82744589618697,Normal,False,2020,29.111950345696282,NO ALERT,82.05799999999999,89.28940261313655
2020-10-06,28.1,18.11,83.08,32.85485039528665,Normal,False,2020,29.8362039011494,NO ALERT,82.58,91.13873071151596
2020-10-07,27.93,19.33,84.18,32.56889345794198,Normal,False,2020,32.41706324980518,YELLOW ALERT,82.274,90.62400822429557
2020-10-08,26.46,19.32,80.66,28.62588770261161,Normal,False,2020,31.34987718528006,NO ALERT,79.628,83.5265978647009
2020-10-09,27.71,20.79,79.98,31.383097938222207,Normal,False,2020,30.859293032925248,NO ALERT,81.878,88.48957628879997
2020-10-10,25.88,20.12,91.56,27.78167048789932,Normal,False,2020,29.263552042911027,NO ALERT,78.584,82.00700687821877
2020-10-11,24.05,19.61,90.99,23.60083841252498,Normal,False,2020,27.58853561288215,NO ALERT,75.29,74.48150914254497
2020-10-12,26.78,19.21,89.29,30.051104538576833,Normal,False,2020,27.14453781300036,NO ALERT,80.20400000000001,86.0919881694383
2020-10-13,24.78,19.99,92.35,25.07578992560206,Normal,False,2020,26.242577625567936,NO ALERT,76.604,77.13642186608371
2020-10-14,27.24,18.85,86.36,30.995453375652023,Normal,False,2020,28.70744927994362,NO ALERT,81.032,87.79181607617365
2020-10-15,27.44,19.22,85.71,31.45403484950709,Normal,False,2020,29.17509271692037,NO ALERT,81.392,88.61726272911275
2020-10-16,27.78,18.67,83.72,32.092031771007214,Normal,False,2020,31.51383999872209,NO ALERT,82.004,89.76565718781299
2020-10-17,26.23,19.51,85.34,28.387717084192516,Normal,False,2020,30.64459456823559,NO ALERT,79.214,83.09789075154653
2020-10-18,26.15,19.03,86.98,28.280196661343524,Normal,False,2020,29.586648505514393,NO ALERT,79.07,82.90435399041834
2020-10-19,25.83,20.12,90.42,27.62198144187651,Normal,False,2020,28.096631729137496,NO ALERT,78.494,81.71956659537771
2020-10-20,25.06,20.01,91.3,25.75958584390546,Normal,False,2020,27.22058798237514,NO ALERT,77.108,78.36725451902983
2020-10-21,25.5,19.82,90.34,26.80947651418396,Normal,False,2020,26.730347933321955,NO ALERT,77.9,80.25705772553113
2020-10-22,26.52,18.78,89.12,29.33785185804912,Normal,False,2020,27.302304738712824,NO ALERT,79.736,84.80813334448843
2020-10-23,26.78,19.86,89.44,30.064504174601364,Normal,False,2020,28.737277515611463,NO ALERT,80.20400000000001,86.11610751428245
2020-10-24,27.62,19.8,85.31,31.888898474687537,Normal,False,2020,30.430418169112652,NO ALERT,81.71600000000001,89.40001725443757
2020-10-25,27.44,19.82,84.38,31.283890418715494,Normal,False,2020,31.079097689334777,NO ALERT,81.392,88.31100275368789
2020-10-26,27.55,18.98,82.44,31.316474751484336,Normal,False,2020,31.496421214962435,NO ALERT,81.59,88.3696545526718
2020-10-27,26.47,17.21,86.91,29.05626558546424,Normal,False,2020,30.552210251888,NO ALERT,79.646,84.30127805383563
2020-10-28,25.81,17.04,87.08,27.48750531585933,Normal,False,2020,29.286748550935943,NO ALERT,78.458,81.4775095685468
2020-10-29,24.47,17.42,89.57,24.547681052282105,Normal,False,2020,27.030483984535206,NO ALERT,76.04599999999999,76.1858258941078
2020-10-30,26.36,16.06,82.89,28.546456560600536,Normal,False,2020,26.860547642913968,NO ALERT,79.44800000000001,83.38362180908096
2020-10-31,27.11,19.06,77.14,29.703575233221915,Normal,False,2020,27.599237615368164,NO ALERT,80.798,85.46643541979945
2020-11-01,27.38,18.37,80.91,30.7097578294984,Normal,False,2020,29.653263207773595,NO ALERT,81.28399999999999,87.27756409309713
2020-11-02,27.25,19.1,83.75,30.720565774389893,Normal,False,2020,30.377966279036713,NO ALERT,81.05,87.29701839390181
2020-11-03,27.39,18.83,86.44,31.411510108603427,Normal,False,2020,30.947277904163887,NO ALERT,81.30199999999999,88.54071819548616
2020-11-04,27.34,19.16,87.54,31.411873929261464,Normal,False,2020,31.18131660408491,NO ALERT,81.212,88.54137307267064
2020-11-05,27.14,18.26,86.7,30.7661644241626,Normal,False,2020,31.196516154009142,NO ALERT,80.852,87.37909596349269
2020-11-06,27.09,18.93,87.92,30.764553813740413,Normal,False,2020,30.980864055721472,NO ALERT,80.762,87.37619686473275
2020-11-07,26.93,19.72,88.12,30.349544055838308,Normal,False,2020,30.62675409791375,NO ALERT,80.474,86.62917930050895
2020-11-08,26.45,18.99,88.23,29.0940640626042,Normal,False,2020,30.06938731072762,NO ALERT,79.61,84.36931531268756
2020-11-09,26.06,15.65,86.84,28.060487414956736,Normal,False,2020,29.168031844466395,NO ALERT,78.908,82.50887734692212
2020-11-10,25.04,12.79,82.69,25.896895295969575,Normal,False,2020,27.683815591176813,NO ALERT,77.072,78.61441153274524
2020-11-11,25.34,12.8,90.44,26.428399315498076,Normal,False,2020,26.795260675474776,NO ALERT,77.612,79.57111876789654
2020-11-12,25.36,18.8,91.77,26.469253926484775,Normal,False,2020,26.264849512650784,NO ALERT,77.648,79.6446570676726
2020-11-13,26.03,19.65,89.99,28.113992683319363,Normal,False,2020,27.003881975100715,NO ALERT,78.854,82.60518682997485
2020-11-14,26.19,18.87,88.92,28.472287402858413,Normal,False,2020,27.68517800422083,NO ALERT,79.142,83.25011732514514
2020-11-15,27.37,18.69,90.51,31.879879427435828,Normal,False,2020,29.488719837871184,NO ALERT,81.266,89.3837829693845
2020-11-16,25.23,19.96,90.84,26.165639278587363,Normal,False,2020,28.83926870296051,NO ALERT,77.414,79.09815070145726
2020-11-17,26.17,18.21,89.18,28.43441015404412,Normal,False,2020,28.826642953355748,NO ALERT,79.10600000000001,83.18193827727941
2020-11-18,26.33,18.73,88.63,28.812173336238384,Normal,False,2020,27.804074256289937,NO ALERT,79.39399999999999,83.86191200522909
2020-11-19,26.31,18.26,87.87,28.71752441614129,Normal,False,2020,28.654702635474578,NO ALERT,79.358,83.69154394905432
2020-11-20,26.17,16.09,84.2,28.195195779288067,Normal,False,2020,28.57496451055589,NO ALERT,79.10600000000001,82.75135240271852
2020-11-21,25.65,14.63,79.33,26.993115612043134,Normal,False,2020,27.968611935824143,NO ALERT,78.17,80.58760810167765
2020-11-22,25.26,12.5,77.61,26.31574902030605,Normal,False,2020,27.168020137212398,NO ALERT,77.468,79.36834823655089
2020-11-23,25.11,11.77,85.94,25.976370629742906,Normal,False,2020,26.428411754030677,NO ALERT,77.19800000000001,78.75746713353723
2020-11-24,24.77,16.08,89.92,25.15663122699468,Normal,False,2020,25.81625029234786,NO ALERT,76.586,77.28193620859042
2020-11-25,25.05,18.4,90.52,25.75557958883003,Normal,False,2020,25.629527148522516,NO ALERT,77.09,78.36004325989406
2020-11-26,21.2,18.2,95.84,17.974035662185234,Normal,False,2020,22.962082159336628,NO ALERT,70.16,64.35326419193342
2020-11-27,21.54,17.23,94.26,18.845085758256953,Normal,False,2020,20.858233669757386,NO ALERT,70.77199999999999,65.92115436486252
2020-11-28,25.29,18.14,89.45,26.319249082699677,Normal,False,2020,21.046123501047266,NO ALERT,77.52199999999999,79.37464834885942
2020-11-29,25.49,17.79,89.8,26.78317520741338,Normal,False,2020,23.98250334945665,NO ALERT,77.882,80.20971537334408
2020-11-30,24.56,17.61,89.1,24.756702458273853,Normal,False,2020,25.953042249462282,NO ALERT,76.208,76.56206442489294
2020-12-01,24.4,16.22,85.11,24.671528213494092,Normal,False,2020,25.403801959727087,NO ALERT,75.92,76.40875078428937
2020-12-02,24.86,15.76,86.18,25.47563166985796,Normal,False,2020,24.96795411387528,NO ALERT,76.748,77.85613700574433
2020-12-03,23.21,16.96,93.4,21.70697692562748,Normal,False,2020,23.951378936326492,NO ALERT,73.778,71.07255846612946
2020-12-04,24.17,18.63,91.25,23.82036540544958,Normal,False,2020,23.66765800031165,NO ALERT,75.506,74.87665772980924
2020-12-05,25.51,18.14,89.17,26.826891892075896,Normal,False,2020,24.118078074384297,NO ALERT,77.918,80.28840540573661
2020-12-06,26.0,19.11,89.75,28.028694618986226,Normal,False,2020,26.22531730550388,NO ALERT,78.8,82.45165031417521
2020-12-07,25.94,19.21,90.57,27.905384985938195,Normal,False,2020,27.586990499000084,NO ALERT,78.69200000000001,82.22969297468875
2020-12-08,25.76,19.04,88.93,27.414310079592767,Normal,False,2020,27.782796561505705,NO ALERT,78.368,81.34575814326698
2020-12-09,25.67,17.56,89.27,27.205576053686542,Normal,False,2020,27.508423706405818,NO ALERT,78.206,80.97003689663578
2020-12-10,25.1,15.19,82.89,26.00299791897462,Normal,False,2020,26.87429468408462,NO ALERT,77.18,78.80539625415432
2020-12-11,24.96,14.05,81.04,25.787165809033624,Normal,False,2020,26.331913260564907,NO ALERT,76.928,78.41689845626053
2020-12-12,24.83,13.04,83.25,25.508037649896064,Normal,False,2020,25.766067125968082,NO ALERT,76.69399999999999,77.91446776981292
2020-12-13,25.2,12.15,80.68,26.204232783642187,Normal,False,2020,25.833145414190607,NO ALERT,77.36,79.16761901055594
2020-12-14,25.36,12.26,82.71,26.4896479888807,Normal,False,2020,26.067306140806295,NO ALERT,77.648,79.68136637998526
2020-12-15,24.4,12.76,84.93,24.68151667009225,Normal,False,2020,25.791799147538356,NO ALERT,75.92,76.42673000616605
2020-12-16,25.36,16.84,87.06,26.486634807229855,Normal,False,2020,25.885933155400917,NO ALERT,77.648,79.67594265301373
2020-12-17,25.41,17.71,87.7,26.595181628941905,Normal,False,2020,25.921111035421315,NO ALERT,77.738,79.87132693209543
2020-12-18,24.27,16.5,86.87,24.33312059776152,Normal,False,2020,25.804979011311072,NO ALERT,75.686,75.79961707597074
2020-12-19,25.16,16.55,87.45,26.056321041867257,Normal,False,2020,25.661541089523542,NO ALERT,77.288,78.90137787536106
2020-12-20,24.4,14.44,85.16,24.66874379610901,Normal,False,2020,25.01939514524591,NO ALERT,75.92,76.40373883299621
2020-12-21,23.76,12.48,84.18,23.696266091144164,Normal,False,2020,24.807110309706786,NO ALERT,74.768,74.6532789640595
2020-12-22,24.53,11.51,83.73,24.966826648888578,Normal,False,2020,24.443945512047225,NO ALERT,76.154,76.94028796799944
2020-12-23,25.23,13.74,82.37,26.247261225287087,Normal,False,2020,24.97011798843992,NO ALERT,77.414,79.24507020551675
2020-12-24,26.33,14.26,83.75,28.529378333647653,Normal,False,2020,26.58115540260775,NO ALERT,79.39399999999999,83.35288100056577
2020-12-25,25.55,15.05,84.67,26.87751906942235,Normal,False,2020,27.218052876119007,NO ALERT,77.99000000000001,80.37953432496023
2020-12-26,24.74,13.66,83.04,25.356627258539543,Normal,False,2020,26.92117488720316,NO ALERT,76.532,77.64192906537117
2020-12-27,25.41,12.77,84.2,26.589639252559937,Normal,False,2020,26.274595193507253,NO ALERT,77.738,79.86135065460789
2020-12-28,25.16,12.43,79.69,26.142830542229476,Normal,False,2020,26.029699017776295,NO ALERT,77.288,79.05709497601306
2020-12-29,25.58,14.4,82.66,26.914100363884952,Normal,False,2020,26.5488567195581,NO ALERT,78.044,80.44538065499292
2020-12-30,26.37,16.01,86.48,28.783262338975256,Normal,False,2020,27.280064415029873,NO ALERT,79.46600000000001,83.80987221015546
2020-12-31,26.02,17.15,87.31,27.984713323682403,Normal,False,2020,27.89402534218085,NO ALERT,78.836,82.37248398262832
2021-01-01,24.44,14.92,84.48,24.775083134393267,Normal,False,2021,27.181019599016953,NO ALERT,75.992,76.59514964190788
2021-01-02,25.6,13.93,86.1,27.00022220181059,Normal,False,2021,26.586672886628733,NO ALERT,78.08,80.60039996325906
2021-01-03,26.16,16.35,83.53,28.141579768655042,Normal,False,2021,26.63896170161961,NO ALERT,79.088,82.65484358357908
2021-01-04,25.9,17.15,82.97,27.5665289288021,Normal,False,2021,27.56944363308922,NO ALERT,78.62,81.61975207184378
2021-01-05,25.78,16.87,88.93,27.462261866861827,Normal,False,2021,27.723456854772966,NO ALERT,78.404,81.43207136035129
2021-01-06,25.96,17.94,88.32,27.878175704204626,Normal,False,2021,27.63565549995616,NO ALERT,78.72800000000001,82.18071626756833
2021-01-07,26.04,18.68,87.87,28.05458551764893,Normal,False,2021,27.798341029571773,NO ALERT,78.872,82.49825393176808
2021-01-08,27.18,17.53,85.82,30.7742880590228,Normal,False,2021,28.9023497602921,NO ALERT,80.924,87.39371850624104
2021-01-09,26.44,18.67,85.85,28.912989821826418,Normal,False,2021,29.24728779949936,NO ALERT,79.592,84.04338167928755
2021-01-10,26.06,17.79,86.89,28.062544905184364,Normal,False,2021,29.24994092867784,NO ALERT,78.908,82.51258082933185
2021-01-11,25.19,17.57,86.49,26.13179506411918,Normal,False,2021,27.702443263709966,NO ALERT,77.342,79.03723111541453
2021-01-12,24.75,16.14,85.39,25.29218691156524,Normal,False,2021,26.495508960289573,NO ALERT,76.55,77.52593644081743
2021-01-13,26.3,16.09,81.79,28.3546273236,Normal,False,2021,26.59286976642812,NO ALERT,79.34,83.03832918248
2021-01-14,24.57,14.12,83.84,25.030711452393952,Normal,False,2021,26.22584189585304,NO ALERT,76.226,77.05528061430911
2021-01-15,27.01,15.84,80.96,29.853685290142682,Normal,False,2021,27.746341355378856,NO ALERT,80.618,85.73663352225682
2021-01-16,27.78,16.12,76.31,31.050263768503903,Normal,False,2021,28.64488683701349,NO ALERT,82.004,87.89047478330703
2021-01-17,27.58,15.29,78.09,30.831666982523984,Normal,False,2021,30.578538680390167,NO ALERT,81.64399999999999,87.49700056854317
2021-01-18,26.73,14.24,80.03,29.15425310188725,Normal,False,2021,30.34539461763836,NO ALERT,80.114,84.47765558339705
2021-01-19,26.84,14.83,80.53,29.434093890120796,Normal,False,2021,29.80667132484399,NO ALERT,80.312,84.98136900221743
2021-01-20,28.56,14.33,76.2,32.84493158163507,Normal,False,2021,30.477759524547682,NO ALERT,83.40799999999999,91.12087684694313
2021-01-21,29.57,15.76,71.29,34.29698097844721,Normal,False,2021,32.19200215006767,YELLOW ALERT,85.226,93.73456576120498
2021-01-22,28.89,16.62,77.1,33.83997520413715,Normal,False,2021,33.66062925473979,YELLOW ALERT,84.002,92.91195536744686
2021-01-23,28.24,16.14,74.27,31.77877266554142,Normal,False,2021,33.30524294937524,YELLOW ALERT,82.832,89.20179079797455
2021-01-24,28.56,14.6,71.57,32.04695072403069,Normal,False,2021,32.55523286456973,YELLOW ALERT,83.40799999999999,89.68451130325523
2021-01-25,27.97,12.11,69.18,30.501842378484223,Normal,False,2021,31.44252192268542,NO ALERT,82.346,86.9033162812716
2021-01-26,28.19,11.87,65.33,30.400150860280316,Normal,False,2021,30.982981320931717,NO ALERT,82.742,86.72027154850457
2021-01-27,27.46,11.17,69.92,29.64910739363136,Normal,False,2021,30.183700210798616,NO ALERT,81.428,85.36839330853645
2021-01-28,27.49,14.01,74.56,30.215475565701418,Normal,False,2021,30.088244606537675,NO ALERT,81.482,86.38785601826255
2021-01-29,28.52,14.04,72.62,32.13422135511516,Normal,False,2021,30.66626810481596,NO ALERT,83.336,89.84159843920729
2021-01-30,29.08,14.55,69.38,32.78590401650288,Normal,False,2021,31.711866979106464,NO ALERT,84.344,91.0146272297052
2021-01-31,28.76,14.5,65.42,31.45135107195172,Normal,False,2021,32.123825481189904,YELLOW ALERT,83.768,88.6124319295131
2021-02-01,28.07,12.33,68.06,30.542823676348828,Normal,False,2021,31.593359588267788,NO ALERT,82.526,86.9770826174279
2021-02-02,27.86,14.78,72.91,30.771102432220516,Normal,False,2021,30.921759060173667,NO ALERT,82.148,87.38798437799693
2021-02-03,27.88,15.29,72.39,30.74371407732796,Normal,False,2021,30.685880061965747,NO ALERT,82.184,87.33868533919033
2021-02-04,28.18,13.35,67.08,30.615086660868037,Normal,False,2021,30.709967723472147,NO ALERT,82.724,87.10715598956247
2021-02-05,28.93,12.17,66.31,31.92615574494574,Normal,False,2021,31.094985494380555,NO ALERT,84.074,89.46708034090233
2021-02-06,28.95,12.66,65.34,31.80126397763614,Normal,False,2021,31.44750212781662,NO ALERT,84.11,89.24227515974505
2021-02-07,28.05,12.48,57.74,29.274333280384212,Normal,False,2021,31.00058433432201,NO ALERT,82.49000000000001,84.69379990469159
2021-02-08,27.82,11.63,68.16,30.09851012366785,Normal,False,2021,30.39136912722938,NO ALERT,82.076,86.17731822260212
2021-02-09,27.89,11.98,69.24,30.359203520815086,Normal,False,2021,29.91068230828903,NO ALERT,82.202,86.64656633746715
2021-02-10,29.08,11.61,59.94,31.15997619146856,Normal,False,2021,30.539229945317146,NO ALERT,84.344,88.08795714464341
2021-02-11,29.32,11.11,62.04,31.93509773951814,Normal,False,2021,31.15142581726724,NO ALERT,84.776,89.48317593113265
2021-02-12,29.61,10.71,60.93,32.27503265189949,Normal,False,2021,31.790035527628707,NO ALERT,85.298,90.09505877341908
2021-02-13,29.76,11.56,59.67,32.31890998477587,Normal,False,2021,32.17634679206448,YELLOW ALERT,85.56800000000001,90.17403797259657
2021-02-14,30.22,12.42,53.28,31.945557359525967,Normal,False,2021,32.17983333206708,YELLOW ALERT,86.396,89.50200324714675
2021-02-15,30.74,12.54,58.11,33.86460461350211,Normal,False,2021,32.709690652601296,YELLOW ALERT,87.332,92.9562883043038
2021-02-16,30.9,12.87,59.41,34.49158026714618,Normal,False,2021,33.43391408005807,YELLOW ALERT,87.61999999999999,94.08484448086313
2021-02-17,30.51,14.09,60.15,33.865817471763805,Normal,False,2021,34.07400078413735,YELLOW ALERT,86.918,92.95847144917485
2021-02-18,29.49,15.17,66.43,33.093017289686905,Normal,False,2021,33.816805009532274,YELLOW ALERT,85.082,91.56743112143643
2021-02-19,29.19,15.45,69.34,33.01856853584875,Normal,False,2021,33.3258010990998,YELLOW ALERT,84.542,91.43342336452775
2021-02-20,26.61,17.29,78.83,28.813958012323944,Normal,False,2021,31.641847945953174,NO ALERT,79.898,83.8651244221831
2021-02-21,25.53,16.43,78.35,26.767388901983605,Normal,False,2021,29.533305150052076,NO ALERT,77.95400000000001,80.18130002357049
2021-02-22,29.48,16.04,69.23,33.643081251630974,Normal,False,2021,29.74147605531282,NO ALERT,85.064,92.55754625293575
2021-02-23,31.14,17.17,62.35,35.761931027781785,Normal,False,2021,32.057467060465434,YELLOW ALERT,88.05199999999999,96.37147585000722
2021-02-24,32.18,15.27,58.68,37.09171636549043,Normal,False,2021,35.498909548301036,YELLOW ALERT,89.924,98.76508945788277
2021-02-25,32.85,16.04,55.01,37.47783691431279,Normal,False,2021,36.77716143586164,YELLOW ALERT,91.13000000000001,99.46010644576302
2021-02-26,32.7,15.95,51.59,36.134315319872,Normal,False,2021,36.90128953322505,YELLOW ALERT,90.86,97.0417675757696
2021-02-27,33.33,15.49,51.56,37.44542940262638,Normal,False,2021,37.01919387893704,YELLOW ALERT,91.994,99.40177292472748
2021-02-28,32.88,16.23,48.41,35.610801313643165,Normal,False,2021,36.39684867871383,YELLOW ALERT,91.184,96.09944236455769
2021-03-01,33.08,14.98,48.91,36.138205530354966,Normal,False,2021,36.39814541554148,YELLOW ALERT,91.544,97.04876995463894
2021-03-02,32.63,15.87,55.46,37.12665804159033,Normal,False,2021,36.291888295196124,YELLOW ALERT,90.73400000000001,98.8279844748626
2021-03-03,32.77,16.02,48.68,35.47258344784507,Normal,False,2021,36.24581567326343,YELLOW ALERT,90.986,95.85065020612112
2021-03-04,32.08,14.07,50.85,34.720349948966344,Normal,False,2021,35.77319714613389,YELLOW ALERT,89.744,94.49662990813943
2021-03-05,33.29,12.66,50.29,36.96831277255443,Normal,False,2021,35.72041538978859,YELLOW ALERT,91.922,98.54296299059797
2021-03-06,34.02,14.53,50.57,38.63099915090874,Normal,False,2021,36.77322062414314,YELLOW ALERT,93.236,101.53579847163573
2021-03-07,34.15,14.96,51.25,39.16197976986075,Normal,False,2021,38.25376389777461,YELLOW ALERT,93.47,102.49156358574935
2021-03-08,33.39,13.48,52.25,37.79610089267333,Normal,False,2021,38.529693271147586,YELLOW ALERT,92.102,100.032981606812
2021-03-09,32.95,14.11,52.15,36.816319836846596,Normal,False,2021,37.9248001664602,YELLOW ALERT,91.31,98.26937570632387
2021-03-10,34.04,17.1,55.3,40.395635146841556,Normal,False,2021,38.336018625453804,YELLOW ALERT,93.272,104.71214326431479
2021-03-11,34.3,18.98,54.19,40.613612372614796,Normal,False,2021,39.27518911876763,YELLOW ALERT,93.74,105.10450227070663
2021-03-12,33.17,17.54,48.86,36.30240934200602,Normal,False,2021,39.10388562048743,YELLOW ALERT,91.706,97.34433681561083
2021-03-13,34.18,13.77,47.82,38.05425828293172,Normal,False,2021,38.323426665850825,YELLOW ALERT,93.524,100.49766490927709
2021-03-14,34.65,16.2,48.97,39.47746728545098,Normal,False,2021,37.94471163679622,YELLOW ALERT,94.36999999999999,103.05944111381176
2021-03-15,35.25,16.11,44.89,39.32272676816474,Normal,False,2021,38.95148411218245,YELLOW ALERT,95.45,102.78090818269654
2021-03-16,35.09,16.91,43.04,38.35200847961113,Normal,False,2021,39.050734177742264,YELLOW ALERT,95.162,101.03361526330004
2021-03-17,34.92,17.72,39.19,36.831087907832035,Normal,False,2021,38.168607718535945,YELLOW ALERT,94.85600000000001,98.29595823409767
2021-03-18,33.14,17.49,49.68,36.47916335071149,Normal,False,2021,37.22075324605153,YELLOW ALERT,91.652,97.66249403128067
2021-03-19,34.13,18.09,43.19,36.52840475914494,Normal,False,2021,36.61288533922946,YELLOW ALERT,93.434,97.75112856646089
2021-03-20,34.69,17.65,40.6,36.82036520671281,Normal,False,2021,36.609311105523055,YELLOW ALERT,94.442,98.27665737208306
2021-03-21,34.89,16.48,39.38,36.831700583731504,Normal,False,2021,36.72682351652973,YELLOW ALERT,94.80199999999999,98.2970610507167
2021-03-22,35.46,19.07,40.36,38.202287839556526,Normal,False,2021,37.28478454333359,YELLOW ALERT,95.828,100.76411811120174
2021-03-23,36.8,17.53,45.12,42.929117545509406,Normal,False,2021,39.32103532293245,YELLOW ALERT,98.24,109.27241158191694
2021-03-24,36.43,17.82,45.21,42.0911857299908,Normal,False,2021,41.07419703835222,ORANGE ALERT,97.574,107.76413431398343
2021-03-25,35.26,19.47,41.21,38.088962855985955,Normal,False,2021,41.0364220438287,ORANGE ALERT,95.46799999999999,100.56013314077472
2021-03-26,36.66,20.42,40.76,40.78813794913195,Normal,False,2021,40.322762178369544,YELLOW ALERT,97.98799999999999,105.41864830843751
2021-03-27,35.67,18.83,46.39,40.81559577340768,Normal,False,2021,39.89756552617518,YELLOW ALERT,96.206,105.46807239213382
2021-03-28,34.08,19.61,46.95,37.565585816577396,Normal,False,2021,39.72310651303899,YELLOW ALERT,93.344,99.61805446983931
2021-03-29,36.78,20.86,40.72,41.02912222867619,Normal,False,2021,39.8034346062204,YELLOW ALERT,98.204,105.85242001161714
2021-03-30,37.01,21.32,39.65,41.09471413123537,Normal,False,2021,39.89647405882963,YELLOW ALERT,98.618,105.97048543622367
2021-03-31,39.08,21.51,29.39,41.149243131561654,Normal,False,2021,41.09102649715771,ORANGE ALERT,102.344,106.06863763681098
2021-04-01,37.97,20.75,28.32,38.84405130011503,Normal,False,2021,40.362669520970655,YELLOW ALERT,100.346,101.91929234020705
2021-04-02,37.67,20.05,28.86,38.51569194706459,Normal,False,2021,39.5029954595804,YELLOW ALERT,99.80600000000001,101.32824550471625
2021-04-03,38.52,22.32,35.93,42.74311022850876,Normal,False,2021,40.0342844918961,YELLOW ALERT,101.336,108.93759841131578
2021-04-04,37.0,22.09,39.88,41.16518175284839,Normal,False,2021,40.80799464280722,YELLOW ALERT,98.6,106.0973271551271
2021-04-05,37.67,20.82,44.0,44.525289540839545,Normal,False,2021,42.81119384073221,ORANGE ALERT,99.80600000000001,112.14552117351118
2021-04-06,36.27,20.34,46.59,42.302828569868105,Normal,False,2021,42.66443328785199,ORANGE ALERT,97.286,108.14509142576259
2021-04-07,37.41,19.72,42.64,43.260801102415044,Normal,False,2021,43.36297307104087,ORANGE ALERT,99.338,109.86944198434708
2021-04-08,37.44,18.86,32.98,39.462872745791316,Normal,False,2021,41.6755008060248,ORANGE ALERT,99.392,103.03317094242436
2021-04-09,37.15,20.11,37.59,40.58151527366385,Normal,False,2021,41.10172970729005,ORANGE ALERT,98.86999999999999,105.04672749259493
2021-04-10,36.27,20.08,46.39,42.21688976569041,Normal,False,2021,40.75375926171517,YELLOW ALERT,97.286,107.99040157824274
2021-04-11,36.43,19.79,50.3,44.39310192511238,Normal,False,2021,42.39716898815552,ORANGE ALERT,97.574,111.9075834652023
2021-04-12,36.27,20.49,51.77,44.67287480827467,Normal,False,2021,43.760955499692464,ORANGE ALERT,97.286,112.41117465489441
2021-04-13,35.5,20.63,53.6,43.45897773266451,Normal,False,2021,44.174984822017166,ORANGE ALERT,95.9,110.22615991879611
2021-04-14,34.44,22.05,56.49,41.89845550236904,Normal,False,2021,43.343436014436044,ORANGE ALERT,93.99199999999999,107.41721990426427
2021-04-15,30.48,21.43,73.62,37.24431925168861,Normal,False,2021,40.867250828907366,YELLOW ALERT,86.864,99.03977465303949
2021-04-16,32.97,19.91,64.02,40.93594456210249,Normal,False,2021,40.02623977205335,YELLOW ALERT,91.346,105.68470021178449
2021-04-17,33.83,20.59,60.71,42.001722426927955,Normal,False,2021,40.06066208023966,YELLOW ALERT,92.89399999999999,107.60310036847031
2021-04-18,34.68,21.75,56.94,42.733640621241406,Normal,False,2021,41.89043587009059,ORANGE ALERT,94.424,108.92055311823454
2021-04-19,34.05,21.8,57.76,41.38945949104365,Normal,False,2021,42.04160751307098,ORANGE ALERT,93.28999999999999,106.50102708387857
2021-04-20,32.11,21.65,63.88,38.57677314158483,Normal,False,2021,40.89995775128994,YELLOW ALERT,89.798,101.4381916548527
2021-04-21,32.85,23.27,61.43,39.645832126885495,Normal,False,2021,39.8706882531713,YELLOW ALERT,91.13000000000001,103.3624978283939
2021-04-22,34.18,21.72,60.31,42.811817190260335,Normal,False,2021,40.34480748624353,YELLOW ALERT,93.524,109.06127094246861
2021-04-23,31.31,21.43,66.15,37.24953099637337,Normal,False,2021,39.90239343783971,YELLOW ALERT,88.35799999999999,99.04915579347207
2021-04-24,32.38,21.3,68.24,40.86733354624369,Normal,False,2021,40.309560577625774,YELLOW ALERT,90.284,105.56120038323864
2021-04-25,34.57,21.48,59.27,43.4580883530365,Normal,False,2021,40.52498429855117,YELLOW ALERT,94.226,110.2245590354657
2021-04-26,32.07,21.93,65.87,39.144132408810684,Normal,False,2021,41.156518102696936,ORANGE ALERT,89.726,102.45943833585923
2021-04-27,34.93,20.04,60.88,45.266767445723445,Normal,False,2021,42.62299606919019,ORANGE ALERT,94.874,113.48018140230221
2021-04-28,34.65,22.09,57.32,42.817516074153254,Normal,False,2021,42.4094719762291,ORANGE ALERT,94.36999999999999,109.07152893347586
2021-04-29,35.68,21.96,57.31,45.74019624941698,Normal,False,2021,44.60815992309787,ORANGE ALERT,96.224,114.33235324895057
2021-04-30,34.51,21.8,59.0,43.1680666630397,Normal,False,2021,43.90859299553662,ORANGE ALERT,94.118,109.70251999347147
2021-05-01,34.51,21.92,62.92,44.970672075644785,Normal,False,2021,44.626311662700466,ORANGE ALERT,94.118,112.94720973616062
2021-05-02,34.63,21.39,60.67,44.27151175896529,Normal,False,2021,44.136750165883235,ORANGE ALERT,94.334,111.68872116613753
2021-05-03,35.04,21.61,59.2,44.78382105521939,Normal,False,2021,44.67533496327646,ORANGE ALERT,95.072,112.61087789939491
2021-05-04,34.66,22.1,59.36,43.75569636864339,Normal,False,2021,44.27034306094267,ORANGE ALERT,94.38799999999999,110.7602534635581
2021-05-05,36.78,22.07,54.84,47.715365444842604,Normal,False,2021,45.41829428956844,ORANGE ALERT,98.204,117.88765780071668
2021-05-06,36.05,21.77,56.25,46.29205049950484,Normal,False,2021,45.921037437663585,ORANGE ALERT,96.89,115.32569089910871
2021-05-07,36.1,21.79,58.73,47.75949227374157,Normal,False,2021,47.25563607269632,ORANGE ALERT,96.98,117.96708609273483
2021-05-08,35.94,21.79,58.29,47.02748184003562,Normal,False,2021,47.02634153776066,ORANGE ALERT,96.692,116.64946731206412
2021-05-09,37.26,22.02,54.71,49.10452147546452,Normal,False,2021,47.96383186308054,ORANGE ALERT,99.068,120.38813865583614
2021-05-10,36.2,22.88,55.54,46.366381750853044,Normal,False,2021,47.49946168878438,ORANGE ALERT,97.16,115.45948715153548
2021-05-11,32.57,23.82,62.12,39.164599168058864,Normal,False,2021,44.87850079812546,ORANGE ALERT,90.626,102.49627850250596
2021-05-12,32.87,23.39,66.29,41.53926200599567,Normal,False,2021,42.35674764163583,ORANGE ALERT,91.166,106.7706716107922
2021-05-13,31.04,23.08,70.72,37.92654904803169,Normal,False,2021,39.54347007402871,YELLOW ALERT,87.872,100.26778828645703
2021-05-14,34.58,21.74,63.44,45.437475157104274,Normal,False,2021,41.634428737043855,ORANGE ALERT,94.244,113.78745528278769
2021-05-15,31.53,21.42,72.78,40.00965040445604,Normal,False,2021,41.1245582031973,ORANGE ALERT,88.75399999999999,104.01737072802086
2021-05-16,31.28,22.01,74.31,39.786124128710114,Normal,False,2021,41.74441656342345,ORANGE ALERT,88.304,103.61502343167821
2021-05-17,34.86,21.19,65.68,47.47335984640313,Normal,False,2021,42.42304479318974,ORANGE ALERT,94.748,117.45204772352562
2021-05-18,32.03,23.0,68.43,39.929517595484946,Normal,False,2021,42.396333856866036,ORANGE ALERT,89.654,103.8731316718729
2021-05-19,31.22,22.73,75.19,39.904720267976195,Normal,False,2021,42.43586590328806,ORANGE ALERT,88.196,103.82849648235715
2021-05-20,30.36,22.19,74.18,37.07004327849552,Normal,False,2021,38.968093713985525,YELLOW ALERT,86.648,98.72607790129193
2021-05-21,30.19,21.27,73.88,36.51964861006354,Normal,False,2021,37.83147071884506,YELLOW ALERT,86.34200000000001,97.73536749811437
2021-05-22,29.47,21.33,76.87,35.321916336941335,Normal,False,2021,36.30386940850011,YELLOW ALERT,85.046,95.5794494064944
2021-05-23,31.71,20.81,70.73,39.822669041927995,Normal,False,2021,37.22141132964426,YELLOW ALERT,89.078,103.6808042754704
2021-05-24,27.44,21.55,74.61,30.11913242603268,Normal,False,2021,35.08790593496732,YELLOW ALERT,81.392,86.21443836685883
2021-05-25,27.96,21.34,81.17,32.178089331001615,Normal,False,2021,34.03996359965407,YELLOW ALERT,82.328,89.92056079580291
2021-05-26,31.24,20.13,71.07,38.59209807709536,Normal,False,2021,33.629773278043196,YELLOW ALERT,88.232,101.46577653877165
2021-05-27,31.51,21.45,66.91,37.99835948709376,Normal,False,2021,36.25618229839689,YELLOW ALERT,88.718,100.39704707676876
2021-05-28,33.44,19.86,64.64,42.53073660031571,Normal,False,2021,39.70706472150159,YELLOW ALERT,92.192,108.55532588056829
2021-05-29,34.02,20.28,62.96,43.51292118795041,Normal,False,2021,41.3473390917866,ORANGE ALERT,93.236,110.32325813831073
2021-05-30,33.78,20.51,66.55,44.402467227261766,Normal,False,2021,43.4820416718426,ORANGE ALERT,92.804,111.92444100907117
2021-05-31,33.28,21.42,66.94,43.02781021371401,Normal,False,2021,43.64773287630871,ORANGE ALERT,91.904,109.45005838468522
2021-06-01,33.67,21.79,67.2,44.35298299205104,Normal,False,2021,43.92775347767559,ORANGE ALERT,92.60600000000001,111.83536938569186
2021-06-02,30.09,22.51,73.5,36.14918095410073,Normal,False,2021,41.17665805328857,ORANGE ALERT,86.162,97.0685257173813
2021-06-03,28.0,22.26,79.68,32.049883296852,Normal,False,2021,37.517349081001235,YELLOW ALERT,82.4,89.6897899343336
2021-06-04,25.58,22.11,90.71,27.006415052979772,Normal,False,2021,31.735159767977475,NO ALERT,78.044,80.61154709536359
2021-06-05,28.07,20.86,77.91,31.94865212661293,Normal,False,2021,30.33498349214821,NO ALERT,82.526,89.50757382790327
2021-06-06,30.67,19.61,73.53,37.75004900226669,Normal,False,2021,32.235038727286444,YELLOW ALERT,87.206,99.95008820408005
2021-06-07,29.52,20.24,74.46,34.890514461887804,Normal,False,2021,34.86307186358912,YELLOW ALERT,85.136,94.80292603139804
2021-06-08,31.67,20.03,69.74,39.365043816182975,Normal,False,2021,37.335202426779134,YELLOW ALERT,89.006,102.85707886912935
2021-06-09,30.39,19.96,74.2,37.15931516594536,Normal,False,2021,37.13829114800536,YELLOW ALERT,86.702,98.88676729870164
2021-06-10,29.6,20.48,72.52,34.64723314561431,Normal,False,2021,37.05719737591419,YELLOW ALERT,85.28,94.36501966210577
2021-06-11,29.35,20.45,71.68,33.85658325578177,Normal,False,2021,35.22104385578046,YELLOW ALERT,84.83000000000001,92.94184986040719
2021-06-12,29.82,20.08,68.1,34.17136988905817,Normal,False,2021,34.22506209681806,YELLOW ALERT,85.676,93.5084658003047
2021-06-13,29.72,19.4,70.21,34.413285562097435,Normal,False,2021,34.1470795689791,YELLOW ALERT,85.49600000000001,93.94391401177538
2021-06-14,29.7,19.71,72.74,34.94836929414311,Normal,False,2021,34.51100824843288,YELLOW ALERT,85.46000000000001,94.9070647294576
2021-06-15,27.19,20.98,76.86,29.842868431986417,Normal,False,2021,33.06817442940896,YELLOW ALERT,80.94200000000001,85.71716317757554
2021-06-16,29.59,20.76,71.77,34.4526234553032,Normal,False,2021,33.08128706047755,YELLOW ALERT,85.262,94.01472221954575
2021-06-17,29.96,20.64,74.06,35.94740583306392,Normal,False,2021,33.41429924011782,YELLOW ALERT,85.928,96.70533049951504
2021-06-18,28.8,20.59,74.41,33.09394387982691,Normal,False,2021,34.49799105606465,YELLOW ALERT,83.84,91.56909898368843
2021-06-19,28.51,20.48,77.18,32.897513470931266,Normal,False,2021,33.97962106127401,YELLOW ALERT,83.31800000000001,91.21552424767627
2021-06-20,29.05,20.3,72.45,33.307567661968704,Normal,False,2021,33.09967500424227,YELLOW ALERT,84.28999999999999,91.95362179154367
2021-06-21,30.95,19.81,72.31,38.1680017229093,Normal,False,2021,34.79102761860307,YELLOW ALERT,87.71000000000001,100.70240310123674
2021-06-22,28.76,20.76,75.56,33.21396997022627,Normal,False,2021,34.89651311836807,YELLOW ALERT,83.768,91.7851459464073
2021-06-23,30.93,20.45,72.54,38.182952433372535,Normal,False,2021,36.521641375502675,YELLOW ALERT,87.674,100.72931438007056
2021-06-24,30.94,20.67,70.69,37.64474081172413,Normal,False,2021,36.347221071774285,YELLOW ALERT,87.69200000000001,99.76053346110344
2021-06-25,31.3,20.04,68.38,37.90429680104348,Normal,False,2021,37.91066334871335,YELLOW ALERT,88.34,100.22773424187827
2021-06-26,30.58,19.89,70.58,36.65365580500523,Normal,False,2021,37.40089780592425,YELLOW ALERT,87.044,97.97658044900942
2021-06-27,26.68,19.74,72.98,28.53436563210097,Normal,False,2021,34.3641060793832,YELLOW ALERT,80.024,83.36185813778175
2021-06-28,32.05,18.13,64.92,38.76829338358813,Normal,False,2021,34.652104940231425,YELLOW ALERT,89.69,101.78292809045863
2021-06-29,33.3,20.31,66.38,42.84977594851858,Normal,False,2021,36.71747832140254,YELLOW ALERT,91.94,109.12959670733343
2021-06-30,30.69,21.88,73.81,37.890755082861546,Normal,False,2021,39.836274804989394,YELLOW ALERT,87.242,100.20335914915078
2021-07-01,28.77,22.31,81.23,34.35991401214678,Normal,False,2021,38.366815014508944,YELLOW ALERT,83.786,93.8478452218642
2021-07-02,27.71,21.91,82.88,31.786054678007254,Normal,False,2021,34.6789079243385,YELLOW ALERT,81.878,89.21489842041305
2021-07-03,28.84,20.68,76.99,33.69004169582982,Normal,False,2021,33.27867012866126,YELLOW ALERT,83.912,92.64207505249367
2021-07-04,25.53,21.21,86.14,26.84947778721012,Normal,False,2021,30.77519138701571,NO ALERT,77.95400000000001,80.32906001697822
2021-07-05,28.89,20.47,78.09,34.04080785419342,Normal,False,2021,31.526775779077763,NO ALERT,84.002,93.27345413754816
2021-07-06,27.85,21.24,82.19,32.049171451527826,Normal,False,2021,30.979819030977097,NO ALERT,82.13,89.6885086127501
2021-07-07,27.58,21.83,83.05,31.473516935477562,Normal,False,2021,32.52116541373291,YELLOW ALERT,81.64399999999999,88.65233048385961
2021-07-08,27.08,21.17,83.93,30.31540844688972,Normal,False,2021,31.279365611298346,NO ALERT,80.744,86.56773520440149
2021-07-09,28.06,21.17,82.2,32.60208576431429,Normal,False,2021,31.463670382227168,NO ALERT,82.508,90.68375437576572
2021-07-10,26.79,19.2,79.34,29.22706979324286,Normal,False,2021,30.71485466814893,NO ALERT,80.222,84.60872562783715
2021-07-11,27.48,19.16,78.5,30.655292513861607,Normal,False,2021,30.828149357139562,NO ALERT,81.464,87.17952652495089
2021-07-12,25.89,19.23,78.77,27.415402853264247,Normal,False,2021,29.099255053456215,NO ALERT,78.602,81.34772513587565
2021-07-13,29.71,20.04,79.98,36.784123391445846,Normal,False,2021,31.618272919523875,NO ALERT,85.478,98.21142210460252
2021-07-14,27.97,20.54,81.42,32.24246513965948,Normal,False,2021,32.147330461456505,YELLOW ALERT,82.346,90.03643725138707
2021-07-15,26.66,20.47,81.75,29.13390629715079,Normal,False,2021,32.720164942752014,YELLOW ALERT,79.988,84.44103133487143
2021-07-16,28.73,20.31,80.59,34.11850554522229,Normal,False,2021,31.8316256606775,NO ALERT,83.714,93.41330998140013
2021-07-17,27.85,20.63,84.78,32.442372672680435,Normal,False,2021,31.898261505017814,NO ALERT,82.13,90.39627081082479
2021-07-18,26.16,20.58,86.03,28.259121734738365,Normal,False,2021,31.606666650880342,NO ALERT,79.088,82.86641912252905
2021-07-19,29.2,20.2,78.54,34.9709416832436,Normal,False,2021,31.890812030220776,NO ALERT,84.56,94.94769502983848
2021-07-20,29.33,20.24,78.99,35.43586607247108,Normal,False,2021,32.888643163484325,YELLOW ALERT,84.794,95.78455893044794
2021-07-21,28.2,19.93,80.33,32.6599181187004,Normal,False,2021,34.35557529147167,YELLOW ALERT,82.75999999999999,90.78785261366073
2021-07-22,27.06,20.08,81.58,30.029237303907045,Normal,False,2021,32.70834049835949,YELLOW ALERT,80.708,86.05262714703268
2021-07-23,29.32,19.95,76.85,34.913348217311174,Normal,False,2021,32.53416787997285,YELLOW ALERT,84.776,94.84402679116012
2021-07-24,29.29,20.01,79.04,35.33528614063505,Normal,False,2021,33.42595722061773,YELLOW ALERT,84.72200000000001,95.60351505314308
2021-07-25,29.31,20.63,81.11,35.88404570083639,Normal,False,2021,35.37756001959418,YELLOW ALERT,84.758,96.5912822615055
2021-07-26,28.82,19.83,79.77,34.1975755227418,Normal,False,2021,35.13896912140439,YELLOW ALERT,83.876,93.55563594093525
2021-07-27,30.0,19.64,76.95,36.82034989931948,Normal,False,2021,35.6339903742992,YELLOW ALERT,86.0,98.27662981877506
2021-07-28,30.66,20.02,75.29,38.25411580690955,Normal,False,2021,36.424013742990255,YELLOW ALERT,87.188,100.8574084524372
2021-07-29,29.43,19.42,77.12,35.27225465791051,Normal,False,2021,36.78224012137983,YELLOW ALERT,84.974,95.49005838423892
2021-07-30,27.83,19.83,80.81,31.795047596448885,Normal,False,2021,35.10713935375629,YELLOW ALERT,82.094,89.23108567360799
2021-07-31,29.04,19.89,78.21,34.46429440331858,Normal,False,2021,33.84386555255931,YELLOW ALERT,84.272,94.03572992597346
2021-08-01,29.23,20.06,76.8,34.662920316912924,Normal,False,2021,33.64075410556011,YELLOW ALERT,84.614,94.39325657044326
2021-08-02,30.12,19.22,74.25,36.428568204996026,Normal,False,2021,35.18526097507583,YELLOW ALERT,86.216,97.57142276899285
2021-08-03,29.34,19.3,77.05,35.0126114800892,Normal,False,2021,35.368033333999364,YELLOW ALERT,84.812,95.02270066416057
2021-08-04,28.82,20.0,77.68,33.775548295038284,Normal,False,2021,35.07224266004115,YELLOW ALERT,83.876,92.79598693106891
2021-08-05,30.09,19.46,76.92,37.07089965467496,Normal,False,2021,35.28635314326746,YELLOW ALERT,86.162,98.72761937841493
2021-08-06,30.47,20.0,77.67,38.415341070454055,Normal,False,2021,36.420596340055745,YELLOW ALERT,86.846,101.1476139268173
2021-08-07,29.88,20.71,79.62,37.196451064089814,Normal,False,2021,37.560897263072924,YELLOW ALERT,85.784,98.95361191536168
2021-08-08,29.77,21.16,78.59,36.59450763169547,Normal,False,2021,37.40209992207976,YELLOW ALERT,85.586,97.87011373705185
2021-08-09,29.85,21.09,79.0,36.93830563267559,Normal,False,2021,36.90975477615361,YELLOW ALERT,85.73,98.48895013881607
2021-08-10,26.56,21.38,84.81,29.129287093739006,Normal,False,2021,34.22070011937,YELLOW ALERT,79.80799999999999,84.43271676873022
2021-08-11,28.54,20.35,82.09,33.88929193625478,Normal,False,2021,33.31896155422311,YELLOW ALERT,83.372,93.0007254852586
2021-08-12,26.46,21.33,84.22,28.8543703333311,Normal,False,2021,30.624316454441608,NO ALERT,79.628,83.93786659999598
2021-08-13,27.67,20.52,81.05,31.430878066049857,Normal,False,2021,31.39151344521189,NO ALERT,81.80600000000001,88.57558051888974
2021-08-14,27.06,20.48,81.0,29.971819877190153,Normal,False,2021,30.085689425523682,NO ALERT,80.708,85.94927577894228
2021-08-15,26.25,19.79,81.62,28.240170250398997,Normal,False,2021,29.880956064546314,NO ALERT,79.25,82.83230645071819
2021-08-16,27.32,19.78,78.91,30.3420606793386,Normal,False,2021,29.51801693564256,NO ALERT,81.176,86.61570922280949
2021-08-17,29.72,19.15,75.46,35.65652474312836,Normal,False,2021,31.412918557621964,NO ALERT,85.49600000000001,96.18174453763105
2021-08-18,29.84,19.01,73.33,35.4482897221504,Normal,False,2021,33.81562504820577,YELLOW ALERT,85.712,95.80692149987071
2021-08-19,28.05,18.82,76.7,31.717904984483216,Normal,False,2021,34.274239816587304,YELLOW ALERT,82.49000000000001,89.09222897206979
2021-08-20,28.57,18.91,77.4,33.086343490708174,Normal,False,2021,33.41751273244724,YELLOW ALERT,83.426,91.5554182832747
2021-08-21,27.38,19.43,80.96,30.71564939187583,Normal,False,2021,31.839965955689053,NO ALERT,81.28399999999999,87.2881689053765
2021-08-22,28.27,18.83,77.76,32.40799476854233,Normal,False,2021,32.06999588370876,YELLOW ALERT,82.886,90.33439058337619
2021-08-23,28.77,19.77,80.7,34.25104392919578,Normal,False,2021,32.45822936320463,YELLOW ALERT,83.786,93.6518790725524
2021-08-24,27.93,20.86,80.31,31.97124803966132,Normal,False,2021,32.87676224579979,YELLOW ALERT,82.274,89.54824647139037
2021-08-25,27.99,20.86,80.28,32.1171284193388,Normal,False,2021,32.77980679606528,YELLOW ALERT,82.382,89.81083115480983
2021-08-26,28.61,20.27,78.84,33.455941626234825,Normal,False,2021,32.5147726950783,YELLOW ALERT,83.498,92.2206949272227
2021-08-27,27.06,21.11,85.48,30.425510077368397,Normal,False,2021,31.99952670764732,NO ALERT,80.708,86.7659181392631
2021-08-28,27.22,20.18,82.54,30.51071499828159,Normal,False,2021,31.464055567294917,NO ALERT,80.996,86.91928699690686
2021-08-29,27.83,19.0,75.42,31.041090862526087,Normal,False,2021,30.65910531272534,NO ALERT,82.094,87.87396355254695
2021-08-30,27.12,18.14,79.32,29.93989998933758,Normal,False,2021,30.49723528338173,NO ALERT,80.816,85.89181998080764
2021-08-31,26.66,18.78,78.17,28.86802781683932,Normal,False,2021,29.94967288956764,NO ALERT,79.988,83.96245007031078
2021-09-01,28.74,18.75,78.29,33.68830342241273,Normal,False,2021,30.832077076196523,NO ALERT,83.732,92.63894616034291
2021-09-02,25.56,20.53,85.29,26.905045112256712,Normal,False,2021,29.820458783836234,NO ALERT,78.008,80.42908120206208
2021-09-03,27.28,18.97,81.99,30.594729552291753,Normal,False,2021,30.39602602898705,NO ALERT,81.104,87.07051319412516
2021-09-04,25.06,20.44,87.0,25.85538564533304,Normal,False,2021,27.78505343662715,NO ALERT,77.108,78.53969416159947
2021-09-05,27.72,19.18,81.09,31.560357565961276,Normal,False,2021,29.33682425452867,NO ALERT,81.896,88.8086436187303
2021-09-06,26.92,19.16,78.49,29.4300367822153,Normal,False,2021,28.94859333116985,NO ALERT,80.456,84.97406620798753
2021-09-07,27.89,19.08,80.6,31.914465649958224,Normal,False,2021,30.968286666044914,NO ALERT,82.202,89.4460381699248
2021-09-08,29.41,19.82,79.56,35.79944285740304,Normal,False,2021,32.3813150965255,YELLOW ALERT,84.938,96.43899714332547
2021-09-09,28.95,19.44,79.29,34.451235717937294,Normal,False,2021,34.0550480750995,YELLOW ALERT,84.11,94.01222429228713
2021-09-10,27.86,19.66,81.15,31.920368537799554,Normal,False,2021,34.05701570437994,YELLOW ALERT,82.148,89.4566633680392
2021-09-11,28.16,19.53,81.96,32.8286555509832,Normal,False,2021,33.06675326890666,YELLOW ALERT,82.688,91.09157999176976
2021-09-12,28.29,19.76,82.38,33.25272051043946,Normal,False,2021,32.66724819974072,YELLOW ALERT,82.922,91.85489691879103
2021-09-13,28.53,20.08,81.52,33.75190655748062,Normal,False,2021,33.27776087296774,YELLOW ALERT,83.354,92.75343180346513
2021-09-14,29.55,20.22,80.57,36.46060507629772,Normal,False,2021,34.488410714739246,YELLOW ALERT,85.19,97.6290891373359
2021-09-15,28.66,19.77,81.64,34.135641448683586,Normal,False,2021,34.78271769415395,YELLOW ALERT,83.588,93.44415460763045
2021-09-16,28.14,19.98,81.77,32.74357852825082,Normal,False,2021,34.44660835107735,YELLOW ALERT,82.652,90.93844135085149
2021-09-17,29.42,19.96,77.17,35.25681096763327,Normal,False,2021,34.0453436481892,YELLOW ALERT,84.956,95.46225974173989
2021-09-18,30.23,19.46,72.89,36.36100000786108,Normal,False,2021,34.7871298345817,YELLOW ALERT,86.414,97.44980001414994
2021-09-19,28.95,20.27,77.01,33.97621093458269,Normal,False,2021,35.19800730335899,YELLOW ALERT,84.11,93.15717968224884
2021-09-20,27.79,20.8,83.24,32.04777030808325,Normal,False,2021,34.128327083508985,YELLOW ALERT,82.02199999999999,89.68598655454986
2021-09-21,27.91,20.53,82.42,32.24062868783506,Normal,False,2021,32.754869976833646,YELLOW ALERT,82.238,90.03313163810311
2021-09-22,28.49,19.22,81.96,33.72551170465565,Normal,False,2021,32.671303566857965,YELLOW ALERT,83.282,92.70592106838018
2021-09-23,27.27,20.53,83.71,30.76637653270033,Normal,False,2021,32.24417230839699,YELLOW ALERT,81.086,87.37947775886059
2021-09-24,27.94,20.67,81.54,32.18359167012232,Normal,False,2021,32.225159969159414,YELLOW ALERT,82.292,89.93046500622017
2021-09-25,27.92,20.43,85.68,32.78048599267626,Normal,False,2021,31.910151398499618,NO ALERT,82.256,91.00487478681727
2021-09-26,25.66,19.72,84.12,27.097469193541897,Normal,False,2021,30.687182285446806,NO ALERT,78.188,80.77544454837542
2021-09-27,28.07,19.94,80.97,32.429493039592124,Normal,False,2021,30.769149408603408,NO ALERT,82.526,90.37308747126582
2021-09-28,27.4,18.89,82.2,30.912197339866225,Normal,False,2021,30.146386524333394,NO ALERT,81.32,87.64195521175921
2021-09-29,28.16,18.71,81.19,32.69957103823293,Normal,False,2021,32.013753805897075,YELLOW ALERT,82.688,90.85922786881927
2021-09-30,29.1,18.45,74.0,33.7370596941311,Normal,False,2021,32.44960935741006,YELLOW ALERT,84.38000000000001,92.72670744943598
2021-10-01,28.68,20.09,81.62,34.18754569589819,Normal,False,2021,33.541392142754056,YELLOW ALERT,83.624,93.53758225261673
2021-10-02,27.09,20.26,87.18,30.68441260024881,Normal,False,2021,32.86967266342601,YELLOW ALERT,80.762,87.23194268044786
2021-10-03,27.54,19.91,85.04,31.6351860973257,Normal,False,2021,32.169048131157545,YELLOW ALERT,81.572,88.94333497518626
2021-10-04,28.6,18.91,85.58,34.763396194334824,Normal,False,2021,32.36099829730309,YELLOW ALERT,83.48,94.57411314980268
2021-10-05,26.32,20.56,88.83,28.798317317351334,Normal,False,2021,31.7322998696706,NO ALERT,79.376,83.8369711712324
2021-10-06,27.06,20.34,87.72,30.661134320350275,Normal,False,2021,31.407615944012125,NO ALERT,80.708,87.1900417766305
2021-10-07,29.57,19.9,81.74,36.823694243441,Normal,False,2021,32.09438196038085,YELLOW ALERT,85.226,98.2826496381938
2021-10-08,26.93,21.02,88.79,30.41559808297358,Normal,False,2021,32.6334755489216,YELLOW ALERT,80.474,86.74807654935245
2021-10-09,26.74,20.87,87.76,29.810396300315265,Normal,False,2021,32.34989620890993,YELLOW ALERT,80.132,85.65871334056747
2021-10-10,25.84,20.24,89.81,27.630684074914655,Normal,False,2021,29.285559486067815,NO ALERT,78.512,81.73523133484638
2021-10-11,27.5,19.78,85.27,31.55830852039692,Normal,False,2021,29.666462965208925,NO ALERT,81.5,88.80495533671446
2021-10-12,26.53,20.07,86.27,29.160545450508177,Normal,False,2021,29.449846015273234,NO ALERT,79.754,84.48898181091472
2021-10-13,27.81,19.96,85.71,32.47408615635157,Normal,False,2021,31.064313375752203,NO ALERT,82.05799999999999,90.45335508143282
2021-10-14,28.17,20.18,83.92,33.19145520518032,Normal,False,2021,31.608695604013338,NO ALERT,82.706,91.74461936932457
2021-10-15,27.19,20.21,84.61,30.665147138934817,Normal,False,2021,32.11022950015555,YELLOW ALERT,80.94200000000001,87.19726485008268
2021-10-16,28.24,20.08,83.48,33.309974858641404,Normal,False,2021,32.38885906758549,YELLOW ALERT,82.832,91.95795474555453
2021-10-17,25.72,20.79,87.75,27.29565833783524,Normal,False,2021,30.423593445137133,NO ALERT,78.29599999999999,81.13218500810343
2021-10-18,28.02,20.12,85.45,33.02787923034695,Normal,False,2021,31.211170808941176,NO ALERT,82.436,91.45018261462451
2021-10-19,27.57,20.0,82.51,31.376239911247367,Normal,False,2021,30.566592493143162,NO ALERT,81.626,88.47723184024525
2021-10-20,27.59,20.44,86.28,31.94203962858934,Normal,False,2021,32.11538625672787,YELLOW ALERT,81.662,89.49567133146081
2021-10-21,26.17,20.78,88.37,28.395139499707106,Normal,False,2021,30.571139679847914,NO ALERT,79.10600000000001,83.1112510994728
2021-10-22,28.01,20.18,85.09,32.93950804933162,Normal,False,2021,31.09222905920933,NO ALERT,82.418,91.29111448879692
2021-10-23,25.8,20.37,88.4,27.49729645535434,Normal,False,2021,29.61064800146433,NO ALERT,78.44,81.49513361963781
2021-10-24,26.38,19.04,87.19,28.85112370350853,Normal,False,2021,29.762642736064805,NO ALERT,79.484,83.93202266631536
2021-10-25,26.47,19.08,86.8,29.048879864187157,Normal,False,2021,28.465766674349982,NO ALERT,79.646,84.28798375553689
2021-10-26,26.98,19.34,85.29,30.20201570252646,Normal,False,2021,29.36733975674069,NO ALERT,80.564,86.36362826454763
2021-10-27,26.91,17.78,86.02,30.09421859765832,Normal,False,2021,29.781704721457288,NO ALERT,80.438,86.16959347578498
2021-10-28,26.71,17.35,82.96,29.34103984619263,Normal,False,2021,29.87909138212578,NO ALERT,80.078,84.81387172314673
2021-10-29,25.13,19.22,89.59,25.955834995854083,Normal,False,2021,28.463697813234987,NO ALERT,77.234,78.72050299253735
2021-10-30,24.87,19.72,91.17,25.328233868526315,Normal,False,2021,26.875036236857653,NO ALERT,76.766,77.59082096334737
2021-10-31,25.92,19.17,90.52,27.852677742002932,Normal,False,2021,26.378915535461086,NO ALERT,78.656,82.13481993560528
2021-11-01,25.56,19.32,90.32,26.954086197228605,Normal,False,2021,26.71166593591926,NO ALERT,78.008,80.51735515501149
2021-11-02,25.4,19.07,88.73,26.572684684289772,Normal,False,2021,27.12648287450708,NO ALERT,77.72,79.83083243172159
2021-11-03,25.61,18.65,89.69,27.06798063277437,Normal,False,2021,26.86491717143089,NO ALERT,78.098,80.72236513899387
2021-11-04,25.46,19.56,89.96,26.712733178579406,Normal,False,2021,26.784466165214493,NO ALERT,77.828,80.08291972144293
2021-11-05,26.36,18.89,88.21,28.86336923702988,Normal,False,2021,27.548027682794526,NO ALERT,79.44800000000001,83.95406462665377
2021-11-06,23.16,19.84,94.22,21.492248591210327,Normal,False,2021,25.689450335606512,NO ALERT,73.688,70.68604746417859
2021-11-07,25.55,19.55,91.85,26.941570476727986,Normal,False,2021,25.76572943498937,NO ALERT,77.99000000000001,80.49482685811037
2021-11-08,23.5,19.2,91.98,22.437453897904707,Normal,False,2021,23.623757655280983,NO ALERT,74.3,72.38741701622847
2021-11-09,24.87,17.8,88.63,25.416914899600695,Normal,False,2021,24.931979758077773,NO ALERT,76.766,77.75044681928125
2021-11-10,23.4,16.88,87.41,22.812218494426425,Normal,False,2021,23.555529097310586,NO ALERT,74.12,73.06199328996756
2021-11-11,20.92,17.27,92.44,18.564766634122993,Normal,False,2021,22.26463334271668,NO ALERT,69.656,65.41657994142139
2021-11-12,24.42,18.07,91.75,24.30721518878637,Normal,False,2021,21.894733439111906,NO ALERT,75.956,75.75298733981546
2021-11-13,26.84,19.94,89.61,30.245807326437184,Normal,False,2021,24.372596383115493,NO ALERT,80.312,86.44245318758693
2021-11-14,26.98,19.91,89.6,30.63672576877561,Normal,False,2021,28.396582761333033,NO ALERT,80.564,87.1461063837961
2021-11-15,26.97,19.46,89.48,30.596238982889954,Normal,False,2021,30.492924026034228,NO ALERT,80.54599999999999,87.07323016920192
2021-11-16,26.73,19.6,89.76,29.95509861040753,Normal,False,2021,30.396021120691007,NO ALERT,80.114,85.91917749873355
2021-11-17,25.64,18.86,90.68,27.153755178413014,Normal,False,2021,29.235030923903476,NO ALERT,78.152,80.87675932114342
2021-11-18,21.93,18.73,94.93,19.250973005919686,Normal,False,2021,25.45327559824672,NO ALERT,71.474,66.65175141065544
2021-11-19,25.85,20.39,93.61,27.75961485985332,Normal,False,2021,24.72144768139532,NO ALERT,78.53,81.96730674773598
2021-11-20,26.45,20.05,91.12,29.288605731962193,Normal,False,2021,25.433064532578374,NO ALERT,79.61,84.71949031753195
2021-11-21,27.63,18.11,83.09,31.60788371609797,Normal,False,2021,29.55203476930447,NO ALERT,81.734,88.89419068897635
2021-11-22,25.88,19.26,90.96,27.76398642287229,Normal,False,2021,29.553491956977457,NO ALERT,78.584,81.97517556117012
2021-11-23,26.62,19.43,89.62,29.643116422628843,Normal,False,2021,29.671662187199676,NO ALERT,79.916,85.35760956073192
2021-11-24,26.81,18.4,87.43,29.96510443696439,Normal,False,2021,29.124069094155146,NO ALERT,80.258,85.9371879865359
2021-11-25,25.72,19.48,88.96,27.31936397627208,Normal,False,2021,28.975861611955082,NO ALERT,78.29599999999999,81.17485515728974
2021-11-26,25.57,18.44,88.61,26.96180954717569,Normal,False,2021,28.082092653470696,NO ALERT,78.026,80.53125718491624
2021-11-27,24.28,18.94,90.29,24.1163137266294,Normal,False,2021,26.132495750025697,NO ALERT,75.70400000000001,75.40936470793292
2021-11-28,22.49,17.73,92.6,20.60116303493573,Normal,False,2021,23.89309543624692,NO ALERT,72.482,69.08209346288432
2021-11-29,24.06,18.19,91.13,23.60854615737499,Normal,False,2021,22.77534097298002,NO ALERT,75.30799999999999,74.49538308327499
2021-11-30,25.29,18.94,89.88,26.31568073154041,Normal,False,2021,23.508463307950354,NO ALERT,77.52199999999999,79.36822531677274
2021-12-01,25.9,19.02,88.75,27.747014655346838,Normal,False,2021,25.89041384808739,NO ALERT,78.62,81.94462637962431
2021-12-02,26.19,17.85,87.72,28.412672838721555,Normal,False,2021,27.491789408536246,NO ALERT,79.142,83.1428111096988
2021-12-03,24.19,17.52,83.82,24.39581339365689,Normal,False,2021,26.85183362924174,NO ALERT,75.542,75.9124641085824
2021-12-04,26.33,17.75,79.89,28.312211507209376,Normal,False,2021,27.04023257986258,NO ALERT,79.39399999999999,82.96198071297688
2021-12-05,26.86,18.05,82.07,29.612289038628514,Normal,False,2021,27.440104646498238,NO ALERT,80.348,85.30212026953133
2021-12-06,27.14,18.52,86.2,30.711032238889906,Normal,False,2021,29.545177594909244,NO ALERT,80.852,87.27985803000183
2021-12-07,26.08,17.15,85.9,28.06783467768364,Normal,False,2021,29.463718651733995,NO ALERT,78.94399999999999,82.52210241983055
2021-12-08,26.12,15.47,86.07,28.167776965097644,Normal,False,2021,28.98221462722371,NO ALERT,79.016,82.70199853717575
2021-12-09,26.28,17.9,89.59,28.738478611260494,Normal,False,2021,28.324696751347236,NO ALERT,79.304,83.72926150026889
2021-12-10,25.44,17.85,87.61,26.661363905903727,Normal,False,2021,27.85587316075393,NO ALERT,77.792,79.9904550306267
2021-12-11,25.3,18.21,88.69,26.34756579629939,Normal,False,2021,27.249136104487846,NO ALERT,77.54,79.4256184333389
2021-12-12,25.05,17.99,88.91,25.793357205215656,Normal,False,2021,26.26742896913957,NO ALERT,77.09,78.42804296938819
2021-12-13,25.7,18.08,89.04,27.273199369731614,Normal,False,2021,26.471374123748863,NO ALERT,78.25999999999999,81.09175886551691
2021-12-14,24.67,18.23,89.0,24.986526878362774,Normal,False,2021,26.017694484436657,NO ALERT,76.406,76.975748381053
2021-12-15,24.27,17.35,88.3,24.23669189237881,Normal,False,2021,25.498806046824374,NO ALERT,75.686,75.62604540628186
2021-12-16,25.02,15.87,87.39,25.764413867778774,Normal,False,2021,24.995877546173432,NO ALERT,77.036,78.3759449620018
2021-12-17,24.66,15.49,85.36,25.126289243741365,Normal,False,2021,25.04246500129963,NO ALERT,76.388,77.22732063873445
2021-12-18,23.92,13.71,84.01,23.954972726856596,Normal,False,2021,24.948558612792223,NO ALERT,75.05600000000001,75.11895090834187
2021-12-19,23.23,12.51,83.09,23.06272995349406,Normal,False,2021,24.04799730803065,NO ALERT,73.814,73.5129139162893
2021-12-20,23.8,11.65,83.88,23.78259409395066,Normal,False,2021,23.60009892476708,NO ALERT,74.84,74.80866936911119
2021-12-21,24.68,11.77,75.6,25.489785716962203,Normal,False,2021,24.111703254802283,NO ALERT,76.424,77.88161429053197
2021-12-22,25.35,10.77,79.44,26.466454987567023,Normal,False,2021,25.246278266159937,NO ALERT,77.63,79.63961897762064
2021-12-23,25.47,11.76,77.14,26.65343707062631,Normal,False,2021,26.20322592505182,NO ALERT,77.846,79.97618672712736
2021-12-24,25.72,10.64,74.4,27.007763924303713,Normal,False,2021,26.709218660832324,NO ALERT,78.29599999999999,80.61397506374668
2021-12-25,26.46,12.09,78.79,28.50854038933151,Normal,False,2021,27.389913794753824,NO ALERT,79.628,83.31537270079671
2021-12-26,25.82,13.01,81.89,27.37256983081737,Normal,False,2021,27.62962471481751,NO ALERT,78.476,81.27062569547127
2021-12-27,25.23,13.57,82.06,26.24915548222862,Normal,False,2021,27.37675523412581,NO ALERT,77.414,79.24847986801151
2021-12-28,24.78,13.7,84.69,25.37239273688789,Normal,False,2021,26.33137268331127,NO ALERT,76.604,77.6703069263982
2021-12-29,25.01,14.15,84.4,25.809461100172797,Normal,False,2021,25.810336439763077,NO ALERT,77.018,78.45702998031103
2021-12-30,24.87,13.76,84.93,25.53228549297627,Normal,False,2021,25.571379776678963,NO ALERT,76.766,77.95811388735729
2021-12-31,25.19,17.95,87.45,26.119951898481343,Normal,False,2021,25.82056616387678,NO ALERT,77.342,79.01591341726642
2022-01-01,25.35,17.72,86.7,26.46605135187767,Normal,False,2022,26.039429581111737,NO ALERT,77.63,79.63889243337981
2022-01-02,25.28,16.77,84.62,26.330090053686106,Normal,False,2022,26.30536443468168,NO ALERT,77.504,79.39416209663499
2022-01-03,25.83,14.68,83.33,27.431985516611242,Normal,False,2022,26.742708974058317,NO ALERT,78.494,81.37757392990024
2022-01-04,25.04,15.06,83.0,25.891579117933503,Normal,False,2022,26.551218229410264,NO ALERT,77.072,78.6048424122803
2022-01-05,25.82,13.58,79.82,27.316351912704434,Normal,False,2022,26.87997218241637,NO ALERT,78.476,81.16943344286798
2022-01-06,26.0,14.77,81.79,27.731344146395397,Normal,False,2022,26.979758392344422,NO ALERT,78.8,81.91641946351172
2022-01-07,26.07,15.89,82.7,27.9120167337901,Normal,False,2022,27.653237597629953,NO ALERT,78.926,82.24163012082218
2022-01-08,26.31,15.97,82.08,28.39184221294758,Normal,False,2022,28.01173436437767,NO ALERT,79.358,83.10531598330564
2022-01-09,26.76,16.08,81.46,29.334020420262757,Normal,False,2022,28.545959789000122,NO ALERT,80.168,84.80123675647296
2022-01-10,27.24,16.45,78.59,30.12941664936798,Normal,False,2022,29.28509309419275,NO ALERT,81.032,86.23294996886236
2022-01-11,27.55,15.45,78.68,30.836843543317393,Normal,False,2022,30.100093537649354,NO ALERT,81.59,87.50631837797131
2022-01-12,27.07,16.7,80.26,29.921641534862374,Normal,False,2022,30.29596724251589,NO ALERT,80.726,85.85895476275228
2022-01-13,27.51,17.19,78.77,30.75627982761493,Normal,False,2022,30.504921635264875,NO ALERT,81.518,87.36130368970687
2022-01-14,27.94,17.04,78.65,31.748468988920862,Normal,False,2022,30.808796783799366,NO ALERT,82.292,89.14724418005756
2022-01-15,27.68,17.26,78.47,31.10978330966106,Normal,False,2022,31.2048440420656,NO ALERT,81.824,87.99760995738991
2022-01-16,26.71,17.33,81.57,29.231278489747815,Normal,False,2022,30.696510262776556,NO ALERT,80.078,84.61630128154607
2022-01-17,26.71,17.38,81.32,29.211699895303973,Normal,False,2022,29.85092056490426,NO ALERT,80.078,84.58105981154715
2022-01-18,25.77,15.55,79.99,27.227239931468755,Normal,False,2022,28.556739438840157,NO ALERT,78.386,81.00903187664376
2022-01-19,26.75,15.61,73.19,28.672969912461653,Normal,False,2022,28.37063657974477,NO ALERT,80.15,83.61134584243098
2022-01-20,27.88,14.82,67.44,30.119175515910563,Normal,False,2022,28.6731284532803,NO ALERT,82.184,86.21451592863902
2022-01-21,29.75,13.08,65.72,33.500285048490326,Normal,False,2022,30.764143492287488,NO ALERT,85.55,92.30051308728258
2022-01-22,29.54,13.48,57.96,31.623048346934677,Normal,False,2022,31.747502970445165,NO ALERT,85.172,88.92148702448242
2022-01-23,29.02,13.17,64.62,31.81436096310377,Normal,False,2022,32.31256478617623,YELLOW ALERT,84.236,89.26584973358679
2022-01-24,28.33,12.75,66.75,30.846074242982745,Normal,False,2022,31.427827851007038,NO ALERT,82.994,87.52293363736894
2022-01-25,28.18,14.14,76.11,31.928818289376142,Normal,False,2022,31.529751165154195,NO ALERT,82.724,89.47187292087706
2022-01-26,26.97,18.11,80.37,29.70801592210196,Normal,False,2022,30.827636151486928,NO ALERT,80.54599999999999,85.47442865978353
2022-01-27,26.77,17.51,78.51,29.118578675292188,Normal,False,2022,30.251804295590073,NO ALERT,80.186,84.41344161552594
2022-01-28,26.76,15.69,78.16,29.07039776439787,Normal,False,2022,29.29899745393065,NO ALERT,80.168,84.32671597591617
2022-01-29,27.66,15.32,77.87,30.985493039087586,Normal,False,2022,29.72482315959253,NO ALERT,81.788,87.77388747035766
2022-01-30,29.9,15.59,74.07,35.79024924306657,Normal,False,2022,31.948713348850657,NO ALERT,85.82,96.42244863751982
2022-01-31,30.71,16.98,71.82,37.35514655025668,Normal,False,2022,34.710296277470256,YELLOW ALERT,87.27799999999999,99.23926379046202
2022-02-01,30.23,16.44,71.02,35.867462068872925,Normal,False,2022,36.3376192873987,YELLOW ALERT,86.414,96.56143172397127
2022-02-02,31.12,14.82,66.9,36.990865054148,Normal,False,2022,36.73782455775918,YELLOW ALERT,88.01599999999999,98.58355709746641
2022-02-03,30.43,13.93,67.0,35.32838129344043,Normal,False,2022,36.06223613882043,YELLOW ALERT,86.774,95.59108632819277
2022-02-04,31.03,15.89,62.05,35.43425325684202,Normal,False,2022,35.917833201476796,YELLOW ALERT,87.854,95.78165586231563
2022-02-05,30.41,15.75,70.77,36.26374029464868,Normal,False,2022,35.67545828164368,YELLOW ALERT,86.738,97.27473253036763
2022-02-06,29.32,17.95,73.19,34.105249307257466,Normal,False,2022,35.2677476195827,YELLOW ALERT,84.776,93.38944875306343
2022-02-07,29.87,16.25,70.56,34.85529949474185,Normal,False,2022,35.07476303221598,YELLOW ALERT,85.76599999999999,94.73953909053533
2022-02-08,29.68,15.59,68.92,34.03245135504309,Normal,False,2022,34.33100005234744,YELLOW ALERT,85.424,93.25841243907755
2022-02-09,29.55,15.42,69.93,33.952146285652454,Normal,False,2022,34.279965711812444,YELLOW ALERT,85.19,93.11386331417442
2022-02-10,30.02,13.05,61.69,33.21495179997968,Normal,False,2022,33.73318314689172,YELLOW ALERT,86.036,91.78691323996343
2022-02-11,29.54,13.1,63.44,32.611876085148246,Normal,False,2022,33.25965805692677,YELLOW ALERT,85.172,90.70137695326684
2022-02-12,29.54,14.4,69.79,33.898883176968305,Normal,False,2022,33.24190368736539,YELLOW ALERT,85.172,93.01798971854295
2022-02-13,29.04,14.37,66.81,32.233010190313394,Normal,False,2022,32.91458981747663,YELLOW ALERT,84.272,90.01941834256411
2022-02-14,29.73,14.95,66.47,33.61564460034433,Normal,False,2022,33.249179322541984,YELLOW ALERT,85.514,92.5081602806198
2022-02-15,28.89,15.76,69.04,32.317541754644566,Normal,False,2022,32.722065515100745,YELLOW ALERT,84.002,90.17157515836023
2022-02-16,30.23,14.82,64.86,34.352115597089295,Normal,False,2022,33.42843398402604,YELLOW ALERT,86.414,93.83380807476073
2022-02-17,29.91,15.78,64.87,33.66082910223564,Normal,False,2022,33.443495484656474,YELLOW ALERT,85.838,92.58949238402415
2022-02-18,30.24,15.42,65.25,34.46529414183476,Normal,False,2022,34.159412947053205,YELLOW ALERT,86.43199999999999,94.03752945530258
2022-02-19,30.93,14.3,62.19,35.24773760400088,Normal,False,2022,34.45795361602374,YELLOW ALERT,87.674,95.44592768720159
2022-02-20,32.66,14.86,59.66,38.547977329012554,Normal,False,2022,36.087003024949375,YELLOW ALERT,90.78799999999998,101.3863591922226
2022-02-21,33.42,16.33,61.61,41.23639993727804,Normal,False,2022,38.34403829009713,YELLOW ALERT,92.156,106.22551988710046
2022-02-22,32.89,17.38,60.34,39.35889218230562,Normal,False,2022,39.714423149532045,YELLOW ALERT,91.202,102.8460059281501
2022-02-23,31.86,17.12,61.42,37.17384487301323,Normal,False,2022,39.256378997532266,YELLOW ALERT,89.348,98.91292077142381
2022-02-24,31.78,15.31,56.75,35.65398110405345,Normal,False,2022,37.39557271979074,YELLOW ALERT,89.204,96.1771659872962
2022-02-25,31.94,13.4,53.17,35.036665003044035,Normal,False,2022,35.95483032670355,YELLOW ALERT,89.492,95.06599700547926
2022-02-26,32.01,10.76,56.4,36.047993687084244,Normal,False,2022,35.57954659806055,YELLOW ALERT,89.618,96.88638863675163
2022-02-27,32.14,16.98,59.55,37.26458983907418,Normal,False,2022,36.1164161764008,YELLOW ALERT,89.852,99.07626171033353
2022-02-28,32.43,14.73,52.8,35.92255809908622,Normal,False,2022,36.411713875081524,YELLOW ALERT,90.374,96.66060457835519
2022-03-01,32.45,15.68,48.7,34.874956012047555,Normal,False,2022,36.02070131673596,YELLOW ALERT,90.41,94.7749208216856
2022-03-02,32.34,14.21,39.4,32.66094612333563,Normal,False,2022,34.486153411489774,YELLOW ALERT,90.21200000000002,90.78970302200413
2022-03-03,31.17,14.97,45.21,31.987675957602068,Normal,False,2022,33.17452603099506,YELLOW ALERT,88.10600000000001,89.57781672368372
2022-03-04,32.21,15.4,43.06,33.17781157746808,Normal,False,2022,32.60881121946857,YELLOW ALERT,89.978,91.72006083944254
2022-03-05,31.33,16.03,51.78,33.55719060614556,Normal,False,2022,32.90755938040521,YELLOW ALERT,88.39399999999999,92.40294309106201
2022-03-06,31.11,17.32,54.78,33.823398021490526,Normal,False,2022,33.5194667350347,YELLOW ALERT,87.998,92.88211643868294
2022-03-07,28.01,15.68,59.7,29.43127212579989,Normal,False,2022,32.2706202511453,YELLOW ALERT,82.418,84.9762898264398
2022-03-08,33.79,16.41,53.36,39.07817356441282,Normal,False,2022,34.11094790390106,YELLOW ALERT,92.822,102.34071241594307
2022-03-09,34.98,17.16,44.22,38.52317986637109,Normal,False,2022,35.67754185219457,YELLOW ALERT,94.964,101.34172375946795
2022-03-10,33.86,18.67,41.48,35.56818934165905,Normal,False,2022,37.723180924147634,YELLOW ALERT,92.94800000000001,96.02274081498629
2022-03-11,33.99,17.48,34.3,34.091935508918596,Normal,False,2022,36.061101572316225,YELLOW ALERT,93.182,93.36548391605348
2022-03-12,34.64,17.67,32.46,34.669185358806025,Normal,False,2022,34.7764367364612,YELLOW ALERT,94.352,94.40453364585085
2022-03-13,33.08,18.77,36.01,33.09939707142866,Normal,False,2022,33.95350597971774,YELLOW ALERT,91.544,91.57891472857159
2022-03-14,35.42,18.96,38.04,37.39997406232831,Normal,False,2022,35.05618549752098,YELLOW ALERT,95.756,99.31995331219096
2022-03-15,35.44,19.18,35.15,36.602882333080544,Normal,False,2022,35.70075115561249,YELLOW ALERT,95.792,97.88518819954497
2022-03-16,35.92,17.6,35.88,37.649846345086445,Normal,False,2022,37.21756758016508,YELLOW ALERT,96.656,99.76972342115559
2022-03-17,36.65,19.08,29.87,37.14867102946924,Normal,False,2022,37.13379990254539,YELLOW ALERT,97.97,98.86760785304463
2022-03-18,37.36,18.99,31.9,38.95485481743107,Normal,False,2022,37.917790730662226,YELLOW ALERT,99.248,102.11873867137592
2022-03-19,36.8,20.09,36.58,39.51647199543687,Normal,False,2022,38.53999928077904,YELLOW ALERT,98.24,103.12964959178638
2022-03-20,32.54,23.84,48.15,34.90301814234266,Normal,False,2022,37.79144831840352,YELLOW ALERT,90.572,94.82543265621679
2022-03-21,35.09,21.69,51.93,41.67258573313439,Normal,False,2022,38.697358623637946,YELLOW ALERT,95.162,107.0106543196419
2022-03-22,34.16,21.8,56.67,41.238454831414316,Normal,False,2022,39.2713529022971,YELLOW ALERT,93.48799999999999,106.22921869654576
2022-03-23,35.59,21.71,52.03,42.98967763418628,Normal,False,2022,41.966906066244974,ORANGE ALERT,96.06200000000001,109.3814197415353
2022-03-24,35.84,21.21,51.73,43.50725380079459,Normal,False,2022,42.578462088798375,ORANGE ALERT,96.51200000000001,110.31305684143027
2022-03-25,36.17,19.61,53.24,45.11690846022999,Normal,False,2022,43.871279965070265,ORANGE ALERT,97.10600000000001,113.21043522841398
2022-03-26,36.47,20.73,51.98,45.32276437738499,Normal,False,2022,44.648975546136505,ORANGE ALERT,97.646,113.58097587929299
2022-03-27,37.29,20.39,50.86,47.035496820526156,Normal,False,2022,45.8250565527137,ORANGE ALERT,99.122,116.66389427694708
2022-03-28,37.58,20.96,49.78,47.268977660624714,Normal,False,2022,46.54241295284527,ORANGE ALERT,99.64399999999999,117.08415978912448
2022-03-29,38.25,22.01,43.79,45.87436309587793,Normal,False,2022,46.72627919234291,ORANGE ALERT,100.85,114.57385357258028
2022-03-30,37.71,22.42,40.92,43.17811044683281,Normal,False,2022,45.44048373444513,ORANGE ALERT,99.878,109.72059880429906
2022-03-31,36.79,23.77,39.91,40.73205364241556,Normal,False,2022,43.26150906170875,ORANGE ALERT,98.22200000000001,105.31769655634801
2022-04-01,37.4,23.22,44.58,44.138235133750705,Normal,False,2022,42.68279974099968,ORANGE ALERT,99.32,111.44882324075127
2022-04-02,37.16,21.46,47.76,45.0749192962263,Normal,False,2022,43.31506935746416,ORANGE ALERT,98.88799999999999,113.13485473320733
2022-04-03,37.12,20.84,48.64,45.409585402210254,Normal,False,2022,44.87424661072907,ORANGE ALERT,98.816,113.73725372397845
2022-04-04,37.35,20.56,48.32,45.86164205478038,Normal,False,2022,45.448715584405626,ORANGE ALERT,99.23,114.55095569860468
2022-04-05,36.62,18.98,45.53,42.67955971416523,Normal,False,2022,44.65026239038527,ORANGE ALERT,97.916,108.82320748549742
2022-04-06,37.04,18.68,42.24,42.23023394090434,Normal,False,2022,43.590478569949966,ORANGE ALERT,98.672,108.01442109362782
2022-04-07,35.48,19.88,47.83,40.94773246433974,Normal,False,2022,41.95250870646975,ORANGE ALERT,95.864,105.70591843581153
2022-04-08,36.52,19.67,52.89,45.92240472344023,Normal,False,2022,43.033457042894746,ORANGE ALERT,97.736,114.66032850219241
2022-04-09,35.67,19.91,54.73,44.448866139498094,Normal,False,2022,43.77300110909266,ORANGE ALERT,96.206,112.00795905109656
2022-04-10,37.04,19.77,47.67,44.718204716700406,Normal,False,2022,45.02982519321289,ORANGE ALERT,98.672,112.49276849006074
2022-04-11,36.8,18.8,47.06,43.8145752840487,Normal,False,2022,44.32721538008238,ORANGE ALERT,98.24,110.86623551128767
2022-04-12,37.51,19.18,48.49,46.382713309847254,Normal,False,2022,44.97183110353209,ORANGE ALERT,99.518,115.48888395772505
2022-04-13,33.84,22.9,58.28,41.044314437913016,Normal,False,2022,43.747201010602964,ORANGE ALERT,92.912,105.87976598824342
2022-04-14,34.84,21.04,57.19,43.28293707575162,Normal,False,2022,43.56998827450394,ORANGE ALERT,94.71200000000002,109.90928673635293
2022-04-15,36.29,20.79,51.95,44.814647367359505,Normal,False,2022,43.04729962700802,ORANGE ALERT,97.322,112.66636526124711
2022-04-16,36.75,22.83,50.76,45.47961736063566,Normal,False,2022,44.52573393458224,ORANGE ALERT,98.15,113.86331124914418
2022-04-17,33.63,22.61,65.43,43.43711771481436,Normal,False,2022,44.57712748093649,ORANGE ALERT,92.534,110.18681188666585
2022-04-18,34.78,19.9,57.79,43.38511550468619,Normal,False,2022,44.100616860045385,ORANGE ALERT,94.604,110.09320790843515
2022-04-19,34.3,21.54,63.75,44.71884164368245,Normal,False,2022,43.84702495439431,ORANGE ALERT,93.74,112.49391495862842
2022-04-20,36.18,20.54,57.2,47.1807894132107,Normal,False,2022,45.09491552052643,ORANGE ALERT,97.124,116.92542094377924
2022-04-21,35.27,21.68,60.82,46.27699521878115,Normal,False,2022,46.05887542522475,ORANGE ALERT,95.486,115.29859139380608
2022-04-22,35.45,21.53,60.76,46.80622606539659,Normal,False,2022,46.75467023246279,ORANGE ALERT,95.81,116.25120691771386
2022-04-23,31.63,21.83,65.38,37.827801386060486,Normal,False,2022,43.637007556746056,ORANGE ALERT,88.934,100.09004249490887
2022-04-24,36.58,19.99,50.25,44.76759964922917,Normal,False,2022,43.13387570022872,ORANGE ALERT,97.844,112.5816793686125
2022-04-25,36.08,20.44,53.72,45.10247815554923,Normal,False,2022,42.56595973027961,ORANGE ALERT,96.94399999999999,113.18446067998862
2022-04-26,37.51,20.39,48.75,46.520126076289785,Normal,False,2022,45.46340129368937,ORANGE ALERT,99.518,115.73622693732162
2022-04-27,37.68,20.9,52.09,48.860204496513404,Normal,False,2022,46.82760290945078,ORANGE ALERT,99.824,119.94836809372413
2022-04-28,38.07,20.8,51.47,49.666944634775035,Normal,False,2022,48.34909173585939,ORANGE ALERT,100.526,121.40050034259507
2022-04-29,38.81,21.61,49.23,50.52557673700536,Normal,False,2022,49.684241956097914,ORANGE ALERT,101.858,122.94603812660964
2022-04-30,38.33,22.83,47.92,48.34421269164763,Normal,False,2022,49.51224468780932,ORANGE ALERT,100.994,119.01958284496573
2022-05-01,36.86,24.52,47.23,44.04578856972743,Normal,False,2022,47.638525999460114,ORANGE ALERT,98.348,111.28241942550937
2022-05-02,35.67,23.07,56.25,45.18440390805066,Normal,False,2022,45.85813505647522,ORANGE ALERT,96.206,113.3319270344912
2022-05-03,35.84,23.53,58.24,46.695748042680485,Normal,False,2022,45.30864684015284,ORANGE ALERT,96.51200000000001,116.05234647682487
2022-05-04,36.02,22.47,60.9,48.703752835707995,Normal,False,2022,46.861301595479695,ORANGE ALERT,96.836,119.66675510427439
2022-05-05,33.26,22.84,65.17,42.224041549460495,Normal,False,2022,45.874514142616306,ORANGE ALERT,91.868,108.0032747890289
2022-05-06,33.67,21.86,62.51,42.30190746166332,Normal,False,2022,44.40990061561058,ORANGE ALERT,92.60600000000001,108.14343343099398
2022-05-07,35.22,21.56,62.16,46.80829972145103,Normal,False,2022,43.77808291085827,ORANGE ALERT,95.396,116.25493949861185
2022-05-08,34.86,21.72,62.6,45.898075399361716,Normal,False,2022,45.00276086082533,ORANGE ALERT,94.748,114.6165357188511
2022-05-09,33.51,22.74,63.4,42.21543844046627,Normal,False,2022,44.97393785375965,ORANGE ALERT,92.318,107.9877891928393
2022-05-10,31.51,22.78,65.69,37.61768407655052,Normal,False,2022,41.910399305459485,ORANGE ALERT,88.718,99.71183133779093
2022-05-11,30.53,22.32,70.12,36.39683790004568,Normal,False,2022,38.7433201390208,YELLOW ALERT,86.954,97.51430822008223
2022-05-12,31.49,21.47,73.64,40.19134886534412,Normal,False,2022,38.06862361398009,YELLOW ALERT,88.68199999999999,104.34442795761942
2022-05-13,32.32,21.03,73.26,42.65356876010202,Normal,False,2022,39.74725184183058,YELLOW ALERT,90.176,108.77642376818363
2022-05-14,32.64,22.14,72.48,43.36961041203281,Normal,False,2022,42.07150934582629,ORANGE ALERT,90.752,110.06529874165906
2022-05-15,28.73,22.89,79.88,33.976026321438354,Normal,False,2022,39.999735164524374,YELLOW ALERT,83.714,93.15684737858903
2022-05-16,30.01,22.28,79.99,37.694878235062006,Normal,False,2022,38.34683832284437,YELLOW ALERT,86.018,99.8507808231116
2022-05-17,29.83,21.37,72.51,35.2224788776888,Normal,False,2022,35.63112781139637,YELLOW ALERT,85.69399999999999,95.40046197983983
2022-05-18,29.51,21.11,77.32,35.538766243358346,Normal,False,2022,36.15204111870303,YELLOW ALERT,85.11800000000001,95.96977923804502
2022-05-19,26.4,20.6,86.04,28.828740724292768,Normal,False,2022,33.19666194844662,YELLOW ALERT,79.52,83.89173330372698
2022-05-20,26.64,19.36,82.19,29.122318429392028,Normal,False,2022,31.163275132347692,NO ALERT,79.952,84.42017317290565
2022-05-21,29.84,18.48,74.61,35.76656047618314,Normal,False,2022,31.23920654328929,NO ALERT,85.712,96.37980885712965
2022-05-22,31.59,20.13,74.02,40.634205221175975,Normal,False,2022,35.17436137558369,YELLOW ALERT,88.862,105.14156939811676
2022-05-23,32.62,19.82,73.36,43.678924368918004,Normal,False,2022,40.02656335542569,YELLOW ALERT,90.716,110.62206386405241
2022-05-24,33.49,21.28,70.28,45.19123547235412,Normal,False,2022,43.16812168748268,ORANGE ALERT,92.28200000000001,113.34422385023741
2022-05-25,32.05,21.37,70.77,40.84156444148539,Normal,False,2022,43.237241427585815,ORANGE ALERT,89.69,105.5148159946737
2022-05-26,31.55,21.66,69.66,38.99972395742519,Normal,False,2022,41.67750795708822,ORANGE ALERT,88.78999999999999,102.19950312336535
2022-05-27,29.66,21.59,72.28,34.74104479885279,Normal,False,2022,38.1941110659211,YELLOW ALERT,85.388,94.53388063793503
2022-05-28,30.13,20.67,69.7,35.28216921246505,Normal,False,2022,36.340979322914315,YELLOW ALERT,86.23400000000001,95.50790458243709
2022-05-29,32.13,19.06,68.28,40.160556029572525,Normal,False,2022,36.727923346963436,YELLOW ALERT,89.834,104.28900085323055
2022-05-30,32.13,20.19,67.09,39.7340222059844,Normal,False,2022,38.392249149340635,YELLOW ALERT,89.834,103.52123997077192
2022-05-31,27.02,20.97,77.67,29.565962127848536,Normal,False,2022,36.4868467878018,YELLOW ALERT,80.636,85.21873183012737
2022-06-01,27.98,20.0,80.9,32.18752643622642,Normal,False,2022,33.82917025668643,YELLOW ALERT,82.364,89.93754758520757
2022-06-02,31.35,20.39,71.69,39.108250211514935,Normal,False,2022,33.620579591863276,YELLOW ALERT,88.43,102.39485038072688
2022-06-03,30.8,21.08,73.16,38.005907979333536,Normal,False,2022,36.43389487569161,YELLOW ALERT,87.44,100.41063436280037
2022-06-04,28.87,21.29,74.39,33.25762613696491,Normal,False,2022,36.79059477593777,YELLOW ALERT,83.966,91.86372704653684
2022-06-05,30.64,20.73,70.47,36.78000960853142,Normal,False,2022,36.01451457494327,YELLOW ALERT,87.152,98.20401729535656
2022-06-06,29.28,20.8,73.91,34.161028274217806,Normal,False,2022,34.73288800657136,YELLOW ALERT,84.704,93.48985089359205
2022-06-07,28.9,21.46,77.87,34.02210547248731,Normal,False,2022,34.98771445174549,YELLOW ALERT,84.02,93.23978985047717
2022-06-08,31.26,21.01,72.22,39.02409011439721,Normal,False,2022,35.73574128703409,YELLOW ALERT,88.268,102.24336220591498
2022-06-09,32.24,20.4,68.77,40.65802230026788,Normal,False,2022,37.90140596238411,YELLOW ALERT,90.03200000000001,105.18444014048218
2022-06-10,32.55,20.06,69.15,41.723286330735554,Normal,False,2022,40.46846624846686,YELLOW ALERT,90.59,107.101915395324
2022-06-11,30.9,20.35,70.75,37.554362199856975,Normal,False,2022,39.97855694362011,YELLOW ALERT,87.61999999999999,99.59785195974256
2022-06-12,29.18,19.74,71.27,33.37551159489911,Normal,False,2022,37.55105337516386,YELLOW ALERT,84.524,92.0759208708184
2022-06-13,30.32,19.46,71.03,36.10097709597635,Normal,False,2022,35.67695029691078,YELLOW ALERT,86.576,96.98175877275743
2022-06-14,28.53,20.63,76.9,32.896802621403445,Normal,False,2022,34.12443043742628,YELLOW ALERT,83.354,91.2142447185262
2022-06-15,28.38,19.72,78.38,32.785152450555245,Normal,False,2022,33.92764405597833,YELLOW ALERT,83.084,91.01327441099944
2022-06-16,27.35,21.33,79.78,30.50838721977838,Normal,False,2022,32.063447430579004,YELLOW ALERT,81.23,86.91509699560109
2022-06-17,27.39,20.59,82.33,30.903225606177628,Normal,False,2022,31.398921758837062,NO ALERT,81.30199999999999,87.62580609111973
2022-06-18,26.28,20.17,84.74,28.47108061108609,Normal,False,2022,29.960897812347344,NO ALERT,79.304,83.24794509995496
2022-06-19,27.06,20.39,85.01,30.376813913549498,Normal,False,2022,29.917040043604384,NO ALERT,80.708,86.6782650443891
2022-06-20,28.07,19.87,79.86,32.252653718429094,Normal,False,2022,30.366849414354874,NO ALERT,82.526,90.05477669317237
2022-06-21,27.92,20.31,79.62,31.843412505484018,Normal,False,2022,31.490960045820845,NO ALERT,82.256,89.31814250987124
2022-06-22,25.78,19.64,85.01,27.369435596427582,Normal,False,2022,30.48850060678021,NO ALERT,78.404,81.26498407356965
2022-06-23,28.19,19.69,79.41,32.48185762033252,Normal,False,2022,30.56490190741469,NO ALERT,82.742,90.46734371659853
2022-06-24,26.28,20.16,83.05,28.37974390243365,Normal,False,2022,29.410345706397894,NO ALERT,79.304,83.08353902438057
2022-06-25,27.06,19.87,80.62,29.934414322974664,Normal,False,2022,30.26533861524693,NO ALERT,80.708,85.8819457813544
2022-06-26,29.04,19.98,78.46,34.517949429252525,Normal,False,2022,30.944035884886926,NO ALERT,84.272,94.13230897265454
2022-06-27,29.93,19.94,75.05,36.121516465029735,Normal,False,2022,33.524626739085626,YELLOW ALERT,85.874,97.01872963705353
2022-06-28,29.47,20.32,74.99,34.88327120710889,Normal,False,2022,35.1742457004637,YELLOW ALERT,85.046,94.78988817279601
2022-06-29,30.54,20.5,77.25,38.49897550268818,Normal,False,2022,36.50125439160892,YELLOW ALERT,86.97200000000001,101.29815590483872
2022-06-30,28.3,20.51,82.14,33.23728852265256,Normal,False,2022,35.53984507748319,YELLOW ALERT,82.94,91.82711934077462
2022-07-01,27.91,20.73,81.92,32.164129123543205,Normal,False,2022,34.6334643829613,YELLOW ALERT,82.238,89.89543242237777
2022-07-02,26.43,20.81,84.1,28.77752908435754,Normal,False,2022,31.39298224351775,NO ALERT,79.574,83.79955235184357
2022-07-03,29.14,20.74,80.52,35.25214225598344,Normal,False,2022,32.064600154628046,YELLOW ALERT,84.452,95.4538560607702
2022-07-04,26.34,20.1,82.62,28.487005308372545,Normal,False,2022,30.838892216237824,NO ALERT,79.412,83.27660955507058
2022-07-05,26.54,20.13,82.89,28.947757613787726,Normal,False,2022,30.89563505938122,NO ALERT,79.77199999999999,84.10596370481791
2022-07-06,28.08,20.21,80.42,32.367005527457216,Normal,False,2022,29.93392281653914,NO ALERT,82.544,90.26060994942299
2022-07-07,27.35,19.92,82.72,30.85082885972898,Normal,False,2022,30.72186400032462,NO ALERT,81.23,87.53149194751217
2022-07-08,26.45,19.71,82.88,28.745282984650075,Normal,False,2022,30.654372457278736,NO ALERT,79.61,83.74150937237013
2022-07-09,27.53,20.02,80.86,31.063576980287866,Normal,False,2022,30.219896274888953,NO ALERT,81.554,87.91443856451816
2022-07-10,27.27,19.95,79.78,30.32503023165497,Normal,False,2022,30.044630065530953,NO ALERT,81.086,86.58505441697895
2022-07-11,27.29,19.84,79.41,30.3298173591149,Normal,False,2022,30.57280819035256,NO ALERT,81.122,86.59367124640683
2022-07-12,27.38,20.13,78.5,30.430248575750497,Normal,False,2022,30.36169872217344,NO ALERT,81.28399999999999,86.7744474363509
2022-07-13,27.63,19.89,77.68,30.893065283714147,Normal,False,2022,30.551043739526495,NO ALERT,81.734,87.60751751068547
2022-07-14,27.52,19.51,75.66,30.405341148119515,Normal,False,2022,30.57621833586137,NO ALERT,81.536,86.72961406661513
2022-07-15,29.8,19.78,75.19,35.80486413914252,Normal,False,2022,32.367756856992045,YELLOW ALERT,85.64,96.44875545045655
2022-07-16,29.6,20.04,79.11,36.235530284508776,Normal,False,2022,34.14857852392359,YELLOW ALERT,85.28,97.2239545121158
2022-07-17,28.43,20.11,82.04,33.57498921423613,Normal,False,2022,35.205127879295794,YELLOW ALERT,83.174,92.43498058562504
2022-07-18,27.0,19.82,80.85,29.82048601988106,Normal,False,2022,33.210335172875304,YELLOW ALERT,80.6,85.67687483578591
2022-07-19,27.9,20.1,79.84,31.826793374204513,Normal,False,2022,31.740756202773884,NO ALERT,82.22,89.28822807356812
2022-07-20,28.81,20.47,80.68,34.35768938161391,Normal,False,2022,32.00165625856648,YELLOW ALERT,83.85799999999999,93.84384088690504
2022-07-21,28.11,20.4,82.12,32.72200293220865,Normal,False,2022,32.968828562675675,YELLOW ALERT,82.598,90.89960527797558
2022-07-22,25.9,21.0,85.59,27.64865752036144,Normal,False,2022,31.57611661139465,NO ALERT,78.62,81.76758353665059
2022-07-23,27.74,19.9,81.58,31.679091471089016,Normal,False,2022,30.683250641219683,NO ALERT,81.932,89.02236464796023
2022-07-24,28.38,19.33,79.12,32.91432167671479,Normal,False,2022,30.747356889388396,NO ALERT,83.084,91.24577901808662
2022-07-25,27.48,19.72,80.41,30.887414782563813,Normal,False,2022,31.826942643455855,NO ALERT,81.464,87.59734660861486
2022-07-26,23.85,20.05,88.25,23.473947545947155,Normal,False,2022,29.091894668408568,NO ALERT,74.93,74.25310558270488
2022-07-27,26.23,19.97,84.96,28.36819031263998,Normal,False,2022,27.576517547050297,NO ALERT,79.214,83.06274256275196
2022-07-28,28.75,20.08,79.55,33.9639357172856,Normal,False,2022,28.602024525290897,NO ALERT,83.75,93.13508429111408
2022-07-29,28.36,20.25,79.23,32.88249636023452,Normal,False,2022,31.738207463386686,NO ALERT,83.048,91.18849344842214
2022-07-30,29.05,20.65,78.09,34.46535397341362,Normal,False,2022,33.77059535031123,YELLOW ALERT,84.28999999999999,94.03763715214453
2022-07-31,28.48,20.83,82.74,33.84631841332262,Normal,False,2022,33.731389582323565,YELLOW ALERT,83.264,92.92337314398071
2022-08-01,28.38,21.03,80.53,33.164317787865286,Normal,False,2022,33.825330058200485,YELLOW ALERT,83.084,91.69577201815751
2022-08-02,29.09,21.26,82.11,35.471513482361644,Normal,False,2022,34.160716561183165,YELLOW ALERT,84.362,95.84872426825096
2022-08-03,26.23,20.65,83.51,28.29405049504316,Normal,False,2022,32.309960588423344,YELLOW ALERT,79.214,82.92929089107768
2022-08-04,27.28,19.27,79.14,30.277633451576694,Normal,False,2022,31.34773247632715,NO ALERT,81.104,86.49974021283805
2022-08-05,27.67,20.21,82.21,31.58959461682963,Normal,False,2022,30.05375952114981,NO ALERT,81.80600000000001,88.86127031029334
2022-08-06,28.03,19.24,83.91,32.8005832471653,Normal,False,2022,31.55593710519052,NO ALERT,82.45400000000001,91.04104984489754
2022-08-07,27.25,19.88,84.67,30.82586121260565,Normal,False,2022,31.738679692200176,NO ALERT,81.05,87.48655018269017
2022-08-08,27.1,19.96,83.34,30.30354486893688,Normal,False,2022,31.309996442902587,NO ALERT,80.78,86.54638076408638
2022-08-09,28.73,19.53,79.68,33.936157232463785,Normal,False,2022,31.68852110466875,NO ALERT,83.714,93.0850830184348
2022-08-10,28.97,18.31,79.11,34.467444870028984,Normal,False,2022,32.90238232380986,YELLOW ALERT,84.146,94.04140076605218
2022-08-11,29.46,18.73,79.53,35.935970161005656,Normal,False,2022,34.77985742116612,YELLOW ALERT,85.02799999999999,96.68474628981018
2022-08-12,29.75,18.9,79.16,36.686094078937316,Normal,False,2022,35.6965030366573,YELLOW ALERT,85.55,98.03496934208717
2022-08-13,27.44,19.27,80.62,30.817898785580308,Normal,False,2022,34.47998767517441,YELLOW ALERT,81.392,87.47221781404455
2022-08-14,29.22,18.36,76.09,34.48057415315356,Normal,False,2022,33.994855672557044,YELLOW ALERT,84.596,94.06503347567642
2022-08-15,30.17,18.86,76.27,37.12023419606677,Normal,False,2022,34.13956904493352,YELLOW ALERT,86.30600000000001,98.81642155292018
2022-08-16,28.94,20.17,76.19,33.78408309591631,Normal,False,2022,35.128297148378856,YELLOW ALERT,84.09200000000001,92.81134957264935
2022-08-17,29.13,20.1,78.74,34.82368189993379,Normal,False,2022,35.242666397305605,YELLOW ALERT,84.434,94.68262741988082
2022-08-18,26.19,20.32,86.64,28.359310338896126,Normal,False,2022,32.32235844491539,YELLOW ALERT,79.142,83.04675861001303
2022-08-19,27.51,19.46,83.71,31.379945852565683,Normal,False,2022,31.520979363798514,NO ALERT,81.518,88.48390253461824
2022-08-20,27.98,19.18,82.85,32.493355869505095,Normal,False,2022,30.744204020322282,NO ALERT,82.364,90.48804056510917
2022-08-21,27.74,19.05,84.16,32.04941528666413,Normal,False,2022,31.974239002911617,NO ALERT,81.932,89.68894751599544
2022-08-22,27.8,20.08,84.3,32.23230606143063,Normal,False,2022,32.25835907253327,YELLOW ALERT,82.04,90.01815091057513
2022-08-23,27.58,19.55,83.68,31.558066272737335,Normal,False,2022,31.946595873610676,NO ALERT,81.64399999999999,88.8045192909272
2022-08-24,27.39,19.98,83.78,31.07962277320069,Normal,False,2022,31.6233317024562,NO ALERT,81.30199999999999,87.94332099176124
2022-08-25,26.32,19.82,86.13,28.64224180010371,Normal,False,2022,30.426643615347228,NO ALERT,79.376,83.55603524018667
2022-08-26,25.84,20.28,89.81,27.630684074914655,Normal,False,2022,29.117516216073,NO ALERT,78.512,81.73523133484638
2022-08-27,24.83,20.04,90.81,25.252176526927755,Normal,False,2022,27.175034133982024,NO ALERT,76.69399999999999,77.45391774846996
2022-08-28,26.03,19.3,88.73,28.064314029918187,Normal,False,2022,26.982391543920176,NO ALERT,78.854,82.51576525385273
2022-08-29,26.2,19.82,91.11,28.60871398958271,Normal,False,2022,27.308401515476202,NO ALERT,79.16,83.49568518124889
2022-08-30,28.01,20.8,85.93,33.07948044365076,Normal,False,2022,29.917502821050533,NO ALERT,82.418,91.54306479857136
2022-08-31,26.91,20.32,88.64,30.34603127657576,Normal,False,2022,30.67807523660306,NO ALERT,80.438,86.62285629783636
2022-09-01,27.83,19.09,83.2,32.14777867537558,Normal,False,2022,31.85776346520068,NO ALERT,82.094,89.86600161567604
2022-09-02,26.98,20.37,86.0,30.272244915518723,Normal,False,2022,30.922018289156668,NO ALERT,80.564,86.4900408479337
2022-09-03,29.28,19.38,82.15,36.04689658992684,Normal,False,2022,32.82230672694036,YELLOW ALERT,84.704,96.88441386186831
2022-09-04,26.89,20.6,88.97,30.323178707067186,Normal,False,2022,32.21410673750423,YELLOW ALERT,80.402,86.58172167272093
2022-09-05,28.52,20.65,84.08,34.22150325499638,Normal,False,2022,33.530526183996784,YELLOW ALERT,83.336,93.59870585899348
2022-09-06,27.79,21.35,83.9,32.14551109685686,Normal,False,2022,32.230064352973464,YELLOW ALERT,82.02199999999999,89.86191997434234
2022-09-07,26.86,20.31,82.12,29.616680347027188,Normal,False,2022,31.994564899626795,NO ALERT,80.348,85.31002462464895
2022-09-08,26.12,19.64,89.09,28.303785643132958,Normal,False,2022,30.021992362338988,NO ALERT,79.016,82.94681415763932
2022-09-09,26.43,20.37,89.74,29.141960417155694,Normal,False,2022,29.020808802438598,NO ALERT,79.574,84.45552875088025
2022-09-10,26.64,19.74,89.06,29.65263952022158,Normal,False,2022,29.0327951935034,NO ALERT,79.952,85.37475113639884
2022-09-11,27.06,19.64,86.84,30.567869651882386,Normal,False,2022,29.787489863086538,NO ALERT,80.708,87.02216537338829
2022-09-12,26.93,19.21,86.21,30.163773941875395,Normal,False,2022,30.12809437132644,NO ALERT,80.474,86.29479309537571
2022-09-13,27.76,18.96,86.43,32.44248708034175,Normal,False,2022,31.058043558033162,NO ALERT,81.968,90.39647674461516
2022-09-14,25.99,19.5,87.99,27.93870349790748,Normal,False,2022,30.181654840041528,NO ALERT,78.782,82.28966629623346
2022-09-15,27.04,19.01,86.94,30.525149082415865,Normal,False,2022,30.302113220221685,NO ALERT,80.672,86.94526834834855
2022-09-16,27.64,19.5,86.17,32.06589166549267,Normal,False,2022,30.176581415271993,NO ALERT,81.752,89.7186049978868
2022-09-17,27.49,19.26,85.87,31.610648784921025,Normal,False,2022,31.40056317760984,NO ALERT,81.482,88.89916781285784
2022-09-18,26.82,19.41,86.18,29.879205590486396,Normal,False,2022,31.185248680300017,NO ALERT,80.276,85.78257006287552
2022-09-19,27.31,19.61,85.07,31.028668791847874,Normal,False,2022,30.839507722418418,NO ALERT,81.158,87.85160382532618
2022-09-20,26.72,17.96,81.96,29.284431683082826,Normal,False,2022,30.064102021805684,NO ALERT,80.096,84.71197702954909
2022-09-21,27.34,17.31,83.06,30.866231056244203,Normal,False,2022,30.393110510391622,NO ALERT,81.212,87.55921590123957
2022-09-22,26.94,18.47,80.72,29.67309981362884,Normal,False,2022,29.94125418431861,NO ALERT,80.492,85.41157966453191
2022-09-23,27.29,18.51,81.37,30.548582149345904,Normal,False,2022,30.362637673072967,NO ALERT,81.122,86.98744786882263
2022-09-24,27.79,18.62,82.95,32.00509066314997,Normal,False,2022,30.742257542041557,NO ALERT,82.02199999999999,89.60916319366996
2022-09-25,27.96,18.63,82.99,32.46200548831021,Normal,False,2022,31.671892766935347,NO ALERT,82.328,90.43160987895838
2022-09-26,26.63,20.45,88.78,29.603786719621453,Normal,False,2022,31.356960957027198,NO ALERT,79.934,85.28681609531861
2022-09-27,26.82,18.77,87.6,30.006704088106062,Normal,False,2022,30.690832098679227,NO ALERT,80.276,86.01206735859091
2022-09-28,25.03,20.1,90.06,25.721832531066955,Normal,False,2022,28.44410777959814,NO ALERT,77.054,78.29929855592052
2022-09-29,26.66,19.61,87.39,29.572017082923878,Normal,False,2022,28.43351790069895,NO ALERT,79.988,85.22963074926298
2022-09-30,24.66,19.36,89.87,24.924837622048326,Normal,False,2022,26.73956241201304,NO ALERT,76.388,76.86470771968699
2022-10-01,25.29,18.91,88.86,26.323923167572914,Normal,False,2022,26.94025929084836,NO ALERT,77.52199999999999,79.38306170163125
2022-10-02,25.56,18.16,86.47,26.91755941431842,Normal,False,2022,26.055440067979873,NO ALERT,78.008,80.45160694577315
2022-10-03,26.88,19.65,85.48,29.967523840363285,Normal,False,2022,27.736335474084857,NO ALERT,80.384,85.94154291265392
2022-10-04,26.22,20.38,87.91,28.496104111787126,Normal,False,2022,28.460395788822932,NO ALERT,79.196,83.29298740121683
2022-10-05,23.17,19.94,92.85,21.713251597959154,Normal,False,2022,26.725626516703173,NO ALERT,73.706,71.08385287632647
2022-10-06,26.12,18.98,88.78,28.28975698358975,Normal,False,2022,26.166370897778663,NO ALERT,79.016,82.92156257046155
2022-10-07,26.37,18.89,85.75,28.739144166249744,Normal,False,2022,26.2473842492662,NO ALERT,79.46600000000001,83.73045949924953
2022-10-08,26.36,19.42,87.48,28.819181641596856,Normal,False,2022,28.616027597145433,NO ALERT,79.44800000000001,83.87452695487434
2022-10-09,25.22,19.86,91.06,26.13912365241346,Normal,False,2022,27.899149820086674,NO ALERT,77.396,79.05042257434422
2022-10-10,27.0,20.19,89.44,30.67649168152679,Normal,False,2022,28.54493232517902,NO ALERT,80.6,87.21768502674823
2022-10-11,26.47,20.6,92.04,29.40792183004276,Normal,False,2022,28.74117905466099,NO ALERT,79.646,84.93425929407697
2022-10-12,27.64,20.14,87.88,32.31309305010875,Normal,False,2022,30.799168853892752,NO ALERT,81.752,90.16356749019575
2022-10-13,27.62,20.4,88.38,32.327561897854075,Normal,False,2022,31.349525592668513,NO ALERT,81.71600000000001,90.18961141613734
2022-10-14,29.11,19.7,83.16,35.7755539044969,Normal,False,2022,33.47206961748656,YELLOW ALERT,84.398,96.39599702809443
2022-10-15,26.9,20.19,89.85,30.436514222174992,Normal,False,2022,32.84654334150864,YELLOW ALERT,80.42,86.78572559991498
2022-10-16,27.8,20.24,88.41,32.865940446933806,Normal,False,2022,33.026002857868555,YELLOW ALERT,82.04,91.15869280448085
2022-10-17,27.22,20.45,88.73,31.21913295515919,Normal,False,2022,31.50719587475598,NO ALERT,80.996,88.19443931928654
2022-10-18,27.36,20.16,86.58,31.347105194063147,Normal,False,2022,31.810726198718697,NO ALERT,81.248,88.42478934931367
2022-10-19,27.34,19.89,85.92,31.21117503476148,Normal,False,2022,31.259137727994595,NO ALERT,81.212,88.18011506257066
2022-10-20,27.65,19.12,87.09,32.22679996980752,Normal,False,2022,31.59502673287737,NO ALERT,81.77,90.00823994565354
2022-10-21,26.48,19.76,89.46,29.2558292104607,Normal,False,2022,30.89793473834322,NO ALERT,79.664,84.66049257882926
2022-10-22,26.49,18.68,88.42,29.210017929633572,Normal,False,2022,30.23088236996725,NO ALERT,79.682,84.57803227334043
2022-10-23,25.5,16.55,84.26,26.771285659403347,Normal,False,2022,28.412377599832524,NO ALERT,77.9,80.18831418692602
2022-10-24,24.88,14.27,74.76,25.77862470369585,Normal,False,2022,27.253309430910907,NO ALERT,76.78399999999999,78.40152446665253
2022-10-25,25.85,14.34,70.19,27.087730611931168,Normal,False,2022,26.545880325010106,NO ALERT,78.53,80.7579151014761
2022-10-26,26.05,15.48,70.51,27.3866345512315,Normal,False,2022,26.750996622286163,NO ALERT,78.89,81.2959421922167
2022-10-27,26.11,13.9,81.31,27.935981083770717,Normal,False,2022,27.470115415644447,NO ALERT,78.998,82.28476595078729
2022-10-28,25.6,16.64,88.62,27.031516367356712,Normal,False,2022,27.451377334119627,NO ALERT,78.08,80.65672946124208
2022-10-29,26.41,17.34,88.85,29.03150545880812,Normal,False,2022,27.99966763664517,NO ALERT,79.538,84.25670982585461
2022-10-30,26.34,18.13,87.48,28.769497893197,Normal,False,2022,28.277506573120593,NO ALERT,79.412,83.7850962077546
2022-10-31,24.26,17.97,88.08,24.232995694008142,Normal,False,2022,27.344666348671073,NO ALERT,75.668,75.61939224921466
2022-11-01,24.16,18.51,92.04,23.735373573157418,Normal,False,2022,25.579289053454172,NO ALERT,75.488,74.72367243168335
2022-11-02,24.57,17.21,90.17,24.720248019548617,Normal,False,2022,24.22953909557138,NO ALERT,76.226,76.49644643518751
2022-11-03,25.04,15.72,87.87,25.79531846324362,Normal,False,2022,24.750313351983205,NO ALERT,77.072,78.43157323383852
2022-11-04,25.72,16.85,86.49,27.270551251777057,Normal,False,2022,25.928705911523085,NO ALERT,78.29599999999999,81.0869922531987
2022-11-05,26.52,16.34,86.28,29.136642883206637,Normal,False,2022,27.400837532742425,NO ALERT,79.736,84.44595718977195
2022-11-06,25.53,17.27,88.35,26.86749502071041,Normal,False,2022,27.75822971856469,NO ALERT,77.95400000000001,80.36149103727874
2022-11-07,25.74,15.57,84.55,27.27336091757008,Normal,False,2022,27.759166273829027,NO ALERT,78.332,81.09204965162614
2022-11-08,25.56,17.14,86.91,26.92206735192911,Normal,False,2022,27.020974430069852,NO ALERT,78.008,80.4597212334724
2022-11-09,26.41,17.29,86.03,28.852204650357862,Normal,False,2022,27.682544306619004,NO ALERT,79.538,83.93396837064415
2022-11-10,26.35,17.09,87.93,28.821246248480293,Normal,False,2022,28.19850608358907,NO ALERT,79.43,83.87824324726452
2022-11-11,23.12,18.58,89.6,22.0886522821449,Normal,False,2022,26.58736772699434,NO ALERT,73.616,71.75957410786081
2022-11-12,23.99,18.86,93.12,23.283884276372504,Normal,False,2022,24.731260935665887,NO ALERT,75.182,73.91099169747051
2022-11-13,24.6,17.12,90.98,24.74072205974538,Normal,False,2022,23.371086206087583,NO ALERT,76.28,76.53329970754169
2022-11-14,26.1,18.65,89.51,28.271983476719257,Normal,False,2022,25.43219660427903,NO ALERT,78.98,82.88957025809466
2022-11-15,26.57,18.48,87.89,29.378668019702136,Normal,False,2022,27.46379118538891,NO ALERT,79.826,84.88160243546385
2022-11-16,25.45,16.77,86.88,26.681134715703635,Normal,False,2022,28.11059540404166,NO ALERT,77.81,80.02604248826654
2022-11-17,24.96,13.75,78.04,25.840926519734055,Normal,False,2022,27.300243085046592,NO ALERT,76.928,78.5136677355213
2022-11-18,24.7,12.35,80.19,25.384299356652903,Normal,False,2022,25.968786864030182,NO ALERT,76.46,77.69173884197522
2022-11-19,23.97,13.13,80.38,24.297176342847596,Normal,False,2022,25.174134073078168,NO ALERT,75.146,75.73491741712567
2022-11-20,22.53,12.96,77.75,22.953964343979887,Normal,False,2022,24.21181334782678,NO ALERT,72.554,73.3171358191638
2022-11-21,20.33,14.18,91.96,18.13825143214303,Normal,False,2022,21.796464039656826,NO ALERT,68.594,64.64885257785745
2022-11-22,24.63,16.57,90.92,24.808699633141487,Normal,False,2022,21.966971803088125,NO ALERT,76.334,76.65565933965468
2022-11-23,25.96,18.66,90.24,27.94510959970543,Normal,False,2022,23.630686888329965,NO ALERT,78.72800000000001,82.30119727946978
2022-11-24,26.6,18.93,87.6,29.43409651432413,Normal,False,2022,27.395968582390335,NO ALERT,79.88,84.98137372578343
2022-11-25,26.47,17.32,87.09,29.0683653180725,Normal,False,2022,28.81585714403401,NO ALERT,79.646,84.3230575725305
2022-11-26,27.43,17.49,83.91,31.19860191260136,Normal,False,2022,29.900354581665983,NO ALERT,81.374,88.15748344268245
2022-11-27,27.66,17.99,85.18,31.97974087847347,Normal,False,2022,30.748902703049097,NO ALERT,81.788,89.56353358125224
2022-11-28,27.11,18.27,85.75,30.583424342047596,Normal,False,2022,31.253922377707465,NO ALERT,80.798,87.05016381568568
2022-11-29,26.11,15.58,83.94,28.050796387703134,Normal,False,2022,30.20465386940805,NO ALERT,78.998,82.49143349786564
2022-11-30,25.02,12.75,81.07,25.888795153098698,Normal,False,2022,28.174338627616464,NO ALERT,77.036,78.59983127557766
2022-12-01,26.64,16.63,88.07,29.57412603893222,Normal,False,2022,27.83790585991134,NO ALERT,79.952,85.23342687007799
2022-12-02,27.44,18.54,86.41,31.544699629692975,Normal,False,2022,29.00254027390795,NO ALERT,81.392,88.78045933344735
2022-12-03,27.01,18.06,86.6,30.41075450122581,Normal,False,2022,30.509860056616986,NO ALERT,80.618,86.73935810220647
2022-12-04,26.04,18.05,87.49,28.03940224046542,Normal,False,2022,29.998285457128052,NO ALERT,78.872,82.47092403283776
2022-12-05,27.11,17.66,86.41,30.654600065568008,Normal,False,2022,29.701585602419737,NO ALERT,80.798,87.17828011802241
2022-12-06,25.75,16.78,86.5,27.337785285586726,Normal,False,2022,28.677262530540037,NO ALERT,78.35,81.2080135140561
2022-12-07,25.14,14.97,80.56,26.101320617266975,Normal,False,2022,28.031235322807223,NO ALERT,77.252,78.98237711108055
2022-12-08,23.12,13.39,76.6,23.620381377846073,Normal,False,2022,25.686495760233242,NO ALERT,73.616,74.51668648012293
2022-12-09,20.82,14.23,85.7,20.190576205853,Normal,False,2022,23.304092733655335,NO ALERT,69.476,68.3430371705354
2022-12-10,23.61,16.98,93.11,22.51179683994947,Normal,False,2022,22.10758480788283,NO ALERT,74.498,72.52123431190904
2022-12-11,25.76,18.87,89.99,27.437496375547717,Normal,False,2022,23.37995647378338,NO ALERT,78.368,81.38749347598589
2022-12-12,23.04,18.65,93.83,21.328538464245394,Normal,False,2022,23.75927722658085,NO ALERT,73.472,70.3913692356417
2022-12-13,25.25,19.08,89.82,26.22428324682698,Normal,False,2022,24.996772695540017,NO ALERT,77.45,79.20370984428857
2022-12-14,26.18,17.76,87.63,28.3837851406189,Normal,False,2022,25.31220228389708,NO ALERT,79.124,83.09081325311402
2022-12-15,26.43,15.58,79.87,28.51451335839824,Normal,False,2022,27.707527248614696,NO ALERT,79.574,83.32612404511683
2022-12-16,26.74,14.76,77.12,28.949532236443545,Normal,False,2022,28.615943578486878,NO ALERT,80.132,84.10915802559838
2022-12-17,26.05,15.29,85.57,27.98556441836503,Normal,False,2022,28.483203337735592,NO ALERT,78.89,82.37401595305705
2022-12-18,25.99,16.67,87.79,27.931346382849178,Normal,False,2022,28.288814345885907,NO ALERT,78.782,82.27642348912852
2022-12-19,23.29,14.22,86.6,22.73896880229321,Normal,False,2022,26.21862653450246,NO ALERT,73.922,72.93014384412778
2022-12-20,25.96,13.15,82.06,27.659642560342856,Normal,False,2022,26.109985915161733,NO ALERT,78.72800000000001,81.78735660861715
2022-12-21,25.82,13.22,79.7,27.313071492349863,Normal,False,2022,25.9038942849953,NO ALERT,78.476,81.16352868622975
2022-12-22,24.6,12.32,84.43,25.05737723136292,Normal,False,2022,26.6766970946852,NO ALERT,76.28,77.10327901645326
2022-12-23,26.32,14.21,86.55,28.666340303700988,Normal,False,2022,27.01226300913791,NO ALERT,79.376,83.59941254666178
2022-12-24,26.08,16.18,86.12,28.07714178988706,Normal,False,2022,27.266953108316972,NO ALERT,78.94399999999999,82.53885522179671
2022-12-25,27.11,17.34,89.13,30.953536525872373,Normal,False,2022,29.232339539820128,NO ALERT,80.798,87.71636574657028
2022-12-26,26.3,18.42,87.69,28.68237674324694,Normal,False,2022,29.237685019668778,NO ALERT,79.34,83.62827813784449
2022-12-27,26.39,16.55,86.76,28.84919103986711,Normal,False,2022,29.495034769662126,NO ALERT,79.502,83.92854387176081
2022-12-28,27.0,17.66,85.86,30.309851351367715,Normal,False,2022,29.280473044827243,NO ALERT,80.6,86.55773243246189
2022-12-29,26.98,16.41,82.05,29.88845261892702,Normal,False,2022,29.682498336720602,NO ALERT,80.564,85.79921471406864
2022-12-30,26.74,15.13,78.74,29.07457246776025,Normal,False,2022,29.75762547935165,NO ALERT,80.132,84.33423044196846
2022-12-31,26.5,13.83,74.94,28.34459043780763,Normal,False,2022,29.10253850816495,NO ALERT,79.7,83.02026278805373
2023-01-01,26.07,13.25,77.44,27.69608588840593,Normal,False,2023,28.371749597991254,NO ALERT,78.926,81.85295459913067
2023-01-02,25.44,14.27,82.48,26.641377048124948,Normal,False,2023,27.56068445811282,NO ALERT,77.792,79.95447868662491
2023-01-03,25.25,14.49,82.01,26.285982431595365,Normal,False,2023,26.874481789375398,NO ALERT,77.45,79.31476837687165
2023-01-04,25.41,14.76,81.23,26.5791008135362,Normal,False,2023,26.50215343108549,NO ALERT,77.738,79.84238146436516
2023-01-05,24.94,14.58,82.4,25.72427021995742,Normal,False,2023,26.19645115502965,NO ALERT,76.892,78.30368639592335
2023-01-06,24.78,14.67,84.56,25.37677079309519,Normal,False,2023,25.893380608862923,NO ALERT,76.604,77.67818742757134
2023-01-07,24.97,15.34,85.19,25.71574692345114,Normal,False,2023,25.605595978834568,NO ALERT,76.946,78.28834446221205
2023-01-08,25.19,15.02,81.69,26.17930476538328,Normal,False,2023,25.75727416064319,NO ALERT,77.342,79.1227485776899
2023-01-09,24.84,12.41,74.24,25.73365979689125,Normal,False,2023,25.876237161908545,NO ALERT,76.712,78.32058763440425
2023-01-10,25.12,10.32,77.17,26.09768216512684,Normal,False,2023,26.00354890913378,NO ALERT,77.21600000000001,78.97582789722831
2023-01-11,26.34,10.74,71.46,27.87382726101866,Normal,False,2023,26.568389741012236,NO ALERT,79.412,82.17288906983359
2023-01-12,27.81,11.75,65.49,29.769281379704466,Normal,False,2023,27.91359693528331,NO ALERT,82.05799999999999,85.58470648346804
2023-01-13,27.84,10.89,70.83,30.463778926024833,Normal,False,2023,29.368962522249305,NO ALERT,82.112,86.8348020668447
2023-01-14,27.68,10.91,68.02,29.83317469920007,Normal,False,2023,30.02207833497644,NO ALERT,81.824,85.69971445856012
2023-01-15,27.66,11.31,65.89,29.564260698061034,Normal,False,2023,29.953738107761964,NO ALERT,81.788,85.21566925650987
2023-01-16,28.27,10.92,67.28,30.80901928961258,Normal,False,2023,30.06881822895788,NO ALERT,82.886,87.45623472130265
2023-01-17,28.02,9.56,69.05,30.57938836482518,Normal,False,2023,30.31755611749959,NO ALERT,82.436,87.04289905668533
2023-01-18,27.81,12.42,73.4,30.731976553392617,Normal,False,2023,30.706794735943447,NO ALERT,82.05799999999999,87.31755779610671
2023-01-19,27.31,12.65,70.38,29.42752160866847,Normal,False,2023,30.246295508962078,NO ALERT,81.158,84.96953889560325
2023-01-20,26.2,12.19,78.84,28.001338960826406,Normal,False,2023,29.38694570762915,NO ALERT,79.16,82.40241012948754
2023-01-21,26.82,14.14,76.47,29.056586899805577,Normal,False,2023,28.828482489766802,NO ALERT,80.276,84.30185641965004
2023-01-22,26.93,13.44,72.09,28.906789694683848,Normal,False,2023,28.654905185105264,NO ALERT,80.474,84.03222145043092
2023-01-23,27.63,14.6,79.79,31.16569492413848,Normal,False,2023,29.709690506209288,NO ALERT,81.734,88.09825086344927
2023-01-24,28.92,15.69,74.65,33.42875327083694,Normal,False,2023,31.167079296553073,NO ALERT,84.05600000000001,92.17175588750649
2023-01-25,28.34,14.11,71.56,31.576272271210794,Normal,False,2023,32.056906822062054,YELLOW ALERT,83.012,88.83729008817943
2023-01-26,28.06,13.31,73.4,31.256748630278917,Normal,False,2023,32.0872580574422,YELLOW ALERT,82.508,88.26214753450205
2023-01-27,27.94,13.2,70.34,30.59486666325385,Normal,False,2023,31.142629188247838,NO ALERT,82.292,87.07075999385692
2023-01-28,27.91,12.85,62.51,29.593427738141575,Normal,False,2023,30.481681010558095,NO ALERT,82.238,85.26816992865483
2023-01-29,27.55,12.69,70.58,29.884564523533154,Normal,False,2023,30.024286308309513,NO ALERT,81.59,85.79221614235968
2023-01-30,26.8,16.06,79.83,29.288454706368,Normal,False,2023,29.58881565601423,NO ALERT,80.24000000000001,84.7192184714624
2023-01-31,27.92,16.34,72.72,30.869247565927587,Normal,False,2023,30.014088931942897,NO ALERT,82.256,87.56464561866966
2023-02-01,28.33,15.75,67.89,31.008912008261063,Normal,False,2023,30.3888714268522,NO ALERT,82.994,87.81604161486992
2023-02-02,28.05,14.69,70.94,30.891462796369265,Normal,False,2023,30.923207456852623,NO ALERT,82.49000000000001,87.60463303346468
2023-02-03,28.88,15.42,73.31,33.07568062005417,Normal,False,2023,31.658685141561488,NO ALERT,83.98400000000001,91.53622511609751
2023-02-04,30.13,15.97,67.53,34.75424141447769,Normal,False,2023,32.90712827696703,YELLOW ALERT,86.23400000000001,94.55763454605984
2023-02-05,30.98,15.85,57.63,34.23006235211176,Normal,False,2023,34.01999479554786,YELLOW ALERT,87.764,93.61411223380117
2023-02-06,30.38,14.42,60.57,33.69682905792048,Normal,False,2023,34.22704427483663,YELLOW ALERT,86.684,92.65429230425687
2023-02-07,29.74,14.18,63.27,32.9768028668373,Normal,False,2023,33.6345647589565,YELLOW ALERT,85.532,91.35824516030715
2023-02-08,31.03,15.17,61.32,35.244808822193086,Normal,False,2023,33.972813582316945,YELLOW ALERT,87.854,95.44065587994756
2023-02-09,30.78,14.83,61.05,34.63673030562916,Normal,False,2023,34.28611399821983,YELLOW ALERT,87.404,94.34611455013248
2023-02-10,31.0,14.99,61.56,35.24060572327325,Normal,False,2023,35.04071495036515,YELLOW ALERT,87.8,95.43309030189184
2023-02-11,31.56,15.43,55.38,34.84279866106091,Normal,False,2023,34.906711563321096,YELLOW ALERT,88.80799999999999,94.71703758990964
2023-02-12,32.5,16.46,51.21,35.62694349153582,Normal,False,2023,35.23678262528998,YELLOW ALERT,90.5,96.12849828476448
2023-02-13,32.04,15.51,47.21,33.78752244132958,Normal,False,2023,34.752421531308755,YELLOW ALERT,89.672,92.81754039439325
2023-02-14,31.57,14.36,52.4,34.13743168129727,Normal,False,2023,34.51729920472087,YELLOW ALERT,88.826,93.44737702633509
2023-02-15,31.43,15.05,51.5,33.674739002239214,Normal,False,2023,33.86656437495534,YELLOW ALERT,88.574,92.61453020403059
2023-02-16,31.63,15.58,50.96,33.913802575792964,Normal,False,2023,33.9086577531098,YELLOW ALERT,88.934,93.04484463642733
2023-02-17,31.31,14.32,56.46,34.609569459431924,Normal,False,2023,34.06603701248802,YELLOW ALERT,88.35799999999999,94.29722502697747
2023-02-18,31.35,13.62,60.64,35.77343554321917,Normal,False,2023,34.76560252614801,YELLOW ALERT,88.43,96.39218397779452
2023-02-19,31.66,14.25,60.29,36.374976086912255,Normal,False,2023,35.58599369652111,YELLOW ALERT,88.988,97.47495695644207
2023-02-20,32.29,14.47,55.36,36.353852624038396,Normal,False,2023,36.1674214180566,YELLOW ALERT,90.122,97.4369347232691
2023-02-21,32.15,15.01,53.73,35.6055227199594,Normal,False,2023,36.11145047697,YELLOW ALERT,89.86999999999999,96.08994089592693
2023-02-22,32.66,14.56,51.75,36.098046942734186,Normal,False,2023,36.01914076224398,YELLOW ALERT,90.78799999999998,96.97648449692153
2023-02-23,32.37,13.3,48.87,34.76928277242329,Normal,False,2023,35.49095081170561,YELLOW ALERT,90.26599999999999,94.58470899036192
2023-02-24,33.05,12.66,46.17,35.3356706790527,Normal,False,2023,35.40100013140338,YELLOW ALERT,91.49,95.60420722229486
2023-02-25,33.33,14.43,37.44,33.7528606267087,Normal,False,2023,34.61927135939488,YELLOW ALERT,91.994,92.75514912807566
2023-02-26,32.74,14.88,41.46,33.68386909352034,Normal,False,2023,34.25746679976057,YELLOW ALERT,90.932,92.63096436833662
2023-02-27,31.82,13.31,46.92,33.35095371626996,Normal,False,2023,33.59589447883299,YELLOW ALERT,89.276,92.03171668928593
2023-02-28,32.09,12.81,47.31,33.896430221753285,Normal,False,2023,33.643751010514514,YELLOW ALERT,89.76200000000001,93.01357439915591
2023-03-01,32.43,17.06,54.0,36.26123833652238,Normal,False,2023,34.502874091515196,YELLOW ALERT,90.374,97.27022900574029
2023-03-02,31.93,13.57,43.08,32.74549538960346,Normal,False,2023,34.30105464929303,YELLOW ALERT,89.474,90.94189170128622
2023-03-03,32.41,14.23,41.76,33.22610006329477,Normal,False,2023,34.07761126314019,YELLOW ALERT,90.338,91.80698011393059
2023-03-04,32.78,14.46,39.04,33.24510890896309,Normal,False,2023,33.072234787287094,YELLOW ALERT,91.00399999999999,91.84119603613355
2023-03-05,33.04,14.47,36.84,33.19970324458448,Normal,False,2023,33.22363740561409,YELLOW ALERT,91.47200000000001,91.75946584025206
2023-03-06,32.95,15.11,35.94,32.90064465707028,Normal,False,2023,33.11515227020593,YELLOW ALERT,91.31,91.22116038272651
2023-03-07,33.06,15.05,37.3,33.3188912997385,Normal,False,2023,33.13974640046441,YELLOW ALERT,91.50800000000001,91.9740043395293
2023-03-08,31.16,16.2,44.97,31.93027983617872,Normal,False,2023,32.716605264329154,YELLOW ALERT,88.088,89.47450370512169
2023-03-09,30.78,15.14,47.59,31.819167367225596,Normal,False,2023,32.35611283438092,YELLOW ALERT,87.404,89.27450126100607
2023-03-10,32.43,15.09,47.95,34.65157194365065,Normal,False,2023,32.80033971568498,YELLOW ALERT,90.374,94.37282949857118
2023-03-11,32.99,15.5,50.67,36.46222870890389,Normal,False,2023,34.3109893399267,YELLOW ALERT,91.382,97.63201167602702
2023-03-12,33.18,14.57,53.09,37.60318868337112,Normal,False,2023,36.238996445308544,YELLOW ALERT,91.724,99.68573963006801
2023-03-13,34.21,16.14,49.04,38.526727578277125,Normal,False,2023,37.53071499018403,YELLOW ALERT,93.578,101.34810964089883
2023-03-14,34.7,17.34,39.94,36.64825200368864,Normal,False,2023,37.592722755112284,YELLOW ALERT,94.46000000000001,97.96685360663955
2023-03-15,35.15,19.35,46.66,39.74855713585998,Normal,False,2023,38.307845572608564,YELLOW ALERT,95.27,103.54740284454797
2023-03-16,34.21,20.8,50.41,39.00096299500767,Normal,False,2023,38.46592404485208,YELLOW ALERT,93.578,102.2017333910138
2023-03-17,28.93,20.43,72.73,33.082257807948885,Normal,False,2023,37.27725931293883,YELLOW ALERT,84.074,91.548064054308
2023-03-18,30.87,20.23,72.56,38.01993310001136,Normal,False,2023,36.70105130098929,YELLOW ALERT,87.566,100.43587958002044
2023-03-19,31.43,19.85,66.98,37.81109216755081,Normal,False,2023,36.304427691837,YELLOW ALERT,88.574,100.05996590159147
2023-03-20,32.97,18.5,60.86,39.75140421935726,Normal,False,2023,38.527476495639796,YELLOW ALERT,91.346,103.55252759484307
2023-03-21,33.45,15.77,49.42,37.03563319842689,Normal,False,2023,38.19937652844498,YELLOW ALERT,92.21000000000001,98.66413975716841
2023-03-22,33.75,17.44,56.23,40.02538539949842,Normal,False,2023,38.937474272427515,YELLOW ALERT,92.75,104.04569371909716
2023-03-23,34.57,19.89,58.63,43.17254356581447,Normal,False,2023,40.077854054579916,YELLOW ALERT,94.226,109.71057841846604
2023-03-24,33.96,20.55,58.42,41.41757459660452,Normal,False,2023,41.53850118730579,ORANGE ALERT,93.128,106.55163427388814
2023-03-25,33.66,20.63,63.55,42.71260711170266,Normal,False,2023,42.434241758040535,ORANGE ALERT,92.588,108.88269280106479
2023-03-26,32.42,22.05,61.99,38.7357212169243,Normal,False,2023,40.955300975077144,YELLOW ALERT,90.35600000000001,101.72429819046373
2023-03-27,35.88,20.17,54.18,44.76901709277891,Normal,False,2023,42.07244847380194,ORANGE ALERT,96.584,112.58423076700203
2023-03-28,36.22,20.55,54.5,45.88984815786628,Normal,False,2023,43.131528822523144,ORANGE ALERT,97.196,114.6017266841593
2023-03-29,36.31,20.71,51.24,44.524770737095814,Normal,False,2023,45.06121199591365,ORANGE ALERT,97.358,112.14458732677247
2023-03-30,34.26,21.94,47.91,38.25372970442149,Normal,False,2023,42.889449533127845,ORANGE ALERT,93.66799999999999,100.85671346795868
2023-03-31,34.01,22.65,46.82,37.381819201562365,Normal,False,2023,40.05343988102654,YELLOW ALERT,93.21799999999999,99.28727456281226
2023-04-01,32.85,22.69,49.42,35.82786372551249,Normal,False,2023,37.15447087716543,YELLOW ALERT,91.13000000000001,96.49015470592249
2023-04-02,35.42,21.27,50.52,41.90478832883365,Normal,False,2023,38.37149041863616,YELLOW ALERT,95.756,107.42861899190056
2023-04-03,36.43,20.8,48.16,43.392159904802384,Normal,False,2023,40.37493731971616,YELLOW ALERT,97.574,110.10588782864428
2023-04-04,33.25,21.88,58.46,39.595639125163,Normal,False,2023,41.630862452932995,ORANGE ALERT,91.85,103.2721504252934
2023-04-05,34.38,21.23,57.76,42.27185550536167,Normal,False,2023,41.75321817844233,ORANGE ALERT,93.884,108.089339909651
2023-04-06,34.05,21.45,55.12,40.35163860586402,Normal,False,2023,40.73971107879621,YELLOW ALERT,93.28999999999999,104.63294949055523
2023-04-07,35.18,20.35,53.93,42.75661382017953,Normal,False,2023,41.79336931046839,ORANGE ALERT,95.324,108.96190487632316
2023-04-08,35.02,18.92,51.94,41.50223079056218,Normal,False,2023,41.53682773886856,ORANGE ALERT,95.036,106.70401542301192
2023-04-09,36.02,18.49,48.64,42.583791248434096,Normal,False,2023,42.28087861972526,ORANGE ALERT,96.836,108.65082424718136
2023-04-10,36.33,18.08,44.15,41.418455644265556,Normal,False,2023,41.8348258944206,ORANGE ALERT,97.39399999999999,106.553220159678
2023-04-11,37.12,19.41,33.29,38.98573274495507,Normal,False,2023,40.99599321255156,YELLOW ALERT,98.816,102.17431894091914
2023-04-12,36.7,19.31,31.39,37.66097906817066,Normal,False,2023,39.35505581913042,YELLOW ALERT,98.06,99.78976232270719
2023-04-13,37.88,20.79,29.01,38.91346277725159,Normal,False,2023,38.52005819679243,YELLOW ALERT,100.184,102.04423299905287
2023-04-14,37.77,21.61,27.75,38.34096564939979,Normal,False,2023,38.30513583160734,YELLOW ALERT,99.986,101.01373816891962
2023-04-15,36.64,22.28,29.88,37.135409353035264,Normal,False,2023,38.1299459265622,YELLOW ALERT,97.952,98.84373683546347
2023-04-16,35.37,21.88,32.57,35.81549604023482,Normal,False,2023,37.097290347556616,YELLOW ALERT,95.666,96.46789287242268
2023-04-17,37.63,21.68,30.29,38.90034186141444,Normal,False,2023,37.28374908489482,YELLOW ALERT,99.73400000000001,102.020615350546
2023-04-18,38.41,19.79,30.5,40.34908061212749,Normal,False,2023,38.354972837925565,YELLOW ALERT,101.13799999999999,104.62834510182947
2023-04-19,38.99,19.6,32.35,42.16948368527952,Normal,False,2023,40.47296871960714,YELLOW ALERT,102.182,107.90507063350314
2023-04-20,39.02,20.86,38.11,44.86426965477416,Normal,False,2023,42.46094465072704,ORANGE ALERT,102.236,112.75568537859348
2023-04-21,37.67,23.41,48.14,46.633171707958894,Normal,False,2023,44.555641682670846,ORANGE ALERT,99.80600000000001,115.939709074326
2023-04-22,34.74,23.96,49.03,39.70307403528389,Normal,False,2023,43.7335051326723,ORANGE ALERT,94.53200000000001,103.465533263511
2023-04-23,35.51,23.1,53.41,43.39937404791591,Normal,False,2023,43.245206597052885,ORANGE ALERT,95.91799999999999,110.11887328624864
2023-04-24,36.72,22.69,52.08,46.06972616316879,Normal,False,2023,43.05739141545618,ORANGE ALERT,98.096,114.92550709370383
2023-04-25,35.36,22.36,54.89,43.66987539293822,Normal,False,2023,44.37965853467429,ORANGE ALERT,95.648,110.60577570728881
2023-04-26,34.83,22.58,51.89,41.01320269827617,Normal,False,2023,43.58426808479438,ORANGE ALERT,94.69399999999999,105.8237648568971
2023-04-27,36.62,22.05,48.42,43.99528354565834,Normal,False,2023,42.8927872122909,ORANGE ALERT,97.916,111.19151038218502
2023-04-28,37.06,22.09,50.63,46.26739614967691,Normal,False,2023,43.75862746453712,ORANGE ALERT,98.708,115.28131306941845
2023-04-29,34.89,21.42,57.64,43.62526584099132,Normal,False,2023,44.62931517877551,ORANGE ALERT,94.80199999999999,110.52547851378438
2023-04-30,32.84,22.05,66.53,41.54694509269736,Normal,False,2023,43.81320236112185,ORANGE ALERT,91.11200000000001,106.78450116685524
2023-05-01,28.98,21.83,77.4,34.134570244999935,Normal,False,2023,39.768927059562856,YELLOW ALERT,84.164,93.44222644099987
2023-05-02,31.12,20.93,72.41,38.68285250669898,Normal,False,2023,38.12145594813207,YELLOW ALERT,88.01599999999999,101.62913451205816
2023-05-03,30.07,21.91,77.28,37.11271507397676,Normal,False,2023,36.643379275225215,YELLOW ALERT,86.126,98.80288713315817
2023-05-04,28.05,22.3,77.46,31.832429884455273,Normal,False,2023,35.87599915504366,YELLOW ALERT,82.49000000000001,89.29837379201949
2023-05-05,29.4,21.3,77.33,35.23987776328912,Normal,False,2023,34.72834090724037,YELLOW ALERT,84.91999999999999,95.43177997392043
2023-05-06,30.1,21.31,77.15,37.163730726421235,Normal,False,2023,34.74534612472186,YELLOW ALERT,86.18,98.89471530755823
2023-05-07,29.06,20.9,80.56,35.03335110947611,Normal,False,2023,35.81231986639548,YELLOW ALERT,84.30799999999999,95.060031997057
2023-05-08,30.81,21.32,74.64,38.492470985907545,Normal,False,2023,36.89651760726829,YELLOW ALERT,87.458,101.28644777463357
2023-05-09,34.43,20.87,67.1,46.77241315583995,Normal,False,2023,40.09941175040785,YELLOW ALERT,93.974,116.19034368051192
2023-05-10,33.36,20.99,64.79,42.35908166657144,Normal,False,2023,42.5413219361063,ORANGE ALERT,92.048,108.2463469998286
2023-05-11,34.75,21.7,60.58,44.58393901999201,Normal,False,2023,44.571811280801114,ORANGE ALERT,94.55,112.25109023598561
2023-05-12,35.78,22.75,57.16,45.95974693302372,Normal,False,2023,44.30092253986237,ORANGE ALERT,96.404,114.7275444794427
2023-05-13,35.01,22.3,61.83,45.980904836978944,Normal,False,2023,45.50819692999821,ORANGE ALERT,95.018,114.7656287065621
2023-05-14,36.47,23.19,60.0,49.66473184760127,Normal,False,2023,47.201794539201295,ORANGE ALERT,97.646,121.39651732568228
2023-05-15,36.1,22.87,58.46,47.612792626162886,Normal,False,2023,47.75280977024769,ORANGE ALERT,96.98,117.7030267270932
2023-05-16,36.55,22.32,54.91,47.0669640136264,Normal,False,2023,48.11482949579684,ORANGE ALERT,97.78999999999999,116.72053522452751
2023-05-17,36.89,23.22,50.52,45.74117824289291,Normal,False,2023,46.806978294227385,ORANGE ALERT,98.402,114.33412083720722
2023-05-18,36.66,22.76,54.62,47.23727592109828,Normal,False,2023,46.68180605920585,ORANGE ALERT,97.98799999999999,117.0270966579769
2023-05-19,32.13,23.79,65.37,39.13346796195899,Normal,False,2023,44.03730737531671,ORANGE ALERT,89.834,102.44024233152619
2023-05-20,33.33,23.12,62.74,41.43707828723829,Normal,False,2023,42.602607390098505,ORANGE ALERT,91.994,106.58674091702893
2023-05-21,35.05,23.94,61.64,46.00980885080028,Normal,False,2023,42.19345169999917,ORANGE ALERT,95.09,114.81765593144051
2023-05-22,35.44,22.46,61.07,46.93653386288007,Normal,False,2023,44.79447366697286,ORANGE ALERT,95.792,116.48576095318413
2023-05-23,34.83,22.52,60.26,44.66954746317428,Normal,False,2023,45.87196339228486,ORANGE ALERT,94.69399999999999,112.40518543371371
2023-05-24,34.33,22.1,61.26,43.66230392216965,Normal,False,2023,45.08946174940798,ORANGE ALERT,93.794,110.59214705990537
2023-05-25,31.96,22.67,66.98,39.22672694592248,Normal,False,2023,42.51952611042213,ORANGE ALERT,89.52799999999999,102.60810850266047
2023-05-26,34.9,22.39,60.63,45.055257584023735,Normal,False,2023,42.64809615070527,ORANGE ALERT,94.82,113.09946365124271
2023-05-27,34.35,21.14,61.33,43.75236589495811,Normal,False,2023,42.67811680830143,ORANGE ALERT,93.83000000000001,110.75425861092461
2023-05-28,34.66,22.45,58.5,43.367248313959,Normal,False,2023,44.05829059764693,ORANGE ALERT,94.38799999999999,110.06104696512621
2023-05-29,35.95,23.83,53.64,44.70203459155831,Normal,False,2023,43.940549600158455,ORANGE ALERT,96.71000000000001,112.46366226480495
2023-05-30,32.19,23.14,70.61,41.20277432022462,Normal,False,2023,43.090685741913966,ORANGE ALERT,89.942,106.16499377640432
2023-05-31,30.65,22.57,70.58,36.8373690546891,Normal,False,2023,40.91405932215733,YELLOW ALERT,87.16999999999999,98.30726429844037
2023-06-01,33.03,22.29,66.0,41.889993140414425,Normal,False,2023,39.976712171776036,YELLOW ALERT,91.454,107.40198765274597
2023-06-02,34.31,20.69,61.92,43.90251716011297,Normal,False,2023,40.876626451738815,YELLOW ALERT,93.75800000000001,111.02453088820334
2023-06-03,35.33,22.7,61.21,46.6637822009273,Normal,False,2023,44.15209750048488,ORANGE ALERT,95.594,115.99480796166914
2023-06-04,34.53,22.85,61.58,44.39905796102541,Normal,False,2023,44.98845244068855,ORANGE ALERT,94.154,111.91830432984574
2023-06-05,32.36,23.15,65.09,39.655246190999804,Normal,False,2023,43.572695450984156,ORANGE ALERT,90.248,103.37944314379965
2023-06-06,33.64,22.57,66.22,43.81739209476905,Normal,False,2023,42.6238987489314,ORANGE ALERT,92.55199999999999,110.87130577058429
2023-06-07,33.05,22.82,68.04,42.79123466130826,Normal,False,2023,42.08795764902569,ORANGE ALERT,91.49,109.02422239035486
2023-06-08,28.63,22.26,73.45,32.523087657818586,Normal,False,2023,39.710571471298614,YELLOW ALERT,83.534,90.54155778407345
2023-06-09,33.01,21.98,65.73,41.72293616736127,Normal,False,2023,39.012419495496026,YELLOW ALERT,91.41799999999999,107.10128510125028
2023-06-10,34.07,20.92,64.61,44.411915146829934,Normal,False,2023,39.55264632400324,YELLOW ALERT,93.326,111.94144726429388
2023-06-11,34.49,20.98,61.65,44.31243510956644,Normal,False,2023,43.4824288079192,ORANGE ALERT,94.08200000000001,111.76238319721958
2023-06-12,33.03,21.43,70.03,43.57846724094774,Normal,False,2023,44.10093916578135,ORANGE ALERT,91.454,110.44124103370594
2023-06-13,33.83,21.26,66.79,44.67081750125367,Normal,False,2023,44.187239950589266,ORANGE ALERT,92.89399999999999,112.40747150225661
2023-06-14,33.07,21.89,65.87,41.95442558159689,Normal,False,2023,43.40123677459942,ORANGE ALERT,91.526,107.51796604687439
2023-06-15,34.22,21.54,64.22,44.692948966058424,Normal,False,2023,43.772730682969645,ORANGE ALERT,93.596,112.44730813890516
2023-06-16,34.24,21.28,62.82,44.10506828053196,Normal,False,2023,43.584147609395735,ORANGE ALERT,93.632,111.38912290495753
2023-06-17,33.09,22.36,65.32,41.7901399550656,Normal,False,2023,43.52938573388531,ORANGE ALERT,91.56200000000001,107.22225191911807
2023-06-18,29.96,22.77,69.45,34.80973619305701,Normal,False,2023,40.234981476218174,YELLOW ALERT,85.928,94.65752514750262
2023-06-19,29.89,21.93,71.8,35.20196419048601,Normal,False,2023,37.26728011286953,YELLOW ALERT,85.80199999999999,95.36353554287481
2023-06-20,30.1,21.88,74.32,36.392782399704565,Normal,False,2023,35.46816092774918,YELLOW ALERT,86.18,97.50700831946821
2023-06-21,28.56,21.63,75.1,32.650016819064454,Normal,False,2023,34.748254469751664,YELLOW ALERT,83.40799999999999,90.77003027431601
2023-06-22,29.52,21.35,73.48,34.665980810276054,Normal,False,2023,34.56959334301501,YELLOW ALERT,85.136,94.3987654584969
2023-06-23,30.95,19.78,67.64,36.77482770280727,Normal,False,2023,34.696941777382584,YELLOW ALERT,87.71000000000001,98.19468986505309
2023-06-24,28.76,20.33,77.17,33.52176700786705,Normal,False,2023,34.98752517365011,YELLOW ALERT,83.768,92.33918061416068
2023-06-25,27.91,21.29,77.9,31.567833511725034,Normal,False,2023,33.954809407466435,YELLOW ALERT,82.238,88.82210032110507
2023-06-26,31.38,19.22,66.57,37.555148282192825,Normal,False,2023,34.21491626726162,YELLOW ALERT,88.48400000000001,99.59926690794708
2023-06-27,29.73,20.02,64.38,33.18069962641818,Normal,False,2023,34.101227140111995,YELLOW ALERT,85.514,91.72525932755272
2023-06-28,31.59,19.39,64.17,37.353037233104274,Normal,False,2023,36.029628380571744,YELLOW ALERT,88.862,99.23546701958769
2023-06-29,29.75,19.9,72.47,35.01055864210821,Normal,False,2023,35.18143183387687,YELLOW ALERT,85.55,95.01900555579478
2023-06-30,32.24,19.57,64.62,39.16828834586352,Normal,False,2023,37.177294740358654,YELLOW ALERT,90.03200000000001,102.50291902255434
2023-07-01,30.69,20.89,68.69,36.41213674631243,Normal,False,2023,36.863661244761374,YELLOW ALERT,87.242,97.54184614336236
2023-07-02,28.24,20.71,77.19,32.24209359114774,Normal,False,2023,35.940839561107886,YELLOW ALERT,82.832,90.03576846406594
2023-07-03,28.23,21.36,78.54,32.43847891002208,Normal,False,2023,33.69756974916073,YELLOW ALERT,82.814,90.38926203803973
2023-07-04,28.23,21.22,80.65,32.79162877791392,Normal,False,2023,32.490733759694564,YELLOW ALERT,82.814,91.02493180024506
2023-07-05,28.9,20.26,75.41,33.528816928744305,Normal,False,2023,32.91964153889342,YELLOW ALERT,84.02,92.35187047173974
2023-07-06,29.72,20.2,71.63,34.738827565697505,Normal,False,2023,33.68642442411856,YELLOW ALERT,85.49600000000001,94.52988961825551
2023-07-07,31.26,19.47,72.68,39.17640254100483,Normal,False,2023,35.81468234514887,YELLOW ALERT,88.268,102.5175245738087
2023-07-08,29.61,20.31,72.86,34.75015293364321,Normal,False,2023,36.221794346781834,YELLOW ALERT,85.298,94.55027528055777
2023-07-09,30.8,19.92,74.99,38.572923008035346,Normal,False,2023,37.49982616089445,YELLOW ALERT,87.44,101.43126141446362
2023-07-10,29.84,20.8,72.99,35.364869046593356,Normal,False,2023,36.22931499609062,YELLOW ALERT,85.712,95.65676428386804
2023-07-11,28.33,20.93,74.77,32.060766596075155,Normal,False,2023,35.33285288356794,YELLOW ALERT,82.994,89.70937987293527
2023-07-12,31.53,19.64,66.74,37.99709407918772,Normal,False,2023,35.1409099072854,YELLOW ALERT,88.75399999999999,100.3947693425379
2023-07-13,32.05,19.28,67.21,39.554228173335,Normal,False,2023,36.537362949532614,YELLOW ALERT,89.69,103.197610712003
2023-07-14,30.64,20.2,71.65,37.116056080062734,Normal,False,2023,38.22245944419513,YELLOW ALERT,87.152,98.80890094411292
2023-07-15,30.21,20.05,70.98,35.806099326852035,Normal,False,2023,37.49212786008324,YELLOW ALERT,86.378,96.45097878833367
2023-07-16,30.59,20.47,73.33,37.46645216785211,Normal,False,2023,36.79620252492228,YELLOW ALERT,87.062,99.4396139021338
2023-07-17,31.17,20.74,72.1,38.726046858851845,Normal,False,2023,37.33286611785198,YELLOW ALERT,88.10600000000001,101.70688434593333
2023-07-18,30.72,21.04,70.25,36.92777107598826,Normal,False,2023,37.70675670089739,YELLOW ALERT,87.296,98.46998793677886
2023-07-19,27.81,21.03,75.34,30.986811468468684,Normal,False,2023,35.54687646776958,YELLOW ALERT,82.05799999999999,87.77626064324363
2023-07-20,29.81,21.2,70.93,34.79611537855343,Normal,False,2023,34.23689930767011,YELLOW ALERT,85.65799999999999,94.63300768139618
2023-07-21,29.35,21.02,77.15,35.062526472573445,Normal,False,2023,33.61515110653184,YELLOW ALERT,84.83000000000001,95.1125476506322
2023-07-22,30.04,20.68,72.7,35.81021806374137,Normal,False,2023,35.22295330495607,YELLOW ALERT,86.072,96.45839251473447
2023-07-23,30.92,20.31,72.94,38.279001774479205,Normal,False,2023,36.383915436931325,YELLOW ALERT,87.656,100.90220319406257
2023-07-24,28.11,20.62,80.83,32.51015383504073,Normal,False,2023,35.53312455775376,YELLOW ALERT,82.598,90.51827690307331
2023-07-25,28.02,19.97,79.61,32.08874082554465,Normal,False,2023,34.292632145021514,YELLOW ALERT,82.436,89.75973348598036
2023-07-26,25.98,19.68,84.33,27.782416206191556,Normal,False,2023,30.79377028892563,NO ALERT,78.764,82.0083491711448
2023-07-27,27.44,19.98,77.9,30.494629524882466,Normal,False,2023,30.12192885220621,NO ALERT,81.392,86.89033314478844
2023-07-28,31.3,19.31,71.79,38.997523931430514,Normal,False,2023,32.424856554168166,YELLOW ALERT,88.34,102.19554307657492
2023-07-29,31.84,20.14,71.6,40.51757683455092,Normal,False,2023,36.66991009695462,YELLOW ALERT,89.312,104.93163830219166
2023-07-30,32.48,20.02,70.27,41.95436595232139,Normal,False,2023,40.48982223943426,YELLOW ALERT,90.464,107.5178587141785
2023-07-31,32.58,20.65,69.37,41.90143193800213,Normal,False,2023,41.45779157495813,ORANGE ALERT,90.64399999999999,107.42257748840385
2023-08-01,32.25,20.5,69.29,40.882061278585525,Normal,False,2023,41.57928638963634,ORANGE ALERT,90.05,105.58771030145394
2023-08-02,32.56,20.13,68.72,41.58388904449683,Normal,False,2023,41.45579408702815,ORANGE ALERT,90.608,106.85100028009428
2023-08-03,32.51,20.34,69.0,41.54401675252901,Normal,False,2023,41.33665569187044,ORANGE ALERT,90.518,106.77923015455221
2023-08-04,32.61,19.91,69.04,41.8608641900417,Normal,False,2023,41.6629233290225,ORANGE ALERT,90.69800000000001,107.34955554207507
2023-08-05,31.27,20.36,69.7,38.237686933969144,Normal,False,2023,40.54752262551327,YELLOW ALERT,88.286,100.82783648114446
2023-08-06,32.7,20.86,70.32,42.65726193462737,Normal,False,2023,40.91860435287939,YELLOW ALERT,90.86,108.78307148232926
2023-08-07,32.55,20.44,66.77,40.80202050243387,Normal,False,2023,40.565656457010114,YELLOW ALERT,90.59,105.44363690438097
2023-08-08,32.24,20.17,67.16,40.06682435694547,Normal,False,2023,41.175368931335555,ORANGE ALERT,90.03200000000001,104.12028384250183
2023-08-09,32.18,20.64,68.33,40.321994858032895,Normal,False,2023,40.39694657247073,YELLOW ALERT,89.924,104.57959074445921
2023-08-10,29.27,21.33,75.95,34.579803132571854,Normal,False,2023,38.322874115850055,YELLOW ALERT,84.686,94.24364563862933
2023-08-11,28.33,21.0,76.13,32.28272825921676,Normal,False,2023,35.72817541660716,YELLOW ALERT,82.994,90.10891086659016
2023-08-12,31.88,20.91,70.01,40.06237688157329,Normal,False,2023,35.641636091120624,YELLOW ALERT,89.384,104.11227838683193
2023-08-13,31.59,20.86,68.23,38.63688638976732,Normal,False,2023,36.993997176852446,YELLOW ALERT,88.862,101.54639550158117
2023-08-14,30.7,20.93,69.07,36.54297295142131,Normal,False,2023,38.41407874092062,YELLOW ALERT,87.26,97.77735131255835
2023-08-15,31.57,19.46,68.15,38.55636229290297,Normal,False,2023,37.91207387803052,YELLOW ALERT,88.826,101.40145212722534
2023-08-16,32.58,20.55,67.91,41.32667820029393,Normal,False,2023,38.80867114820605,YELLOW ALERT,90.64399999999999,106.38802076052907
2023-08-17,31.19,20.99,67.14,37.23974840723918,Normal,False,2023,39.040929633478676,YELLOW ALERT,88.14200000000001,99.03154713303053
2023-08-18,31.39,20.54,67.01,37.71624723743456,Normal,False,2023,38.76089128165588,YELLOW ALERT,88.502,99.8892450273822
2023-08-19,31.55,20.55,69.42,38.91975801236747,Normal,False,2023,37.958584552347055,YELLOW ALERT,88.78999999999999,102.05556442226144
2023-08-20,33.23,20.49,66.75,42.795220960711305,Normal,False,2023,39.810408736837765,YELLOW ALERT,91.814,109.03139772928034
2023-08-21,33.57,20.2,64.61,42.90138631567929,Normal,False,2023,41.538788429586,ORANGE ALERT,92.426,109.22249536822272
2023-08-22,31.93,21.34,70.11,40.24405495127539,Normal,False,2023,41.98022074255531,ORANGE ALERT,89.474,104.4392989122957
2023-08-23,30.45,21.39,70.11,36.18892277444629,Normal,False,2023,39.77812134713364,YELLOW ALERT,86.81,97.14006099400332
2023-08-24,31.2,21.82,67.96,37.511805047731556,Normal,False,2023,37.981594257817726,YELLOW ALERT,88.16,99.5212490859168
2023-08-25,32.5,20.46,66.41,40.52433431826914,Normal,False,2023,38.07502071348232,YELLOW ALERT,90.5,104.94380177288446
2023-08-26,29.71,21.83,73.38,35.12533010613059,Normal,False,2023,37.720489824043746,YELLOW ALERT,85.478,95.22559419103507
2023-08-27,30.35,20.96,71.71,36.3610305657928,Normal,False,2023,37.336898330064166,YELLOW ALERT,86.63000000000001,97.44985501842704
2023-08-28,34.19,20.9,64.07,44.53053386429332,Normal,False,2023,38.67229817873889,YELLOW ALERT,93.542,112.15496095572797
2023-08-29,32.73,20.49,66.44,41.19263517414096,Normal,False,2023,40.694733201409015,YELLOW ALERT,90.914,106.14674331345373
2023-08-30,32.11,21.65,72.28,41.59809154323407,Normal,False,2023,42.44042019388943,ORANGE ALERT,89.798,106.87656477782133
2023-08-31,28.14,22.13,78.45,32.2024643676989,Normal,False,2023,38.33106369502463,YELLOW ALERT,82.652,89.96443586185802
2023-09-01,31.91,21.47,75.26,42.118990845485484,Normal,False,2023,38.63984891880614,YELLOW ALERT,89.438,107.81418352187387
2023-09-02,28.45,22.18,81.18,33.46981076005678,Normal,False,2023,35.93042199108038,YELLOW ALERT,83.21000000000001,92.2456593681022
2023-09-03,28.88,20.61,77.43,33.88069571032825,Normal,False,2023,36.48983243862349,YELLOW ALERT,83.98400000000001,92.98525227859085
2023-09-04,28.1,19.53,76.73,31.8386417985739,Normal,False,2023,33.063049422986296,YELLOW ALERT,82.58,89.30955523743302
2023-09-05,29.65,18.59,76.88,35.81733622690217,Normal,False,2023,33.845557911934755,YELLOW ALERT,85.36999999999999,96.47120520842391
2023-09-06,27.73,20.03,80.55,31.510164634227124,Normal,False,2023,33.05538088656772,YELLOW ALERT,81.914,88.71829634160882
2023-09-07,31.23,19.58,74.78,39.794854163937806,Normal,False,2023,35.707451675022355,YELLOW ALERT,88.214,103.63073749508806
2023-09-08,30.72,20.2,73.78,37.96714634673527,Normal,False,2023,36.424055048300055,YELLOW ALERT,87.296,100.34086342412348
2023-09-09,29.32,19.92,72.93,34.04964363635692,Normal,False,2023,37.27054804900998,YELLOW ALERT,84.776,93.28935854544245
2023-09-10,30.87,20.96,74.57,38.6466284599514,Normal,False,2023,36.88780614768118,YELLOW ALERT,87.566,101.56393122791252
2023-09-11,30.03,20.92,74.58,36.27109220701996,Normal,False,2023,36.32245476777608,YELLOW ALERT,86.054,97.28796597263593
2023-09-12,31.56,19.55,72.87,40.13146486470809,Normal,False,2023,38.34972851055981,YELLOW ALERT,88.80799999999999,104.23663675647457
2023-09-13,32.63,20.19,68.89,41.86151938697688,Normal,False,2023,39.4213588195683,YELLOW ALERT,90.73400000000001,107.3507348965584
2023-09-14,31.61,19.87,73.29,40.43260668133674,Normal,False,2023,40.808530311007225,YELLOW ALERT,88.898,104.77869202640613
2023-09-15,30.91,19.92,73.4,38.394192219548685,Normal,False,2023,40.229439429287424,YELLOW ALERT,87.638,101.10954599518763
2023-09-16,31.3,20.82,76.83,40.731408927542994,Normal,False,2023,39.85273594280946,YELLOW ALERT,88.34,105.31653606957738
2023-09-17,31.32,19.8,76.46,40.663089683984374,Normal,False,2023,39.92956361035866,YELLOW ALERT,88.376,105.19356143117187
2023-09-18,29.65,20.24,79.55,36.49403905289788,Normal,False,2023,39.29617922147507,YELLOW ALERT,85.36999999999999,97.68927029521619
2023-09-19,30.23,20.2,76.96,37.48914103981191,Normal,False,2023,38.21542325889804,YELLOW ALERT,86.414,99.48045387166144
2023-09-20,29.83,20.11,79.62,37.04642058152596,Normal,False,2023,37.009866891411896,YELLOW ALERT,85.69399999999999,98.68355704674673
2023-09-21,25.38,20.71,87.4,26.529430086426444,Normal,False,2023,33.68833056925476,YELLOW ALERT,77.684,79.7529741555676
2023-09-22,29.09,20.49,80.17,35.03106052952154,Normal,False,2023,32.868970399157966,YELLOW ALERT,84.362,95.05590895313877
2023-09-23,27.16,21.69,86.68,30.81749402376574,Normal,False,2023,30.792661546571225,NO ALERT,80.888,87.47148924277833
2023-09-24,26.92,21.03,87.72,30.28355959259266,Normal,False,2023,32.04403804862663,YELLOW ALERT,80.456,86.51040726666679
2023-09-25,25.24,20.49,87.45,26.22661818423346,Normal,False,2023,29.109223933530604,NO ALERT,77.432,79.20791273162023
2023-09-26,28.92,20.62,83.11,35.19465332756559,Normal,False,2023,30.568277034797223,NO ALERT,84.05600000000001,95.35037598961806
2023-09-27,27.67,20.02,80.65,31.376713669599813,Normal,False,2023,30.93266172713294,NO ALERT,81.80600000000001,88.47808460527966
2023-09-28,28.98,19.51,80.73,34.844340270702546,Normal,False,2023,33.80523575595597,YELLOW ALERT,84.164,94.71981248726459
2023-09-29,28.89,20.02,81.87,34.83546374527488,Normal,False,2023,33.6855058951924,YELLOW ALERT,84.002,94.70383474149477
2023-09-30,29.09,19.49,76.17,34.16205743343092,Normal,False,2023,34.61395381646943,YELLOW ALERT,84.362,93.49170338017565
2023-10-01,30.96,19.27,74.69,38.95131857628137,Normal,False,2023,35.98294658499571,YELLOW ALERT,87.728,102.11237343730647
2023-10-02,30.79,19.39,75.13,38.58740163003975,Normal,False,2023,37.233592546584,YELLOW ALERT,87.422,101.45732293407156
2023-10-03,29.86,20.06,77.01,36.43781279735989,Normal,False,2023,37.99217766789366,YELLOW ALERT,85.748,97.5880630352478
2023-10-04,29.06,20.76,78.09,34.49212366270925,Normal,False,2023,36.50577936336961,YELLOW ALERT,84.30799999999999,94.08582259287665
2023-10-05,30.9,20.93,77.29,39.62145739569345,Normal,False,2023,36.850464618587516,YELLOW ALERT,87.61999999999999,103.3186233122482
2023-10-06,29.71,21.01,75.32,35.59513401040186,Normal,False,2023,36.5695716896015,YELLOW ALERT,85.478,96.07124121872334
2023-10-07,31.21,20.14,73.26,39.22247161823501,Normal,False,2023,38.14635434144342,YELLOW ALERT,88.178,102.60044891282303
2023-10-08,29.03,21.98,79.8,34.781186669626905,Normal,False,2023,36.53293076608791,YELLOW ALERT,84.25399999999999,94.60613600532842
2023-10-09,29.02,21.2,83.46,35.573142750915835,Normal,False,2023,36.52560034625924,YELLOW ALERT,84.236,96.0316569516485
2023-10-10,29.34,21.39,81.46,36.05804272377986,Normal,False,2023,35.47079071477419,YELLOW ALERT,84.812,96.90447690280375
2023-10-11,27.91,20.63,83.0,32.33001493858944,Normal,False,2023,34.65373347109503,YELLOW ALERT,82.238,90.194026889461
2023-10-12,29.88,18.76,73.3,35.5447628067062,Normal,False,2023,34.64427348969182,YELLOW ALERT,85.784,95.98057305207116
2023-10-13,30.29,17.16,72.11,36.31088169263606,Normal,False,2023,34.72855314597722,YELLOW ALERT,86.522,97.3595870467449
2023-10-14,30.1,18.27,74.27,36.37947333595066,Normal,False,2023,36.078372611764294,YELLOW ALERT,86.18,97.48305200471118
2023-10-15,29.9,19.48,74.96,36.01684294902135,Normal,False,2023,36.235732659202675,YELLOW ALERT,85.82,96.83031730823843
2023-10-16,30.42,20.18,78.24,38.436642302684746,Normal,False,2023,36.9443195292189,YELLOW ALERT,86.756,101.18595614483255
2023-10-17,30.9,20.1,74.67,38.76694206789017,Normal,False,2023,37.74014243986541,YELLOW ALERT,87.61999999999999,101.7804957222023
2023-10-18,30.51,18.65,75.23,37.79923536896777,Normal,False,2023,38.334273246514215,YELLOW ALERT,86.918,100.03862366414198
2023-10-19,30.88,18.21,71.76,37.803883507435756,Normal,False,2023,38.12335364809788,YELLOW ALERT,87.584,100.04699031338437
2023-10-20,30.98,18.45,73.37,38.58668068469676,Normal,False,2023,38.063266520366746,YELLOW ALERT,87.764,101.45602523245417
2023-10-21,31.39,18.71,75.1,40.399770009588096,Normal,False,2023,38.93011140057352,YELLOW ALERT,88.502,104.71958601725858
2023-10-22,31.13,19.36,71.09,38.29052570843854,Normal,False,2023,39.09232546757445,YELLOW ALERT,88.034,100.92294627518937
2023-10-23,30.21,17.88,59.21,33.07288231468735,Normal,False,2023,37.25439267757131,YELLOW ALERT,86.378,91.53118816643723
2023-10-24,30.99,17.59,52.98,33.20848559140766,Normal,False,2023,34.85729787151117,YELLOW ALERT,87.782,91.77527406453379
2023-10-25,31.32,16.27,63.23,36.42272529183354,Normal,False,2023,34.234697732642836,YELLOW ALERT,88.376,97.56090552530037
2023-10-26,31.03,16.02,66.92,36.770003687191355,Normal,False,2023,35.4670715234775,YELLOW ALERT,87.854,98.18600663694444
2023-10-27,30.87,18.16,73.14,38.198650097467855,Normal,False,2023,37.13045969216424,YELLOW ALERT,87.566,100.75757017544214
2023-10-28,31.11,19.51,73.44,38.98787854746209,Normal,False,2023,37.985510777373754,YELLOW ALERT,87.998,102.17818138543176
2023-10-29,30.25,20.21,76.89,37.52762414994069,Normal,False,2023,38.238050931623526,YELLOW ALERT,86.45,99.54972346989324
2023-10-30,27.51,20.59,83.51,31.353917226444977,Normal,False,2023,35.95647330794924,YELLOW ALERT,81.518,88.43705100760096
2023-10-31,28.02,19.56,79.95,32.14137790509821,Normal,False,2023,33.67430642716128,YELLOW ALERT,82.436,89.85448022917677
2023-11-01,30.6,19.27,72.42,37.22943429562892,Normal,False,2023,33.57490980905735,YELLOW ALERT,87.08000000000001,99.01298173213206
2023-11-02,31.12,20.49,74.65,39.417270133275316,Normal,False,2023,36.262694111334135,YELLOW ALERT,88.01599999999999,102.95108623989557
2023-11-03,31.75,19.99,77.18,42.34067258949867,Normal,False,2023,39.66245900613429,YELLOW ALERT,89.15,108.21321066109762
2023-11-04,29.47,19.99,80.29,36.15329388638369,Normal,False,2023,39.30374553638588,YELLOW ALERT,85.046,97.07592899549064
2023-11-05,30.02,20.41,79.67,37.63448474985391,Normal,False,2023,38.70948374191208,YELLOW ALERT,86.036,99.74207254973705
2023-11-06,29.6,20.45,81.11,36.750383181802604,Normal,False,2023,36.846053939346724,YELLOW ALERT,85.28,98.15068972724468
2023-11-07,28.53,20.48,84.3,34.294364548732574,Normal,False,2023,36.22641082679635,YELLOW ALERT,83.354,93.72985618771864
2023-11-08,29.07,19.3,82.52,35.50669851933065,Normal,False,2023,35.51714874995526,YELLOW ALERT,84.326,95.91205733479516
2023-11-09,27.51,19.4,82.08,31.169727894181523,Normal,False,2023,33.65693032074824,YELLOW ALERT,81.518,88.10551020952674
2023-11-10,28.41,19.21,80.34,33.20935408972164,Normal,False,2023,33.295260167744594,YELLOW ALERT,83.138,91.77683736149896
2023-11-11,29.47,18.34,72.33,34.28489882033216,Normal,False,2023,32.88799360141176,YELLOW ALERT,85.046,93.71281787659788
2023-11-12,28.98,17.08,75.04,33.65291053144019,Normal,False,2023,33.71572114716465,YELLOW ALERT,84.164,92.57523895659234
2023-11-13,29.29,17.45,77.48,34.97599955520016,Normal,False,2023,34.30460296899082,YELLOW ALERT,84.72200000000001,94.95679919936029
2023-11-14,26.43,18.83,78.26,28.416727097152418,Normal,False,2023,32.34854572793091,YELLOW ALERT,79.574,83.15010877487435
2023-11-15,28.74,18.54,75.58,33.16895431306582,Normal,False,2023,32.18722698847279,YELLOW ALERT,83.732,91.70411776351847
2023-11-16,30.61,17.3,70.19,36.6231665170836,Normal,False,2023,32.73628264243393,YELLOW ALERT,87.098,97.92169973075048
2023-11-17,30.95,19.08,72.08,38.096735148749275,Normal,False,2023,35.96295199296622,YELLOW ALERT,87.71000000000001,100.57412326774869
2023-11-18,30.79,18.06,73.39,38.047781828271496,Normal,False,2023,37.589227831368106,YELLOW ALERT,87.422,100.4860072908887
2023-11-19,29.98,18.72,74.71,36.16922739633603,Normal,False,2023,37.43791479111892,YELLOW ALERT,85.964,97.10460931340485
2023-11-20,28.32,19.43,77.95,32.56235295638882,Normal,False,2023,35.59312072699877,YELLOW ALERT,82.976,90.61223532149988
2023-11-21,27.76,20.09,83.61,32.02254602292075,Normal,False,2023,33.58470879188185,YELLOW ALERT,81.968,89.64058284125734
2023-11-22,29.98,20.84,81.54,38.046079053068574,Normal,False,2023,34.2103260107927,YELLOW ALERT,85.964,100.48294229552343
2023-11-23,29.27,19.99,80.99,35.73779631467958,Normal,False,2023,35.26880713022295,YELLOW ALERT,84.686,96.32803336642324
2023-11-24,29.27,20.67,83.75,36.4094064114019,Normal,False,2023,36.73109392638334,YELLOW ALERT,84.686,97.53693154052343
2023-11-25,27.78,20.0,82.24,31.87549784762195,Normal,False,2023,34.674233524567796,YELLOW ALERT,82.004,89.3758961257195
2023-11-26,29.69,19.0,76.73,35.89052345509537,Normal,False,2023,34.72514257137306,YELLOW ALERT,85.44200000000001,96.60294221917167
2023-11-27,29.94,18.96,77.95,36.91833956702863,Normal,False,2023,34.894786956581974,YELLOW ALERT,85.89200000000001,98.45301122065153
2023-11-28,30.05,18.48,77.54,37.126535945656734,Normal,False,2023,36.64513298926023,YELLOW ALERT,86.09,98.82776470218212
2023-11-29,28.67,19.62,81.03,34.04161509078759,Normal,False,2023,36.02883020115764,YELLOW ALERT,83.60600000000001,93.27490716341765
2023-11-30,29.22,18.36,79.64,35.27745905445008,Normal,False,2023,35.48187003029812,YELLOW ALERT,84.596,95.49942629801015
2023-12-01,28.01,18.46,80.64,32.22352936483877,Normal,False,2023,33.847534503358794,YELLOW ALERT,82.418,90.00235285670979
2023-12-02,28.5,18.63,81.33,33.63364434303419,Normal,False,2023,33.711544254107665,YELLOW ALERT,83.3,92.54055981746154
2023-12-03,27.68,19.88,87.3,32.343652720721394,Normal,False,2023,32.73360880953144,YELLOW ALERT,81.824,90.21857489729851
2023-12-04,27.06,19.37,82.95,30.166419306539208,Normal,False,2023,32.047905456764916,YELLOW ALERT,80.708,86.29955475177057
2023-12-05,28.49,18.69,77.25,32.86056619659292,Normal,False,2023,31.790212741284492,NO ALERT,83.282,91.14901915386726
2023-12-06,31.38,18.02,71.32,39.071346535338506,Normal,False,2023,34.03277734615686,YELLOW ALERT,88.48400000000001,102.32842376360931
2023-12-07,30.49,20.2,78.73,38.8041626398827,Normal,False,2023,36.91202512393803,YELLOW ALERT,86.88199999999999,101.84749275178885
2023-12-08,26.33,20.4,82.93,28.4827627275451,Normal,False,2023,35.45275730092209,YELLOW ALERT,79.39399999999999,83.26897290958118
2023-12-09,26.09,19.06,81.39,27.898652957424414,Normal,False,2023,31.728526108284058,NO ALERT,78.962,82.21757532336395
2023-12-10,29.26,18.07,75.42,34.437485949800056,Normal,False,2023,30.272967211589844,NO ALERT,84.668,93.98747470964011
2023-12-11,28.96,16.92,73.06,33.21547479213387,Normal,False,2023,31.850537899786094,NO ALERT,84.128,91.78785462584096
2023-12-12,28.53,15.42,74.21,32.42560012386564,Normal,False,2023,33.35952028859984,YELLOW ALERT,83.354,90.36608022295816
2023-12-13,27.31,15.25,73.38,29.729402170267754,Normal,False,2023,31.79015902875574,NO ALERT,81.158,85.51292390648196
2023-12-14,27.83,14.03,73.57,30.795577511093533,Normal,False,2023,30.983526601742295,NO ALERT,82.094,87.43203951996836
2023-12-15,29.16,15.66,79.31,35.03399236641276,Normal,False,2023,31.852990682591336,NO ALERT,84.488,95.06118625954296
2023-12-16,30.08,18.71,80.21,37.97423128477324,Normal,False,2023,34.601267054093164,YELLOW ALERT,86.14399999999999,100.35361631259183
2023-12-17,26.16,19.14,81.62,28.05263585101007,Normal,False,2023,33.68695316739868,YELLOW ALERT,79.088,82.49474453181813
2023-12-18,27.61,18.62,79.43,31.071450797363166,Normal,False,2023,32.36610597771548,YELLOW ALERT,81.69800000000001,87.9286114352537
2023-12-19,27.08,17.38,77.34,29.66024065182659,Normal,False,2023,29.59477576673326,NO ALERT,80.744,85.38843317328786
2023-12-20,28.81,16.93,75.64,33.351713741571885,Normal,False,2023,31.3611350635872,NO ALERT,83.85799999999999,92.03308473482939
2023-12-21,29.8,16.22,74.63,35.6648793432922,Normal,False,2023,32.89227791223021,YELLOW ALERT,85.64,96.19678281792596
2023-12-22,29.83,15.61,70.41,34.72299082231915,Normal,False,2023,34.57986130239439,YELLOW ALERT,85.69399999999999,94.50138348017447
2023-12-23,29.47,14.15,69.47,33.67064099215961,Normal,False,2023,34.68617038592364,YELLOW ALERT,85.046,92.6071537858873
2023-12-24,29.8,14.19,74.88,35.72721655435234,Normal,False,2023,34.706949456277016,YELLOW ALERT,85.64,96.3089897978342
2023-12-25,30.53,16.42,73.42,37.32561076202131,Normal,False,2023,35.57448943617774,YELLOW ALERT,86.954,99.18609937163836
2023-12-26,29.59,14.31,71.45,34.38082613644351,Normal,False,2023,35.8112178176057,YELLOW ALERT,85.262,93.88548704559831
2023-12-27,29.77,14.78,71.84,34.91159317841786,Normal,False,2023,35.53934335896088,YELLOW ALERT,85.586,94.84086772115215
2023-12-28,30.11,15.45,74.86,36.564789658342164,Normal,False,2023,35.285736324401164,YELLOW ALERT,86.19800000000001,97.81662138501589
2023-12-29,29.79,16.78,75.55,35.868335015025046,Normal,False,2023,35.78157261726167,YELLOW ALERT,85.622,96.56300302704508
2023-12-30,30.57,16.86,68.57,36.078062588512594,Normal,False,2023,36.170395753959916,YELLOW ALERT,87.026,96.94051265932266
2023-12-31,30.03,14.11,69.95,35.09903182341368,Normal,False,2023,35.681809808983765,YELLOW ALERT,86.054,95.17825728214463
2024-01-01,30.21,14.97,68.11,35.08286858648725,Normal,False,2024,35.41998766613783,YELLOW ALERT,86.378,95.14916345567705
2024-01-02,29.38,16.69,68.36,33.24223963547374,Normal,False,2024,34.47471334845821,YELLOW ALERT,84.884,91.83603134385272
2024-01-03,28.29,16.69,71.13,31.406566380629176,Normal,False,2024,33.243891534196706,YELLOW ALERT,82.922,88.53181948513252
2024-01-04,25.04,18.28,75.98,25.988166414011566,Normal,False,2024,30.21232414337148,NO ALERT,77.072,78.77869954522082
2024-01-05,29.57,18.39,68.92,33.78151278315818,Normal,False,2024,30.392081859266295,NO ALERT,85.226,92.80672300968472
2024-01-06,28.54,17.46,67.55,31.362904881886525,Normal,False,2024,30.377528026352078,NO ALERT,83.372,88.45322878739574
2024-01-07,27.39,17.35,74.28,29.981905273427824,Normal,False,2024,31.70877431282416,NO ALERT,81.30199999999999,85.96742949217008
2024-01-08,28.3,18.16,78.13,32.543330001855956,Normal,False,2024,31.29604671905675,NO ALERT,82.94,90.57799400334072
2024-01-09,28.72,18.02,74.89,32.99229288690879,Normal,False,2024,31.83917605406418,NO ALERT,83.696,91.38612719643582
2024-01-10,27.89,16.98,70.71,30.545598700495034,Normal,False,2024,32.02707386308658,YELLOW ALERT,82.202,86.98207766089106
2024-01-11,30.93,16.18,65.88,36.23063197862772,Normal,False,2024,33.256174522010504,YELLOW ALERT,87.674,97.2151375615299
2024-01-12,30.19,16.51,71.81,35.970207292157,Normal,False,2024,34.24881265709323,YELLOW ALERT,86.34200000000001,96.7463731258826
2024-01-13,30.8,16.16,69.23,36.84529439652197,Normal,False,2024,36.348711222435554,YELLOW ALERT,87.44,98.32152991373955
2024-01-14,30.38,16.63,66.2,35.01153401738021,Normal,False,2024,35.942345235353045,YELLOW ALERT,86.684,95.02076123128437
2024-01-15,31.37,16.25,64.9,37.02752045779789,Normal,False,2024,36.294782957233345,YELLOW ALERT,88.466,98.6495368240362
2024-01-16,30.76,16.03,66.42,35.966405126361096,Normal,False,2024,36.00181986717972,YELLOW ALERT,87.36800000000001,96.73952922744998
2024-01-17,31.5,15.97,65.57,37.55528715772695,Normal,False,2024,36.849737580628634,YELLOW ALERT,88.7,99.59951688390852
2024-01-18,31.37,17.17,63.35,36.575673012986684,Normal,False,2024,36.699121765691565,YELLOW ALERT,88.466,97.83621142337603
2024-01-19,32.01,16.88,64.27,38.44775113695117,Normal,False,2024,37.52623710255492,YELLOW ALERT,89.618,101.20595204651211
2024-01-20,31.66,18.27,62.82,37.11620440886885,Normal,False,2024,37.37987618626889,YELLOW ALERT,88.988,98.80916793596393
2024-01-21,32.25,16.67,60.9,37.952186291789126,Normal,False,2024,37.8387139458697,YELLOW ALERT,90.05,100.31393532522043
2024-01-22,33.02,17.41,61.28,40.03598879800623,Normal,False,2024,38.36812649955473,YELLOW ALERT,91.436,104.0647798364112
2024-01-23,32.55,17.18,62.06,39.09217396076012,Normal,False,2024,39.026783016851816,YELLOW ALERT,90.59,102.36591312936822
2024-01-24,32.83,18.51,60.03,39.09780426132534,Normal,False,2024,39.40865567336388,YELLOW ALERT,91.094,102.3760476703856
2024-01-25,32.32,17.95,61.82,38.42622035414781,Normal,False,2024,38.87206619207774,YELLOW ALERT,90.176,101.16719663746605
2024-01-26,31.0,16.64,63.3,35.69618108483108,Normal,False,2024,37.740068566768066,YELLOW ALERT,87.8,96.25312595269595
2024-01-27,30.46,15.81,65.14,34.933900800510855,Normal,False,2024,36.35210074649657,YELLOW ALERT,86.828,94.88102144091954
2024-01-28,30.44,16.46,64.77,34.798200907768766,Normal,False,2024,35.14276093103689,YELLOW ALERT,86.792,94.63676163398378
2024-01-29,31.41,16.33,58.31,35.28438666913821,Normal,False,2024,35.00549612580593,YELLOW ALERT,88.538,95.51189600444877
2024-01-30,32.15,13.26,51.71,35.07218399531686,Normal,False,2024,35.0515905240746,YELLOW ALERT,89.86999999999999,95.12993119157035
2024-01-31,33.11,15.86,58.17,39.14325065494197,Normal,False,2024,36.499940439799,YELLOW ALERT,91.598,102.45785117889555
2024-02-01,33.43,18.83,61.17,41.08992687066868,Normal,False,2024,38.43512050697583,YELLOW ALERT,92.174,105.96186836720362
2024-02-02,33.34,19.65,63.46,41.75484897292983,Normal,False,2024,40.662675499513476,YELLOW ALERT,92.01200000000001,107.15872815127369
2024-02-03,33.29,19.75,62.41,41.19516405378138,Normal,False,2024,41.346646632459944,ORANGE ALERT,91.922,106.15129529680648
2024-02-04,32.36,17.12,58.89,37.57553111321013,Normal,False,2024,40.175181379973765,YELLOW ALERT,90.248,99.63595600377823
2024-02-05,33.54,16.15,57.69,40.04394494542642,Normal,False,2024,39.60488003747263,YELLOW ALERT,92.372,104.07910090176755
2024-02-06,34.5,15.72,55.71,41.73213598828689,Normal,False,2024,39.7838706823078,YELLOW ALERT,94.1,107.1178447789164
2024-02-07,34.9,15.75,49.34,40.186286493153524,Normal,False,2024,40.654122475622266,YELLOW ALERT,94.82,104.33531568767634
2024-02-08,35.45,17.07,42.84,39.01829294861778,Normal,False,2024,40.31223847668605,YELLOW ALERT,95.81,102.232927307512
2024-02-09,33.86,16.15,54.09,39.50495505858075,Normal,False,2024,39.56984483345067,YELLOW ALERT,92.94800000000001,103.10891910544535
2024-02-10,32.95,17.65,61.61,39.97328187823278,Normal,False,2024,39.49884329514376,YELLOW ALERT,91.31,103.95190738081901
2024-02-11,32.33,17.35,61.08,38.20701148209148,Normal,False,2024,39.22841613963499,YELLOW ALERT,90.19399999999999,100.77262066776467
2024-02-12,33.46,13.83,56.73,39.49186389495669,Normal,False,2024,39.224052418426965,YELLOW ALERT,92.228,103.08535501092203
2024-02-13,32.86,13.65,62.37,40.01436561412603,Normal,False,2024,39.23774699705805,YELLOW ALERT,91.148,104.02585810542685
2024-02-14,32.77,16.8,60.43,39.08612518685872,Normal,False,2024,39.530784898647134,YELLOW ALERT,90.986,102.3550253363457
2024-02-15,33.01,14.62,53.12,37.240521244140524,Normal,False,2024,38.78033734837508,YELLOW ALERT,91.41799999999999,99.03293823945293
2024-02-16,32.72,14.0,55.74,37.41484731859206,Normal,False,2024,37.913831249863755,YELLOW ALERT,90.896,99.34672517346571
2024-02-17,33.53,13.73,50.41,37.51080267667365,Normal,False,2024,37.388723746468735,YELLOW ALERT,92.354,99.51944481801256
2024-02-18,34.21,15.03,40.63,35.96108137431659,Normal,False,2024,36.96224378986076,YELLOW ALERT,93.578,96.72994647376986
2024-02-19,34.08,15.56,50.17,38.62708395674588,Normal,False,2024,37.36632266924536,YELLOW ALERT,93.344,101.52875112214258
2024-02-20,34.42,17.86,50.94,39.671731809881905,Normal,False,2024,38.086632380314775,YELLOW ALERT,93.956,103.40911725778743
2024-02-21,34.47,18.47,50.57,39.65141473780442,Normal,False,2024,39.31674350147739,YELLOW ALERT,94.046,103.37254652804796
2024-02-22,35.58,19.63,41.9,38.95787320439121,Normal,False,2024,39.42700658402583,YELLOW ALERT,96.044,102.12417176790419
2024-02-23,36.32,20.58,50.96,44.417059749500034,Normal,False,2024,41.00878256389854,ORANGE ALERT,97.376,111.95070754910006
2024-02-24,34.73,21.58,57.57,43.147834714632026,Normal,False,2024,42.17425588950774,ORANGE ALERT,94.514,109.66610248633765
2024-02-25,34.57,20.95,55.92,42.00314495234433,Normal,False,2024,43.189346472158775,ORANGE ALERT,94.226,107.60566091421978
2024-02-26,34.11,18.84,59.6,42.31229200254813,Normal,False,2024,42.48775722317482,ORANGE ALERT,93.398,108.16212560458663
2024-02-27,34.49,18.47,56.26,41.9345413543831,Normal,False,2024,42.08332610309184,ORANGE ALERT,94.08200000000001,107.48217443788958
2024-02-28,34.9,16.7,46.61,39.182350753704654,Normal,False,2024,41.143061370211946,ORANGE ALERT,94.82,102.52823135666839
2024-02-29,34.41,15.98,36.42,35.22172157126084,Normal,False,2024,38.779537893116185,YELLOW ALERT,93.93799999999999,95.3990988282695
2024-03-01,34.27,15.87,45.4,37.46337662677459,Normal,False,2024,37.289149650580015,YELLOW ALERT,93.686,99.43407792819426
2024-03-02,35.8,17.36,37.41,37.903499457441114,Normal,False,2024,36.86286588515883,YELLOW ALERT,96.44,100.226299023394
2024-03-03,35.8,17.46,39.45,38.562708482021954,Normal,False,2024,37.97652818874587,YELLOW ALERT,96.44,101.41287526763952
2024-03-04,36.94,17.82,43.92,42.72934159238212,Normal,False,2024,39.73184984394839,YELLOW ALERT,98.49199999999999,108.91281486628782
2024-03-05,36.74,19.33,38.92,40.24992168051569,Normal,False,2024,40.51399058497324,YELLOW ALERT,98.132,104.44985902492824
2024-03-06,37.03,19.13,34.61,39.266844121849594,Normal,False,2024,40.74870246491579,YELLOW ALERT,98.654,102.68031941932927
2024-03-07,36.08,19.85,34.82,37.61374761240947,Normal,False,2024,39.04350447159157,YELLOW ALERT,96.94399999999999,99.70474570233704
2024-03-08,37.15,20.41,35.43,39.78139417623539,Normal,False,2024,38.88732863683147,YELLOW ALERT,98.86999999999999,103.6065095172237
2024-03-09,36.85,22.07,40.97,41.280340740600145,Normal,False,2024,39.55849417641499,YELLOW ALERT,98.33000000000001,106.30461333308025
2024-03-10,35.66,21.73,44.13,39.92667326704384,Normal,False,2024,40.32946939462644,YELLOW ALERT,96.18799999999999,103.8680118806789
2024-03-11,36.05,20.28,48.3,42.509424981923885,Normal,False,2024,41.238812996522604,ORANGE ALERT,96.89,108.516964967463
2024-03-12,36.65,19.84,44.56,42.32810943244543,Normal,False,2024,41.58806922713771,ORANGE ALERT,97.97,108.19059697840177
2024-03-13,37.17,20.3,38.0,40.78034595130574,Normal,False,2024,41.87262678855834,ORANGE ALERT,98.906,105.40462271235033
2024-03-14,36.68,22.54,36.15,39.137069488641025,Normal,False,2024,40.74850829079739,YELLOW ALERT,98.024,102.44672507955384
2024-03-15,37.88,22.93,32.91,40.25343019441141,Normal,False,2024,40.056948544786046,YELLOW ALERT,100.184,104.45617434994054
2024-03-16,35.4,22.13,41.36,38.41345669275375,Normal,False,2024,39.26798545860205,YELLOW ALERT,95.72,101.14422204695674
2024-03-17,35.9,19.57,44.39,40.55047596471031,Normal,False,2024,39.739120950625136,YELLOW ALERT,96.61999999999999,104.99085673647855
2024-03-18,36.42,19.27,38.1,39.311512496657315,Normal,False,2024,39.42514838470711,YELLOW ALERT,97.55600000000001,102.76072249398317
2024-03-19,36.36,20.59,38.68,39.39735787998857,Normal,False,2024,39.75311544711872,YELLOW ALERT,97.44800000000001,102.91524418397942
2024-03-20,37.07,18.86,44.58,43.334602081314955,Normal,False,2024,40.68115748598694,YELLOW ALERT,98.726,110.00228374636691
2024-03-21,34.68,20.76,54.25,41.59460973607926,Normal,False,2024,41.442189899127584,ORANGE ALERT,94.424,106.87029752494269
2024-03-22,36.03,21.06,49.39,42.93969285850156,Normal,False,2024,42.62296822529858,ORANGE ALERT,96.854,109.29144714530281
2024-03-23,37.04,19.59,46.67,44.23550881722604,Normal,False,2024,42.92327047060227,ORANGE ALERT,98.672,111.62391587100687
2024-03-24,37.54,19.51,39.33,42.102744650686596,Normal,False,2024,43.09264877547139,ORANGE ALERT,99.572,107.78494037123588
2024-03-25,36.85,19.03,39.24,40.59834025953694,Normal,False,2024,42.312197909149845,ORANGE ALERT,98.33000000000001,105.0770124671665
2024-03-26,37.72,19.57,32.6,39.84407058358658,Normal,False,2024,40.848385164603364,YELLOW ALERT,99.896,103.71932705045585
2024-03-27,37.59,18.66,26.83,37.788064948284756,Normal,False,2024,39.410158597136075,YELLOW ALERT,99.662,100.01851690691255
2024-03-28,37.7,19.36,28.17,38.35412947142876,Normal,False,2024,38.66208833443335,YELLOW ALERT,99.86,101.03743304857177
2024-03-29,37.98,20.2,34.32,40.97774298242068,Normal,False,2024,39.03997913404472,YELLOW ALERT,100.364,105.75993736835723
2024-03-30,38.1,20.51,32.28,40.433218203329,Normal,False,2024,39.92169688572613,YELLOW ALERT,100.58000000000001,104.7797927659922
2024-03-31,37.89,18.32,33.69,40.562192586530614,Normal,False,2024,40.65771792409342,YELLOW ALERT,100.202,105.01194665575511
2024-04-01,38.58,19.7,43.43,46.52978463032261,Normal,False,2024,42.50839847339406,ORANGE ALERT,101.44399999999999,115.75361233458071
2024-04-02,39.0,20.84,41.32,46.468074560118794,Normal,False,2024,44.52001725899066,ORANGE ALERT,102.2,115.64253420821383
2024-04-03,39.02,20.08,35.43,43.584915859835405,Normal,False,2024,45.52759168342559,ORANGE ALERT,102.236,110.45284854770372
2024-04-04,38.83,20.58,38.4,44.568825019328386,Normal,False,2024,44.87393847976085,ORANGE ALERT,101.89399999999999,112.2238850347911
2024-04-05,39.43,20.69,29.68,41.91032086704546,Normal,False,2024,43.354687248736404,ORANGE ALERT,102.974,107.43857756068184
2024-04-06,39.27,22.15,27.43,40.746314860913834,Normal,False,2024,42.408486915762545,ORANGE ALERT,102.686,105.3433667496449
2024-04-07,39.11,23.19,28.73,40.951140718104966,Normal,False,2024,41.202592148688076,ORANGE ALERT,102.398,105.71205329258893
2024-04-08,39.25,21.31,35.4,44.068258518931074,Normal,False,2024,41.92190469931661,ORANGE ALERT,102.65,111.32286533407594
2024-04-09,37.85,20.24,48.76,47.46701671632819,Normal,False,2024,44.1621386511214,ORANGE ALERT,100.13000000000001,117.44063008939074
2024-04-10,37.57,19.22,49.36,47.01259912986576,Normal,False,2024,46.182624788374994,ORANGE ALERT,99.626,116.62267843375837
2024-04-11,38.4,20.07,46.81,47.90787366765895,Normal,False,2024,47.462496504617626,ORANGE ALERT,101.11999999999999,118.2341726017861
2024-04-12,37.42,21.09,51.45,47.731324465483,Normal,False,2024,47.55059908766922,ORANGE ALERT,99.35600000000001,117.91638403786939
2024-04-13,37.24,20.1,46.54,44.68114489728912,Normal,False,2024,46.77344767681034,ORANGE ALERT,99.03200000000001,112.42606081512042
2024-04-14,37.57,20.93,42.89,43.75459889178463,Normal,False,2024,45.3890227515189,ORANGE ALERT,99.626,110.75827800521233
2024-04-15,38.29,19.49,41.9,45.01382338327732,Normal,False,2024,44.483189057450346,ORANGE ALERT,100.922,113.02488208989918
2024-04-16,38.76,20.6,43.11,46.821569123683766,Normal,False,2024,45.19666379958189,ORANGE ALERT,101.768,116.27882442263078
2024-04-17,39.35,23.14,38.62,45.897408200872555,Normal,False,2024,45.910933569277866,ORANGE ALERT,102.83000000000001,114.61533476157061
2024-04-18,40.25,24.39,36.87,47.10562209116184,Normal,True,2024,46.60819980523937,ORANGE ALERT,104.45,116.79011976409132
2024-04-19,40.0,26.22,36.14,46.12204518438445,Normal,True,2024,46.37502515880627,ORANGE ALERT,104.0,115.019681331892
2024-04-20,39.74,25.07,35.88,45.391871788282316,Normal,False,2024,46.20651302127619,ORANGE ALERT,103.53200000000001,113.70536921890816
2024-04-21,39.77,22.33,41.17,48.35171107324151,Normal,False,2024,46.621876015302746,ORANGE ALERT,103.586,119.03307993183472
2024-04-22,39.82,22.51,38.59,47.01615902408867,Normal,False,2024,46.919913961870826,ORANGE ALERT,103.676,116.62908624335961
2024-04-23,39.09,22.22,40.19,46.09169518533875,Normal,False,2024,47.1531884275563,ORANGE ALERT,102.36200000000001,114.96505133360975
2024-04-24,39.1,21.34,33.82,43.025663237580765,Normal,False,2024,45.37783914900271,ORANGE ALERT,102.38000000000001,109.44619382764537
2024-04-25,39.75,23.12,36.24,45.59888457580753,Normal,False,2024,44.905414332909004,ORANGE ALERT,103.55,114.07799223645355
2024-04-26,38.91,21.72,36.91,44.03482428624597,Normal,False,2024,44.219790699878075,ORANGE ALERT,102.03799999999998,111.26268371524274
2024-04-27,39.2,20.83,34.06,43.34115671320105,Normal,False,2024,44.324955191751506,ORANGE ALERT,102.56,110.01408208376189
2024-04-28,40.61,21.78,32.47,45.56999219041396,Normal,True,2024,44.31532439662032,ORANGE ALERT,105.098,114.02598594274514
2024-04-29,40.63,22.46,34.11,46.479405031011275,Normal,True,2024,45.13018464487541,ORANGE ALERT,105.134,115.66292905582029
2024-04-30,41.17,21.37,32.35,46.73015783131515,Normal,True,2024,46.259851684246776,ORANGE ALERT,106.10600000000001,116.11428409636726
2024-05-01,40.09,24.33,40.77,48.95273425864727,Normal,True,2024,47.38743237365788,ORANGE ALERT,104.162,120.11492166556508
2024-05-02,39.75,27.78,41.18,48.305427881100925,Normal,False,2024,47.996106657021095,ORANGE ALERT,103.55,118.94977018598166
2024-05-03,40.41,26.3,42.54,50.919602108407325,Normal,True,2024,49.3925880827185,ORANGE ALERT,104.73799999999999,123.65528379513319
2024-05-04,40.05,24.93,47.93,53.46503280289069,Normal,True,2024,50.8966875974663,ORANGE ALERT,104.09,128.23705904520324
2024-05-05,40.7,24.94,40.28,50.26948418712872,Normal,True,2024,51.5513730328089,ORANGE ALERT,105.26,122.4850715368317
2024-05-06,38.5,25.51,48.14,48.95619053639161,Normal,False,2024,50.896902508803656,ORANGE ALERT,101.3,120.1211429655049
2024-05-07,36.14,24.11,57.35,47.13912451084259,Normal,False,2024,48.788266411454295,ORANGE ALERT,97.05199999999999,116.85042411951666
2024-05-08,33.75,23.67,68.38,45.156292298996895,Normal,False,2024,47.08386911541035,ORANGE ALERT,92.75,113.28132613819442
2024-05-09,34.75,22.72,63.99,46.24573591639152,Normal,False,2024,46.18038424207699,ORANGE ALERT,94.55,115.24232464950474
2024-05-10,34.35,22.22,63.21,44.61848487434661,Normal,False,2024,45.34017102991166,ORANGE ALERT,93.83000000000001,112.31327277382391
2024-05-11,35.1,22.82,61.81,46.25112862873012,Normal,False,2024,45.70511647315607,ORANGE ALERT,95.18,115.25203153171421
2024-05-12,34.76,22.24,63.72,46.14213699071028,Normal,False,2024,45.67058349792899,ORANGE ALERT,94.568,115.05584658327851
2024-05-13,33.33,22.6,68.61,43.9107427257172,Normal,False,2024,45.434669448385854,ORANGE ALERT,91.994,111.03933690629096
2024-05-14,33.32,22.47,65.67,42.60952849322753,Normal,False,2024,44.220802736551654,ORANGE ALERT,91.976,108.69715128780955
2024-05-15,35.11,21.95,60.05,45.40393315846503,Normal,False,2024,43.97473479246991,ORANGE ALERT,95.19800000000001,113.72707968523704
2024-05-16,30.7,22.11,70.16,36.84962285884566,Normal,False,2024,41.62102817017939,ORANGE ALERT,87.26,98.3293211459222
2024-05-17,34.02,21.7,63.41,43.7139763001145,Normal,False,2024,41.98917743914172,ORANGE ALERT,93.236,110.6851573402061
2024-05-18,33.07,21.84,70.86,44.07114655068384,Normal,False,2024,41.544915236547986,ORANGE ALERT,91.526,111.32806379123092
2024-05-19,32.61,22.48,73.63,43.761521104622474,Normal,False,2024,43.848881318473595,ORANGE ALERT,90.69800000000001,110.77073798832046
2024-05-20,31.53,21.88,72.14,39.78641877467453,Normal,False,2024,42.53969547666026,ORANGE ALERT,88.75399999999999,103.61555379441415
2024-05-21,31.99,22.3,73.68,41.761916924094805,Normal,False,2024,41.76995226779726,ORANGE ALERT,89.582,107.17145046337065
2024-05-22,33.64,21.36,66.92,44.13157207437896,Normal,False,2024,41.89330259104941,ORANGE ALERT,92.55199999999999,111.43682973388212
2024-05-23,34.44,21.91,66.74,46.62335541792842,Normal,False,2024,44.172281472134046,ORANGE ALERT,93.99199999999999,115.92203975227116
2024-05-24,35.14,22.89,65.62,48.38411067388411,Normal,False,2024,46.37967938873047,ORANGE ALERT,95.252,119.09139921299139
2024-05-25,29.12,22.38,73.6,33.70404470792722,Normal,False,2024,42.903836933246566,ORANGE ALERT,84.416,92.66728047426899
2024-05-26,33.32,22.64,67.47,43.379037795873884,Normal,False,2024,41.82239772589506,ORANGE ALERT,91.976,110.082268032573
2024-05-27,33.42,21.9,68.88,44.31894792451596,Normal,False,2024,40.467343476105675,YELLOW ALERT,92.156,111.77410626412873
2024-05-28,35.26,22.05,62.5,47.11304809452625,Normal,False,2024,44.93701127163868,ORANGE ALERT,95.46799999999999,116.80348657014724
2024-05-29,34.1,22.41,64.31,44.365606119624914,Normal,False,2024,45.265867379555694,ORANGE ALERT,93.38000000000001,111.85809101532485
2024-05-30,34.87,22.56,66.66,48.02661196820956,Normal,False,2024,46.50175539412023,ORANGE ALERT,94.76599999999999,118.4479015427772
2024-05-31,34.55,23.45,66.39,46.810103620210306,Normal,False,2024,46.40077390268158,ORANGE ALERT,94.19,116.25818651637856
2024-06-01,30.65,24.33,75.11,38.16977359631667,Normal,False,2024,44.33549639491216,ORANGE ALERT,87.16999999999999,100.70559247337002
2024-06-02,28.03,22.44,80.58,32.26501435730085,Normal,False,2024,39.08163052460927,YELLOW ALERT,82.45400000000001,90.07702584314153
2024-06-03,31.51,21.29,72.5,39.85215811938329,Normal,False,2024,36.76231535766692,YELLOW ALERT,88.718,103.73388461488993
2024-06-04,30.35,22.49,79.19,38.509887021496695,Normal,False,2024,36.875686499393595,YELLOW ALERT,86.63000000000001,101.31779663869405
2024-06-05,28.47,22.41,81.44,33.57253107367006,Normal,False,2024,37.311525404849995,YELLOW ALERT,83.24600000000001,92.43055593260611
2024-06-06,28.63,21.73,80.88,33.902128144005,Normal,False,2024,35.3281820797239,YELLOW ALERT,83.534,93.023830659209
2024-06-07,28.34,22.02,78.96,32.7847645808894,Normal,False,2024,33.41980793285481,YELLOW ALERT,83.012,91.01257624560091
2024-06-08,30.42,20.88,74.66,37.375235768267686,Normal,False,2024,34.68737616438735,YELLOW ALERT,86.756,99.27542438288182
2024-06-09,30.42,20.67,74.49,37.32631849855925,Normal,False,2024,35.82877294923876,YELLOW ALERT,86.756,99.18737329740665
2024-06-10,29.58,20.62,74.99,35.17052725163458,Normal,False,2024,36.62402717282049,YELLOW ALERT,85.244,95.30694905294224
2024-06-11,26.34,20.26,73.97,28.007425195965286,Normal,False,2024,33.501423648719694,YELLOW ALERT,79.412,82.41336535273751
2024-06-12,28.72,19.89,74.46,32.91324042699442,Normal,False,2024,32.03039762486475,YELLOW ALERT,83.696,91.24383276858995
2024-06-13,29.91,18.96,68.58,34.48810406831324,Normal,False,2024,31.8029232304243,NO ALERT,85.838,94.07858732296384
2024-06-14,28.78,19.75,64.56,31.352841166388867,Normal,False,2024,32.91806188723216,YELLOW ALERT,83.804,88.43511409949996
2024-06-15,29.93,19.36,74.16,35.892923866156515,Normal,False,2024,33.9112897002862,YELLOW ALERT,85.874,96.60726295908174
2024-06-16,31.77,20.31,70.53,39.92698903726447,Normal,False,2024,35.72425135660327,YELLOW ALERT,89.186,103.86858026707606
2024-06-17,31.78,19.96,67.98,39.07373877359204,Normal,False,2024,38.297883892337666,YELLOW ALERT,89.204,102.33272979246567
2024-06-18,29.38,21.51,76.85,35.07414431179714,Normal,False,2024,38.02495737421787,YELLOW ALERT,84.884,95.13345976123485
2024-06-19,29.08,20.06,72.0,33.28906450266529,Normal,False,2024,35.81231586268481,YELLOW ALERT,84.344,91.92031610479752
2024-06-20,31.34,20.57,72.8,39.45149283707543,Normal,False,2024,35.93823388384593,YELLOW ALERT,88.412,103.01268710673577
2024-06-21,30.39,21.06,74.47,37.23618828103934,Normal,False,2024,36.65891520692667,YELLOW ALERT,86.702,99.02513890587082
2024-06-22,30.13,19.35,70.36,35.446811686024624,Normal,False,2024,37.37816426804645,YELLOW ALERT,86.23400000000001,95.80426103484432
2024-06-23,29.27,20.54,76.13,34.61963738201917,Normal,False,2024,35.7675457830277,YELLOW ALERT,84.686,94.31534728763451
2024-06-24,29.19,20.0,76.25,34.43746750019952,Normal,False,2024,34.83463885608109,YELLOW ALERT,84.542,93.98744150035913
2024-06-25,30.15,19.93,71.3,35.735536644601666,Normal,False,2024,34.930880508940106,YELLOW ALERT,86.27,96.323965960283
2024-06-26,28.76,20.15,65.82,31.51512957555542,Normal,False,2024,33.89604457345219,YELLOW ALERT,83.768,88.72723323599976
2024-06-27,26.55,19.48,70.29,28.140131009943033,Normal,False,2024,31.79693241003336,NO ALERT,79.79,82.65223581789746
2024-06-28,31.39,19.23,63.3,36.608970356071175,Normal,False,2024,32.0880769805232,YELLOW ALERT,88.502,97.89614664092811
2024-06-29,33.03,19.06,70.09,43.60449642435059,Normal,False,2024,36.11786593012159,YELLOW ALERT,91.454,110.48809356383107
2024-06-30,30.74,20.75,68.85,36.58366090900782,Normal,False,2024,38.932375896476515,YELLOW ALERT,87.332,97.85058963621407
2024-07-01,28.63,20.37,73.92,32.60571256135998,Normal,False,2024,37.59795663157278,YELLOW ALERT,83.534,90.69028261044797
2024-07-02,32.7,19.56,63.33,39.93835729857729,Normal,False,2024,36.37591025631502,YELLOW ALERT,90.86,103.88904313743912
2024-07-03,30.62,20.52,73.2,37.51197907785675,Normal,False,2024,36.685349645931325,YELLOW ALERT,87.116,99.52156234014214
2024-07-04,32.3,21.07,69.19,40.99201297336732,Normal,False,2024,39.48078311660044,YELLOW ALERT,90.14,105.78562335206118
2024-07-05,27.69,20.92,75.22,30.712756781046796,Normal,False,2024,36.40558294409028,YELLOW ALERT,81.842,87.28296220588423
2024-07-06,29.29,20.34,75.76,34.58974084586715,Normal,False,2024,35.431503533427076,YELLOW ALERT,84.72200000000001,94.26153352256087
2024-07-07,30.44,20.75,73.13,36.99451617524928,Normal,False,2024,34.09900460072106,YELLOW ALERT,86.792,98.5901291154487
2024-07-08,29.47,19.95,75.02,34.890168544755035,Normal,False,2024,35.49147518862381,YELLOW ALERT,85.046,94.80230338055907
2024-07-09,30.58,19.43,76.85,38.49646704717849,Normal,False,2024,36.793717255727586,YELLOW ALERT,87.044,101.29364068492129
2024-07-10,28.3,21.24,78.0,32.521498294237915,Normal,False,2024,35.30271129539046,YELLOW ALERT,82.94,90.53869692962824
2024-07-11,30.78,20.03,70.84,37.257653569844685,Normal,False,2024,36.09187297042035,YELLOW ALERT,87.404,99.06377642572043
2024-07-12,29.76,19.78,69.68,34.387917736893364,Normal,False,2024,34.72235653365865,YELLOW ALERT,85.56800000000001,93.89825192640805
2024-07-13,30.68,19.75,71.22,37.09981137503242,Normal,False,2024,36.24846089392347,YELLOW ALERT,87.224,98.77966047505835
2024-07-14,28.99,20.38,75.24,33.717865090996696,Normal,False,2024,35.068531400974145,YELLOW ALERT,84.18199999999999,92.69215716379405
2024-07-15,27.76,20.97,82.1,31.803918822095778,Normal,False,2024,34.20719842937495,YELLOW ALERT,81.968,89.2470538797724
2024-07-16,28.38,21.25,77.66,32.66081845066091,Normal,False,2024,32.72753412125112,YELLOW ALERT,83.084,90.78947321118964
2024-07-17,28.49,20.7,77.59,32.92101871479556,Normal,False,2024,32.461918662517405,YELLOW ALERT,83.282,91.257833686632
2024-07-18,29.47,21.27,75.92,35.098631750462154,Normal,False,2024,33.560156305306194,YELLOW ALERT,85.046,95.17753715083188
2024-07-19,27.42,21.23,78.68,30.54092542466876,Normal,False,2024,32.85352529664214,YELLOW ALERT,81.35600000000001,86.97366576440376
2024-07-20,28.29,20.83,77.56,32.4235732287501,Normal,False,2024,32.68771013462699,YELLOW ALERT,82.922,90.36243181175018
2024-07-21,31.3,20.36,73.88,39.699439939466295,Normal,False,2024,34.22131286429504,YELLOW ALERT,88.34,103.45899189103933
2024-07-22,30.45,20.89,72.33,36.79708058743579,Normal,False,2024,36.30669791855072,YELLOW ALERT,86.81,98.23474505738442
2024-07-23,30.73,19.78,70.9,37.14123118132604,Normal,False,2024,37.87925056940936,YELLOW ALERT,87.314,98.85421612638687
2024-07-24,29.52,20.27,72.27,34.39370391088106,Normal,False,2024,36.11067189321428,YELLOW ALERT,85.136,93.90866703958591
2024-07-25,30.08,20.71,71.36,35.5727739930626,Normal,False,2024,35.702569695089885,YELLOW ALERT,86.14399999999999,96.03099318751268
2024-07-26,29.53,21.54,72.05,34.36913561134229,Normal,False,2024,34.77853783842863,YELLOW ALERT,85.154,93.86444410041612
2024-07-27,30.84,20.62,71.7,37.675469264001315,Normal,False,2024,35.87245962280205,YELLOW ALERT,87.512,99.81584467520237
2024-07-28,31.77,20.33,70.12,39.78273644771204,Normal,False,2024,37.27578044101853,YELLOW ALERT,89.186,103.60892560588168
2024-07-29,31.29,20.92,74.22,39.78559811208342,Normal,False,2024,39.08126794126557,YELLOW ALERT,88.322,103.61407660175016
2024-07-30,28.76,21.81,76.58,33.40808320532589,Normal,False,2024,37.6588059217071,YELLOW ALERT,83.768,92.1345497695866
2024-07-31,29.06,21.53,79.6,34.8206296111031,Normal,False,2024,36.004770309504124,YELLOW ALERT,84.30799999999999,94.67713329998557
2024-08-01,30.44,21.36,75.87,37.78550301591583,Normal,False,2024,35.33807194411492,YELLOW ALERT,86.792,100.01390542864848
2024-08-02,29.29,20.84,74.87,34.39394154712558,Normal,False,2024,35.666691391381484,YELLOW ALERT,84.72200000000001,93.90909478482604
2024-08-03,29.19,20.02,75.96,34.374656631769625,Normal,False,2024,35.51803373160366,YELLOW ALERT,84.542,93.87438193718533
2024-08-04,28.94,20.47,76.18,33.78206764388861,Normal,False,2024,34.18355527426126,YELLOW ALERT,84.09200000000001,92.80772175899949
2024-08-05,30.96,19.63,73.61,38.60500160544374,Normal,False,2024,35.58724196036731,YELLOW ALERT,87.728,101.48900288979874
2024-08-06,27.59,21.3,82.5,31.425632851826794,Normal,False,2024,34.6042340337197,YELLOW ALERT,81.662,88.56613913328823
2024-08-07,27.45,20.25,82.83,31.114275096352205,Normal,False,2024,33.71496985120756,YELLOW ALERT,81.41,88.00569517343396
2024-08-08,29.94,20.63,77.15,36.70254040278443,Normal,False,2024,33.0808161169878,YELLOW ALERT,85.89200000000001,98.06457272501197
2024-08-09,30.09,20.63,76.67,37.00180989142202,Normal,False,2024,34.93954179685287,YELLOW ALERT,86.162,98.60325780455963
2024-08-10,28.3,21.6,81.45,33.11504570546258,Normal,False,2024,35.60646533322299,YELLOW ALERT,82.94,91.60708226983265
2024-08-11,29.24,21.4,81.02,35.65723570963624,Normal,False,2024,35.25803043550693,YELLOW ALERT,84.63199999999999,96.18302427734524
2024-08-12,27.47,21.76,86.76,31.673583239689734,Normal,False,2024,33.4819548849295,YELLOW ALERT,81.446,89.01244983144151
2024-08-13,30.46,21.1,79.93,39.085928519064375,Normal,False,2024,35.472249156130104,YELLOW ALERT,86.828,102.35467133431588
2024-08-14,29.91,22.41,79.79,37.33384719944524,Normal,False,2024,36.0311196527331,YELLOW ALERT,85.838,99.20092495900143
2024-08-15,31.07,21.44,76.92,40.030928137656424,Normal,False,2024,38.81690128538867,YELLOW ALERT,87.926,104.05567064778157
2024-08-16,30.97,21.81,79.13,40.471628934036985,Normal,False,2024,39.27880142371287,YELLOW ALERT,87.74600000000001,104.84893208126657
2024-08-17,29.66,22.15,84.7,37.91022538572363,Normal,False,2024,39.47092748580567,YELLOW ALERT,85.388,100.23840569430253
2024-08-18,30.61,21.48,76.64,38.52185261137959,Normal,False,2024,38.967902310380055,YELLOW ALERT,87.098,101.33933470048326
2024-08-19,29.31,21.57,78.65,35.300283015269514,Normal,False,2024,37.24412033745757,YELLOW ALERT,84.758,95.54050942748513
2024-08-20,30.61,21.43,79.3,39.363647211820094,Normal,False,2024,37.72859427948972,YELLOW ALERT,87.098,102.85456498127617
2024-08-21,28.57,21.97,83.66,34.28346036626729,Normal,False,2024,36.31579686445229,YELLOW ALERT,83.426,93.71022865928113
2024-08-22,27.64,21.11,83.51,31.691705755896326,Normal,False,2024,35.11293777799455,YELLOW ALERT,81.752,89.04507036061338
2024-08-23,29.56,20.65,79.56,36.233278666753364,Normal,False,2024,34.06948159630564,YELLOW ALERT,85.208,97.21990160015606
2024-08-24,28.32,20.12,78.76,32.699950848431286,Normal,False,2024,33.54164509036031,YELLOW ALERT,82.976,90.85991152717631
2024-08-25,28.08,20.2,81.51,32.542683678509604,Normal,False,2024,33.82530439789807,YELLOW ALERT,82.544,90.57683062131728
2024-08-26,30.14,20.34,76.63,37.13450163748384,Normal,False,2024,34.125712054808226,YELLOW ALERT,86.252,98.8421029474709
2024-08-27,27.82,20.74,81.43,31.860069259830407,Normal,False,2024,33.8457515252746,YELLOW ALERT,82.076,89.34812466769473
2024-08-28,29.5,20.07,79.24,35.97959250010269,Normal,False,2024,34.99138779913896,YELLOW ALERT,85.1,96.76326650018484
2024-08-29,28.95,20.11,80.2,34.645401463420384,Normal,False,2024,34.16168774111781,YELLOW ALERT,84.11,94.36172263415669
2024-08-30,27.95,20.57,84.56,32.68476214791254,Normal,False,2024,34.43658537047852,YELLOW ALERT,82.31,90.83257186624256
2024-08-31,25.17,20.54,82.65,26.134478721242854,Normal,False,2024,31.154880777525246,NO ALERT,77.30600000000001,79.04206169823713
2024-09-01,28.3,20.13,76.05,32.199039555460594,Normal,False,2024,30.339426808205314,NO ALERT,82.94,89.95827119982907
2024-09-02,29.46,18.5,76.85,35.29006799959846,Normal,False,2024,31.207862092100623,NO ALERT,85.02799999999999,95.52212239927724
2024-09-03,29.44,19.46,78.3,35.58025108649589,Normal,False,2024,34.3564528805183,YELLOW ALERT,84.992,96.04445195569261
2024-09-04,28.46,20.75,82.07,33.6633682678927,Normal,False,2024,34.844562451329004,YELLOW ALERT,83.228,92.59406288220686
2024-09-05,28.66,20.6,82.82,34.373838909824165,Normal,False,2024,34.53915275473757,YELLOW ALERT,83.588,93.8729100376835
2024-09-06,25.85,20.76,86.55,27.56461178526088,Normal,False,2024,31.867272987659234,NO ALERT,78.53,81.61630121346958
2024-09-07,27.84,20.63,83.89,32.27871559347659,Normal,False,2024,31.4057220961872,NO ALERT,82.112,90.10168806825786
2024-09-08,28.44,20.62,81.16,33.43909911931317,Normal,False,2024,31.094142166016866,NO ALERT,83.19200000000001,92.1903784147637
2024-09-09,29.26,20.74,78.07,35.02878180710562,Normal,False,2024,33.58219883996511,YELLOW ALERT,84.668,95.05180725279011
2024-09-10,29.52,20.46,78.94,35.962678285404884,Normal,False,2024,34.81018640394121,YELLOW ALERT,85.136,96.73282091372879
2024-09-11,29.29,20.12,77.09,34.8875094554664,Normal,False,2024,35.292989849325615,YELLOW ALERT,84.72200000000001,94.79751701983952
2024-09-12,29.31,19.62,78.6,35.288638949910485,Normal,False,2024,35.379608896927245,YELLOW ALERT,84.758,95.51955010983887
2024-09-13,30.31,19.97,74.14,36.920100074384564,Normal,False,2024,35.6987494932538,YELLOW ALERT,86.55799999999999,98.45618013389222
2024-09-14,29.26,19.83,73.92,34.11359311572979,Normal,False,2024,35.440777380008264,YELLOW ALERT,84.668,93.40446760831362
2024-09-15,30.71,19.56,73.19,37.76099735033711,Normal,False,2024,36.264896846817145,YELLOW ALERT,87.27799999999999,99.96979523060679
2024-09-16,30.04,19.46,74.32,36.22990717657687,Normal,False,2024,36.034832547547914,YELLOW ALERT,86.072,97.21383291783837
2024-09-17,30.94,20.49,72.58,38.223679283541706,Normal,False,2024,37.404861270151876,YELLOW ALERT,87.69200000000001,100.80262271037506
2024-09-18,30.14,19.75,73.59,36.30683281839106,Normal,False,2024,36.9201397595032,YELLOW ALERT,86.252,97.35229907310391
2024-09-19,31.17,19.26,70.25,38.13702806849955,Normal,False,2024,37.55584672347742,YELLOW ALERT,88.10600000000001,100.6466505232992
2024-09-20,29.26,19.51,74.62,34.26377127473601,Normal,False,2024,36.23587738720886,YELLOW ALERT,84.668,93.67478829452482
2024-09-21,29.39,20.02,77.98,35.36511757011259,Normal,False,2024,35.92197230444937,YELLOW ALERT,84.902,95.65721162620267
2024-09-22,29.09,20.27,79.43,34.866320251360875,Normal,False,2024,34.83173636540314,YELLOW ALERT,84.362,94.75937645244957
2024-09-23,27.83,20.01,84.45,32.33676792803895,Normal,False,2024,34.189401916504124,YELLOW ALERT,82.094,90.20618227047012
2024-09-24,26.63,21.33,87.44,29.498837406252253,Normal,False,2024,32.23397519521735,YELLOW ALERT,79.934,85.09790733125405
2024-09-25,28.52,20.93,82.65,33.94166067291643,Normal,False,2024,31.92575533573586,NO ALERT,83.336,93.09498921124957
2024-09-26,29.02,20.51,78.19,34.40648360235997,Normal,False,2024,32.61566056050953,YELLOW ALERT,84.236,93.93167048424795
2024-09-27,29.52,19.33,76.53,35.37658627000468,Normal,False,2024,34.574910181760345,YELLOW ALERT,85.136,95.67785528600842
2024-09-28,29.1,20.32,80.85,35.21270234934713,Normal,False,2024,34.998590740570585,YELLOW ALERT,84.38000000000001,95.38286422882484
2024-09-29,30.16,20.36,80.54,38.321399115362574,Normal,False,2024,36.303562578238115,YELLOW ALERT,86.288,100.97851840765263
2024-09-30,31.29,20.93,75.01,40.05818368154977,Normal,False,2024,37.86409504875314,YELLOW ALERT,88.322,104.10473062678959
2024-10-01,32.14,19.61,71.87,41.53293747408304,Normal,False,2024,39.970840090331784,YELLOW ALERT,89.852,106.75928745334947
2024-10-02,32.22,20.43,72.1,41.87145923537724,Normal,False,2024,41.154193463670005,ORANGE ALERT,89.99600000000001,107.36862662367903
2024-10-03,27.27,21.68,88.81,31.37110910631496,Normal,False,2024,38.25850193859173,YELLOW ALERT,81.086,88.46799639136694
2024-10-04,27.59,21.03,87.68,32.139566880701125,Normal,False,2024,35.12737840746443,YELLOW ALERT,81.662,89.85122038526202
2024-10-05,27.65,21.18,86.35,32.119725263263234,Normal,False,2024,31.87680041675976,NO ALERT,81.77,89.81550547387381
2024-10-06,27.12,19.05,80.75,30.084413154806853,Normal,False,2024,31.447901766257058,NO ALERT,80.816,86.15194367865233
2024-10-07,28.63,18.78,80.74,33.874705496923646,Normal,False,2024,32.026281304997894,YELLOW ALERT,83.534,92.97446989446256
2024-10-08,29.32,20.06,82.64,36.28838085056136,Normal,False,2024,33.415833167430605,YELLOW ALERT,84.776,97.31908553101044
2024-10-09,29.36,20.46,83.48,36.622370600489745,Normal,False,2024,35.59515231599157,YELLOW ALERT,84.848,97.92026708088154
2024-10-10,28.54,20.48,83.6,34.18467322899054,Normal,False,2024,35.698474893347196,YELLOW ALERT,83.372,93.53241181218297
2024-10-11,28.47,20.58,84.46,34.1501099622038,Normal,False,2024,34.98571793056135,YELLOW ALERT,83.24600000000001,93.47019793196685
2024-10-12,25.74,20.24,89.25,27.3730989859754,Normal,False,2024,31.9026273923899,NO ALERT,78.332,81.27157817475572
2024-10-13,26.21,20.49,88.7,28.511668129957954,Normal,False,2024,30.01162569271237,NO ALERT,79.178,83.32100263392432
2024-10-14,25.4,20.35,89.26,26.57220993640464,Normal,False,2024,27.485659017445982,NO ALERT,77.72,79.82997788552835
2024-10-15,25.96,20.48,91.09,27.974727964225938,Normal,False,2024,27.686202010196165,NO ALERT,78.72800000000001,82.35451033560669
2024-10-16,24.75,19.95,95.08,24.87734016318661,Normal,False,2024,26.474759354605713,NO ALERT,76.55,76.7792122937359
2024-10-17,28.18,21.75,89.6,34.24810693339915,Normal,False,2024,29.03339168693722,NO ALERT,82.724,93.64659248011847
2024-10-18,28.73,20.78,82.44,34.49667356560534,Normal,False,2024,31.20737355406369,NO ALERT,83.714,94.09401241808962
2024-10-19,26.23,20.47,90.69,28.666910706760227,Normal,False,2024,32.47056373525489,YELLOW ALERT,79.214,83.60043927216842
2024-10-20,26.94,20.95,88.61,30.425202587112363,Normal,False,2024,31.19626228649263,NO ALERT,80.492,86.76536465680225
2024-10-21,28.25,20.95,87.2,34.01689911088268,Normal,False,2024,31.03633746825174,NO ALERT,82.85,93.23041839958883
2024-10-22,28.19,20.78,85.98,33.613226547453166,Normal,False,2024,32.685109415149384,YELLOW ALERT,82.742,92.5038077854157
2024-10-23,28.09,21.17,83.38,32.877687526335116,Normal,False,2024,33.502604394890305,YELLOW ALERT,82.562,91.17983754740321
2024-10-24,27.72,20.44,81.45,31.610496609579904,Normal,False,2024,32.700470227789374,YELLOW ALERT,81.896,88.89889389724382
2024-10-25,27.94,19.01,80.25,31.987203752050327,Normal,False,2024,32.15846262932177,YELLOW ALERT,82.292,89.57696675369058
2024-10-26,27.41,17.36,76.86,30.309446852718267,Normal,False,2024,31.302382404782815,NO ALERT,81.338,86.55700433489288
2024-10-27,25.3,19.26,86.41,26.36153573719163,Normal,False,2024,29.552728780653393,NO ALERT,77.54,79.45076432694493
2024-10-28,27.76,17.82,74.76,30.803132150834458,Normal,False,2024,29.15803824691477,NO ALERT,81.968,87.44563787150203
2024-10-29,28.49,18.55,80.13,33.38240834801257,Normal,False,2024,30.182358745346203,NO ALERT,83.282,92.08833502642263
2024-10-30,28.31,19.04,84.08,33.61581271846574,Normal,False,2024,32.60045107243757,YELLOW ALERT,82.958,92.50846289323833
2024-10-31,28.49,21.0,85.32,34.378771229240165,Normal,False,2024,33.79233076523948,YELLOW ALERT,83.282,93.8817882126323
2024-11-01,27.88,20.05,87.11,32.895313743414526,Normal,False,2024,33.62996589704013,YELLOW ALERT,82.184,91.21156473814615
2024-11-02,28.04,19.27,84.78,32.97269009850554,Normal,False,2024,33.41559169038673,YELLOW ALERT,82.472,91.35084217730997
2024-11-03,27.32,18.04,84.63,31.002153583717227,Normal,False,2024,32.29005247521241,YELLOW ALERT,81.176,87.803876450691
2024-11-04,27.26,18.71,85.1,30.901527902705894,Normal,False,2024,31.625457194976203,NO ALERT,81.068,87.6227502248706
2024-11-05,26.97,17.44,85.22,30.16982902255663,Normal,False,2024,30.691170169659898,NO ALERT,80.54599999999999,86.30569224060193
2024-11-06,27.34,17.22,84.62,31.052898245058948,Normal,False,2024,30.708085056773808,NO ALERT,81.212,87.8952168411061
2024-11-07,27.56,19.39,87.21,31.987600850535685,Normal,False,2024,31.07010937271707,NO ALERT,81.608,89.57768153096423
2024-11-08,27.67,18.98,85.75,32.08903056416628,Normal,False,2024,31.709843219920288,NO ALERT,81.80600000000001,89.7602550154993
2024-11-09,26.78,18.12,85.87,29.75089286222159,Normal,False,2024,31.275841425641172,NO ALERT,80.20400000000001,85.55160715199887
2024-11-10,26.65,17.2,84.42,29.314544228137336,Normal,False,2024,30.384822551508382,NO ALERT,79.97,84.7661796106472
2024-11-11,26.36,17.22,81.78,28.481827972091676,Normal,False,2024,29.182421687483515,NO ALERT,79.44800000000001,83.26729034976502
2024-11-12,26.03,17.09,86.34,27.970360341521843,Normal,False,2024,28.588910847250265,NO ALERT,78.854,82.34664861473932
2024-11-13,26.68,19.29,88.26,29.694371577498302,Normal,False,2024,28.715519963703922,NO ALERT,80.024,85.44986883949694
2024-11-14,27.13,20.27,88.03,30.886713888766426,Normal,False,2024,29.51714860259551,NO ALERT,80.834,87.59608499977956
2024-11-15,26.46,20.27,89.0,29.17163663998913,Normal,False,2024,29.91757403541794,NO ALERT,79.628,84.50894595198044
2024-11-16,26.98,19.99,88.27,30.50043799914709,Normal,False,2024,30.186262842634196,NO ALERT,80.564,86.90078839846475
2024-11-17,27.19,19.22,86.48,30.875288997169402,Normal,False,2024,30.182454545435192,NO ALERT,80.94200000000001,87.57552019490493
2024-11-18,27.28,18.74,85.82,31.038771347147904,Normal,False,2024,30.804832781154783,NO ALERT,81.104,87.86978842486623
2024-11-19,26.7,18.14,84.9,29.47251476896334,Normal,False,2024,30.462191704426868,NO ALERT,80.06,85.05052658413402
2024-11-20,26.43,17.18,83.8,28.758584400879425,Normal,False,2024,29.75662350566354,NO ALERT,79.574,83.76545192158297
2024-11-21,26.89,15.96,80.52,29.54370248869471,Normal,False,2024,29.258267219512476,NO ALERT,80.402,85.17866447965048
2024-11-22,25.82,15.91,84.4,27.439800875692168,Normal,False,2024,28.580695921755417,NO ALERT,78.476,81.3916415762459
2024-11-23,27.3,15.13,80.65,30.490985943528035,Normal,False,2024,29.158163102638287,NO ALERT,81.14,86.88377469835046
2024-11-24,27.33,17.46,82.08,30.72640496073887,Normal,False,2024,29.55239725998634,NO ALERT,81.19399999999999,87.30752892932996
2024-11-25,25.71,17.22,83.75,27.193828061722556,Normal,False,2024,29.470406321996467,NO ALERT,78.278,80.9488905111006
2024-11-26,22.59,17.98,90.36,21.151973699902435,Normal,False,2024,26.357402240787934,NO ALERT,72.662,70.07355265982439
2024-11-27,25.87,17.54,84.15,27.539448269692418,Normal,False,2024,25.29508334377245,NO ALERT,78.566,81.57100688544635
2024-11-28,26.33,16.33,77.92,28.20359709666566,Normal,False,2024,25.63167302208682,NO ALERT,79.39399999999999,82.76647477399818
2024-11-29,26.25,17.77,86.86,28.51444494064684,Normal,False,2024,28.085830102334956,NO ALERT,79.25,83.32600089316432
2024-11-30,24.21,20.61,91.11,23.91303992489368,Normal,False,2024,26.87702732073538,NO ALERT,75.578,75.04347186480862
2024-12-01,24.03,20.52,94.09,23.276837460559534,Normal,False,2024,25.234774108700005,NO ALERT,75.254,73.89830742900716
2024-12-02,24.65,20.65,94.39,24.669861334807145,Normal,False,2024,23.95324624008677,NO ALERT,76.37,76.40575040265286
2024-12-03,27.38,20.45,88.66,31.667883431538396,Normal,False,2024,26.53819407563501,NO ALERT,81.28399999999999,89.00219017676912
2024-12-04,27.03,18.69,88.36,30.646823902693217,Normal,False,2024,28.994856223012903,NO ALERT,80.654,87.16428302484779
2024-12-05,27.72,19.6,86.61,32.35571739851131,Normal,False,2024,31.556808244247623,NO ALERT,81.896,90.24029131732036
2024-12-06,28.14,18.8,84.13,33.143684030994955,Normal,False,2024,32.04874177739981,YELLOW ALERT,82.652,91.65863125579092
2024-12-07,27.96,19.03,85.3,32.832461535052744,Normal,False,2024,32.77728765485299,YELLOW ALERT,82.328,91.09843076309494
2024-12-08,27.94,18.32,82.09,32.268383791379165,Normal,False,2024,32.748176452475604,YELLOW ALERT,82.292,90.0830908244825
2024-12-09,27.72,18.39,85.02,32.1207921459422,Normal,False,2024,32.40721249079135,YELLOW ALERT,81.896,89.81742586269596
2024-12-10,27.2,18.79,85.3,30.768159670340385,Normal,False,2024,31.719111869220566,NO ALERT,80.96,87.38268740661269
2024-12-11,26.82,19.1,85.8,29.845397789987388,Normal,False,2024,30.911449868756637,NO ALERT,80.276,85.7217160219773
2024-12-12,23.65,19.53,92.39,22.674356603894477,Normal,False,2024,27.7626380214074,NO ALERT,74.57,72.81384188701006
2024-12-13,25.5,19.02,87.43,26.793548059119654,Normal,False,2024,26.437767484333822,NO ALERT,77.9,80.22838650641538
2024-12-14,25.84,16.61,83.59,27.45998853370548,Normal,False,2024,25.642631065573187,NO ALERT,78.512,81.42797936066987
