{"type": "FeatureCollection", "crs": {"type": "name", "properties": {"name": "urn:ogc:def:crs:OGC:1.3:CRS84"}}, "features": [{"type": "Feature", "properties": {"Ward_No": 92, "Ward_Name": "Shivajinagar", "Zone": "East", "Risk_Score": 0.982, "Alert_Level": "RED", "Severity_Band": "extreme", "Priority_Rank": 1, "Pop_Density_per_km2": 83116.3, "Green_Cover_Pct": 8.0, "Water_Stress_Index": 95.0, "Heat_Intensity_Index": 100.0}, "geometry": {"type": "MultiPolygon", "coordinates": [[[[77.60978496736143, 12.992678138825664], [77.60961821714345, 12.99209319802829], [77.6093755563212, 12.991075649132481], [77.609205883558, 12.990151519089798], [77.6089885401241, 12.98925925169499], [77.60881936288952, 12.9883821945111], [77.60872848865431, 12.987905611039498], [77.60870942065682, 12.987773674167352], [77.60858632737214, 12.987200698791979], [77.60845279418561, 12.986602859419307], [77.60833912198923, 12.986444220814551], [77.60777121306414, 12.98666962076679], [77.60727862457246, 12.986794400722728], [77.6071326700399, 12.986768759761565], [77.60698781124422, 12.986820104440977], [77.60650084101644, 12.986824990468424], [77.60615527726559, 12.986809982723127], [77.60607587593108, 12.986782031461066], [77.60564261514772, 12.985558658353076], [77.6056097255149, 12.98549061107616], [77.60557075826478, 12.985354249944004], [77.60539918197858, 12.98545402505525], [77.60533145014601, 12.985517431232587], [77.60301177771953, 12.98502312516015], [77.60207508761351, 12.984832967546122], [77.60183512141501, 12.984720490153274], [77.60184182612983, 12.984683328365865], [77.60174174212295, 12.98466641108894], [77.60176438527816, 12.984709713173213], [77.60179097984027, 12.98480001066413], [77.60179046839067, 12.984800041225828], [77.60180910865378, 12.984947465349618], [77.6018155723958, 12.984998600914894], [77.60192568549006, 12.98672352689464], [77.60194914645803, 12.98720676196111], [77.60202086432882, 12.98806397548766], [77.60202808886656, 12.988150317746879], [77.60203990471004, 12.988198568825467], [77.60208952306766, 12.98840120075594], [77.60217238853787, 12.989121448395915], [77.60250448887581, 12.988824653119593], [77.6030055575007, 12.988278954183839], [77.60306694020757, 12.988333996062654], [77.60316505463237, 12.988412526122309], [77.60320501731375, 12.98874607426095], [77.6032096982898, 12.989195267803916], [77.60319617615671, 12.989453814346597], [77.60298563708803, 12.989479778197829], [77.60282252724454, 12.989504073240962], [77.60283295777478, 12.989558774577466], [77.60289238563212, 12.989955796140958], [77.60292505744778, 12.989996136587399], [77.6029974605665, 12.989978661898203], [77.6034048206849, 12.99002495846088], [77.60386675054524, 12.990082615787015], [77.60421499865822, 12.990138132553314], [77.60445259898776, 12.99016197707605], [77.60495071651945, 12.990163538640457], [77.6052952447281, 12.990183030458054], [77.60529599236612, 12.990183032210071], [77.60560279907232, 12.990183222594947], [77.60606066926344, 12.990172074657842], [77.60646198562787, 12.990187717930958], [77.60660058332567, 12.990212167662305], [77.6066026507572, 12.990212533147323], [77.60673004529255, 12.99024731304823], [77.60692101862014, 12.990288013780466], [77.60710561686393, 12.990358284654942], [77.60711868377733, 12.990520412729607], [77.60716429110894, 12.991552508998566], [77.60722211476464, 12.992940246378312], [77.60724088684606, 12.993354427340808], [77.60728611248258, 12.99348160337336], [77.60740104412783, 12.993592024250207], [77.60767556926936, 12.99358200553058], [77.60817390572018, 12.993536238261012], [77.60829859561598, 12.993534985863255], [77.60843503975072, 12.993521968245709], [77.60850023318649, 12.993509666288885], [77.60857130140015, 12.993491484070656], [77.60863037202398, 12.993461772956081], [77.60870731968299, 12.993437708098137], [77.60879002041528, 12.993396114792414], [77.60897862370074, 12.993260285438542], [77.60970947494803, 12.992734674405877], [77.60978496736143, 12.992678138825664]]]]}}, {"type": "Feature", "properties": {"Ward_No": 116, "Ward_Name": "Neelasandra", "Zone": "East", "Risk_Score": 0.9239, "Alert_Level": "RED", "Severity_Band": "extreme", "Priority_Rank": 2, "Pop_Density_per_km2": 67183.3, "Green_Cover_Pct": 8.0, "Water_Stress_Index": 95.0, "Heat_Intensity_Index": 100.0}, "geometry": {"type": "MultiPolygon", "coordinates": [[[[77.61420101333155, 12.955038852661884], [77.61420673397778, 12.955038170784462], [77.61420721611628, 12.955038501294576], [77.61421292554165, 12.95503606645611], [77.61439919522435, 12.95495028010915], [77.61450158065587, 12.95491460927896], [77.61497322694584, 12.95475028126886], [77.61525170421162, 12.954653255825711], [77.61583482587915, 12.954429668710029], [77.61614748192781, 12.954309789014387], [77.61621584400211, 12.954281286669064], [77.61671602982314, 12.95407274990968], [77.61705375404304, 12.953931943646145], [77.61737618889623, 12.953774731340465], [77.61752504101052, 12.953698204786248], [77.61761387784031, 12.953654144257014], [77.6176265761612, 12.953647843872746], [77.6177571309735, 12.953559488670605], [77.61772782239298, 12.953245331678145], [77.61779938211093, 12.952923978789622], [77.61797378653812, 12.952668391454225], [77.61842003296006, 12.95235663266544], [77.6185183334331, 12.952304139311375], [77.61876456011161, 12.952266017145913], [77.61889145414739, 12.952264741207134], [77.61887141191407, 12.95188450385981], [77.61889876001734, 12.9516146565097], [77.61904054829435, 12.951689294974933], [77.61925977095113, 12.951764269391113], [77.61944906889302, 12.951765136335982], [77.61981083455032, 12.951841657764122], [77.6200147105961, 12.951799526967218], [77.61974992822296, 12.951227723298542], [77.6194236497587, 12.950636497537966], [77.61919557187342, 12.950318157735866], [77.61898034757385, 12.949926209861651], [77.61891451648627, 12.94980031777806], [77.6190266056253, 12.94972007613168], [77.6188980531415, 12.949496427723066], [77.61917696127976, 12.949346389018936], [77.61910472917224, 12.949238628566043], [77.62001471906018, 12.948705953866314], [77.61950120951322, 12.947738607022897], [77.61944244285907, 12.947629120032532], [77.6193671864298, 12.94748891196918], [77.6193662918505, 12.947487246528887], [77.61933664040166, 12.947431999212208], [77.61924792666038, 12.947498663519253], [77.61820065251713, 12.948282480883453], [77.617582171886, 12.94872523103845], [77.61731204705563, 12.9489175264306], [77.61701937118838, 12.949142475342732], [77.6171039185361, 12.949242122242236], [77.61710387816362, 12.949243901158688], [77.61698483684066, 12.949245097061315], [77.61664923484021, 12.949255952351495], [77.61619161837201, 12.949273021237143], [77.61514915441525, 12.949300949814623], [77.61445490364662, 12.94930791838221], [77.61365111915352, 12.949298522722653], [77.61312725221346, 12.949303778209837], [77.61248881798248, 12.949297708879227], [77.611753823223, 12.949300090202213], [77.61170231371716, 12.949238242861085], [77.61157336760887, 12.949067414828548], [77.61146816632291, 12.948978667000958], [77.61128218664074, 12.948948103969517], [77.61109882896389, 12.948924996320706], [77.61074837948658, 12.948975904216596], [77.609961570291, 12.94913096363256], [77.60958055365508, 12.949177187645155], [77.60931402601459, 12.949227253030553], [77.60845579680769, 12.949363068952998], [77.60731549698168, 12.949521660190475], [77.60588106629916, 12.949707817945226], [77.60586316574779, 12.949770564558994], [77.6058621578941, 12.949774099312618], [77.6058430514963, 12.94984106955544], [77.60579635976646, 12.949978242548953], [77.60602834245891, 12.949988542649882], [77.60659474343628, 12.949915522944352], [77.60715333709337, 12.949825118755163], [77.60743325767194, 12.949790934987133], [77.60753282680963, 12.950392452899496], [77.60857545549462, 12.95021845678519], [77.60953454410792, 12.949982215144649], [77.60956092667044, 12.950107289128415], [77.60961305462541, 12.950386360020987], [77.60963666402792, 12.950512770789954], [77.60966354050515, 12.950588802125912], [77.60972416700376, 12.950760315692444], [77.60978363284363, 12.95096640982908], [77.609803442913, 12.95112444643128], [77.60980859916573, 12.95116557363456], [77.60982615617921, 12.95126282545914], [77.60984680628205, 12.951377216289481], [77.6098863228648, 12.951741951153508], [77.6101543182118, 12.951685417391609], [77.61026546875263, 12.951676509454085], [77.61080554913616, 12.951651611242786], [77.61130387439371, 12.95162323585743], [77.61137339650345, 12.951622538836231], [77.61143700106058, 12.951625798140038], [77.61145907180219, 12.951647009263851], [77.61147520706169, 12.951670229559546], [77.6114937743025, 12.951736287979328], [77.61152470698829, 12.95184508723251], [77.611535870005, 12.95186115079476], [77.61154890752938, 12.9518799153746], [77.61157302920307, 12.951906950279842], [77.6116091078357, 12.951937762299782], [77.61166951518031, 12.951982667200452], [77.61167117161041, 12.951983901797464], [77.61174101875262, 12.952014377493184], [77.61175844393695, 12.952021538852957], [77.61185673347161, 12.952061926283687], [77.61191666987898, 12.95209444866], [77.6119507406237, 12.952123331093796], [77.6119769085804, 12.952156192100308], [77.61199738241416, 12.952214439622116], [77.61208302257896, 12.95242595508889], [77.61213969789677, 12.952572689031733], [77.61227493755462, 12.952922817440387], [77.61245256342849, 12.953382804720084], [77.61253419334356, 12.953590463101687], [77.61253670412407, 12.953599906373482], [77.61255280172897, 12.953660417958023], [77.6125532452653, 12.953702947567992], [77.61255326904474, 12.953705227715638], [77.612547735136, 12.953746198356255], [77.61253070099393, 12.953790339530453], [77.61251678712404, 12.953826394041569], [77.61250918667626, 12.953859593709055], [77.61248689381557, 12.953912532202738], [77.61244524146066, 12.953982226618558], [77.61239360058829, 12.954024813864576], [77.61243155054473, 12.954133498534807], [77.61244813993059, 12.954159989040837], [77.61261363467166, 12.95410240609567], [77.61280742436185, 12.954057088228632], [77.61309904166228, 12.954003045474511], [77.61337793555556, 12.953951801342065], [77.61331344716035, 12.95368574985123], [77.61341451899575, 12.953672917357233], [77.61356119761058, 12.95364308624172], [77.61372447040523, 12.953587090734047], [77.6137906978469, 12.953845985096542], [77.61406049032111, 12.954898699209645], [77.61417438174246, 12.955050198154712], [77.61420101333155, 12.955038852661884]]]]}}, {"type": "Feature", "properties": {"Ward_No": 180, "Ward_Name": "Banashankari Temple", "Zone": "South", "Risk_Score": 0.8496, "Alert_Level": "RED", "Severity_Band": "extreme", "Priority_Rank": 3, "Pop_Density_per_km2": 50032.4, "Green_Cover_Pct": 8.8, "Water_Stress_Index": 89.5, "Heat_Intensity_Index": 100.0}, "geometry": {"type": "MultiPolygon", "coordinates": [[[[77.56869876769515, 12.918150160352033], [77.56867554228617, 12.918089408442958], [77.56866921110759, 12.918022946440496], [77.56865722885385, 12.917956540032034], [77.56865830541658, 12.917891644955981], [77.56865497144155, 12.917836754682924], [77.56866680017983, 12.917539919114454], [77.56877521732827, 12.917183713249148], [77.5690791122129, 12.91655500481093], [77.56946694503516, 12.91570562089838], [77.56964630253067, 12.915543196852385], [77.56999236385619, 12.915666627554202], [77.57008114745942, 12.915919423815474], [77.57038740248387, 12.91636455923467], [77.57079371066597, 12.91647893980899], [77.57127759180229, 12.916592553518118], [77.57176009098708, 12.91657089273478], [77.57255339273203, 12.916596899018053], [77.57309795726519, 12.916743736518134], [77.57364909412756, 12.91691619663773], [77.57366069818845, 12.916646560721496], [77.57369974564055, 12.916250667286143], [77.57370000826484, 12.916172261920597], [77.57369303647525, 12.915947839975207], [77.57369044333075, 12.915864319009605], [77.57366909541216, 12.915657077394126], [77.57367427996581, 12.91553758457821], [77.57365959741752, 12.915355422399905], [77.57363319144503, 12.915280244905912], [77.57358070616888, 12.915161320419687], [77.57356019536022, 12.915035792218914], [77.57348494648235, 12.914571337055058], [77.57339591239591, 12.914012723342173], [77.57327503571713, 12.913473277474639], [77.57312904379644, 12.912984373794945], [77.573058264226, 12.912721826389625], [77.57300875860898, 12.912580870262463], [77.57296823482939, 12.912378528539644], [77.57292232749909, 12.912119665535208], [77.57289327882775, 12.911629609524953], [77.57289555148084, 12.911464894679149], [77.57291258911376, 12.910229112434546], [77.5729353744295, 12.90916804997195], [77.5729442441555, 12.909045488664237], [77.57298590485127, 12.908469755620326], [77.5731645803706, 12.90714312688254], [77.57326055422912, 12.90648943220856], [77.5730935390625, 12.906487912868814], [77.57250510836414, 12.906574410538136], [77.57219326242716, 12.906629343444203], [77.57209267744437, 12.90666333542218], [77.57194379896798, 12.906753024039686], [77.57174983262631, 12.906899034536533], [77.57156639992763, 12.907110489441475], [77.5710121272219, 12.907687661575661], [77.5707745830973, 12.907958746268626], [77.57044160254543, 12.908407112302553], [77.57023300582333, 12.908687487091528], [77.56992968734087, 12.909095169518949], [77.5693594115285, 12.909785571811545], [77.56912833474894, 12.91006532532816], [77.56868175761988, 12.910582874200012], [77.56779821124532, 12.911682894828354], [77.5671062957052, 12.912564520298307], [77.56631330457763, 12.913479321177526], [77.56609825253516, 12.913741833001977], [77.56603371545954, 12.913847796465209], [77.56585154995547, 12.914240876059385], [77.56561310857028, 12.914835104093038], [77.56498985185584, 12.916365430685255], [77.56484446190517, 12.916744334233037], [77.56489841290795, 12.916778508593163], [77.56500678951281, 12.91688502849015], [77.56523088445475, 12.917116702288023], [77.56530080789521, 12.917193192766574], [77.56539488150909, 12.917299852957925], [77.56546747510723, 12.91740438354726], [77.5655235012908, 12.91752076833574], [77.56574514687006, 12.9179793258195], [77.56602691744453, 12.91876450666665], [77.56857827475343, 12.918179472242143], [77.56869876769515, 12.918150160352033]]]]}}, {"type": "Feature", "properties": {"Ward_No": 123, "Ward_Name": "Vijaynagar", "Zone": "South", "Risk_Score": 0.8454, "Alert_Level": "RED", "Severity_Band": "extreme", "Priority_Rank": 4, "Pop_Density_per_km2": 49420.5, "Green_Cover_Pct": 9.0, "Water_Stress_Index": 88.6, "Heat_Intensity_Index": 100.0}, "geometry": {"type": "MultiPolygon", "coordinates": [[[[77.5538856311271, 12.974013883345933], [77.5538167580187, 12.973664450707947], [77.55375363782258, 12.97345159135462], [77.55366386920106, 12.973187756865729], [77.55358285527795, 12.972928108198595], [77.55347158799088, 12.972690101890201], [77.55337411859675, 12.972524542196668], [77.55328962139937, 12.972350318324114], [77.55322623835133, 12.972111841716774], [77.55314596378116, 12.971924767677512], [77.55311910475085, 12.97185244915421], [77.55306042131997, 12.971648082639135], [77.553024594852, 12.971550234875297], [77.55294062113437, 12.971427240129085], [77.55276889195784, 12.971236791662323], [77.55257134502955, 12.971076485507442], [77.55241711330814, 12.970894406397427], [77.55223227989289, 12.970699816480087], [77.55200770338567, 12.97045011454627], [77.55181807980914, 12.970212875765334], [77.5516685505506, 12.970064906238669], [77.55155613175555, 12.969945124877725], [77.55133343148668, 12.969808280698121], [77.55115305190331, 12.969729994641186], [77.55090231314117, 12.969689758101644], [77.55062915882485, 12.969585695558365], [77.55042135204214, 12.969486330104028], [77.55030093449747, 12.969418129348275], [77.55019063806922, 12.969275109873752], [77.55009062842124, 12.969073284334833], [77.54996912345278, 12.968898352959684], [77.5498917469877, 12.968781698757192], [77.54976458472908, 12.96858547492865], [77.54963747707423, 12.968394588560972], [77.54942918225271, 12.968247190912495], [77.5492980629346, 12.968323373364832], [77.54841083702688, 12.968702055444036], [77.54868585723246, 12.96953120728946], [77.5474262924899, 12.969591079058137], [77.5472666942165, 12.968990543985704], [77.54625994230305, 12.969285604766775], [77.54485083523606, 12.969742257928184], [77.54314067492163, 12.970316029913521], [77.5423154690442, 12.970590854590418], [77.54073692423464, 12.971128022448445], [77.53938951053996, 12.97158054511099], [77.53784158879265, 12.972085494574719], [77.53787659623369, 12.972181489269758], [77.53787054580832, 12.972183461064748], [77.53795179071142, 12.972327970646441], [77.53821271385662, 12.972612985288105], [77.53864598431842, 12.972907234090412], [77.53869692719454, 12.972941830198618], [77.53959148959048, 12.973255165191192], [77.54147210088207, 12.973650882454267], [77.54220800906886, 12.973804672821514], [77.54347022450168, 12.974068441871408], [77.54425702308858, 12.97416426718119], [77.54505009610168, 12.9741700323838], [77.54624747663522, 12.974203444398995], [77.54727474403482, 12.974225875077403], [77.5473136737376, 12.974218013920138], [77.54738354704101, 12.97420986814262], [77.54745390899797, 12.974209178876196], [77.54752393426837, 12.974215954204748], [77.54759280369159, 12.974230114263484], [77.54765970669129, 12.974251495841171], [77.5477238624041, 12.974279842921636], [77.547784515175, 12.974314827543669], [77.54784095568594, 12.974356040342473], [77.54789252097926, 12.974402992862165], [77.547898322025, 12.97440895873308], [77.54791965982568, 12.974439677340968], [77.54801439834503, 12.97457607099282], [77.54803289797948, 12.974597887411901], [77.54836389059699, 12.975060335194222], [77.54838056643717, 12.975042954780086], [77.5485800160108, 12.974835085465186], [77.54946082754165, 12.974055413415144], [77.54950573903949, 12.974012497327383], [77.54957671517671, 12.97395315876225], [77.54965227527012, 12.9738995389018], [77.54973193932332, 12.973851977813405], [77.54981520567038, 12.973810771832579], [77.54990154401924, 12.973776185195668], [77.54999041417506, 12.973748435979179], [77.55008124955697, 12.97372769857441], [77.55017348077897, 12.973714103456315], [77.55026651914287, 12.973707737345478], [77.55035978021942, 12.973708642976954], [77.55045267196296, 12.973716809965412], [77.55054461135958, 12.973732188519113], [77.55063501023102, 12.973754684953423], [77.5507233034374, 12.973784152162754], [77.55080893017723, 12.973820405994008], [77.5508913480415, 12.973863215857229], [77.55097003782406, 12.973912313929821], [77.55104450109256, 12.973967388241698], [77.55111426733343, 12.974028089543706], [77.55117889633344, 12.974094033597007], [77.55118017246102, 12.974095445801376], [77.55138875408612, 12.974232423316368], [77.5525120197691, 12.97511858436798], [77.55293691049162, 12.975378967375978], [77.55343099209148, 12.975523646952933], [77.55399162849451, 12.975545818827344], [77.55434793815877, 12.975546528218151], [77.5543512571593, 12.975554685442908], [77.55449284600249, 12.975560172923263], [77.55449630003241, 12.975560307828758], [77.55440803265394, 12.975289633911762], [77.55427804031348, 12.974923723864647], [77.55409576536373, 12.974554059976718], [77.55396212083191, 12.974256500382223], [77.5538856311271, 12.974013883345933]]]]}}, {"type": "Feature", "properties": {"Ward_No": 36, "Ward_Name": "Mathikere", "Zone": "West", "Risk_Score": 0.7713, "Alert_Level": "RED", "Severity_Band": "extreme", "Priority_Rank": 5, "Pop_Density_per_km2": 39430.8, "Green_Cover_Pct": 13.4, "Water_Stress_Index": 74.3, "Heat_Intensity_Index": 98.8}, "geometry": {"type": "MultiPolygon", "coordinates": [[[[77.56395681988896, 13.037202753504026], [77.56393750708303, 13.036297403418574], [77.5633439800738, 13.036352229547544], [77.56332845021613, 13.036298538211794], [77.56318671396323, 13.03562445962201], [77.56330999731873, 13.03547639257902], [77.56380978642632, 13.035045598041881], [77.56424044495294, 13.034688906049293], [77.56403533123645, 13.033193125410008], [77.56396958091058, 13.032625978022068], [77.5638629391901, 13.03196623400357], [77.56384387886801, 13.03191052381095], [77.56298259550223, 13.03202014777206], [77.56297433746103, 13.03157428701987], [77.56293389513161, 13.030808534928523], [77.5622315701067, 13.030890424535125], [77.56222388625059, 13.030841963353051], [77.56217079501113, 13.030534115684342], [77.5620603296674, 13.02998698965376], [77.56187478662203, 13.029421025565815], [77.5615776627357, 13.028684845753704], [77.56179647205566, 13.028389874243926], [77.561882697233, 13.028264630129915], [77.56191266351111, 13.028222607856296], [77.56192858812113, 13.028194631547576], [77.56194252757408, 13.02817065064009], [77.56194647749307, 13.028160677936429], [77.56195235123248, 13.028140747941608], [77.56195212640847, 13.028118893846903], [77.56195392763476, 13.028097019714496], [77.5619537028114, 13.028075165619745], [77.56195339621962, 13.028045363109722], [77.5619530691924, 13.02801357407397], [77.56194637487047, 13.027943878149701], [77.56183769782203, 13.027550385054672], [77.56178503188099, 13.027124772355497], [77.56180934755507, 13.026502211869875], [77.56203024455817, 13.025993233773642], [77.56242488716337, 13.025102443312644], [77.56251853391092, 13.024784771755437], [77.56260306686484, 13.024496762273886], [77.56263463600015, 13.024406293342217], [77.56287958136203, 13.023458533278822], [77.5630968210458, 13.022423608170499], [77.56315370367713, 13.022232174090366], [77.56319202538559, 13.02199653562592], [77.56319019897884, 13.02181899721113], [77.56317470075572, 13.021632717343246], [77.56314114167454, 13.021451056736042], [77.56310813052093, 13.021322655330927], [77.56302990220729, 13.021199141732126], [77.56295601503471, 13.021057827201236], [77.562768495097, 13.020708650576173], [77.56176410564753, 13.021098188603412], [77.56142081982397, 13.021222603185835], [77.56154884896334, 13.021670128146916], [77.56161236773907, 13.021845988471338], [77.56156665836018, 13.021901909099952], [77.56145524072706, 13.022069414527753], [77.56135862595936, 13.02217626511445], [77.5612823727655, 13.02226274185068], [77.56120108153011, 13.022359354659583], [77.56114274310032, 13.022497667778216], [77.56102496144398, 13.022536491756982], [77.5605103619263, 13.02266060714327], [77.55989799096672, 13.022814972635958], [77.5593214787002, 13.022995159419136], [77.559450249382, 13.023403938435905], [77.55962548743693, 13.0239165327992], [77.56000623446789, 13.024689675792507], [77.56011745556289, 13.024982090341698], [77.55956374518634, 13.025046006332797], [77.55915867809344, 13.02506879474638], [77.55941987768122, 13.026096484251836], [77.55967756083946, 13.02671012585025], [77.55966225110274, 13.026717160131025], [77.55891767214543, 13.026994977193164], [77.55840845713725, 13.027272986798435], [77.55853556880619, 13.027619719578812], [77.5587863087969, 13.028196041270789], [77.5588243884632, 13.02828356472111], [77.55887604125054, 13.02840577161834], [77.55926128875134, 13.029317252210385], [77.55939347776746, 13.029633300374549], [77.55949660395152, 13.029879861794148], [77.55951190204343, 13.029918032094493], [77.55984755887194, 13.030755564508635], [77.55992356351295, 13.030945210969552], [77.55992929649041, 13.03095952167082], [77.55979045222566, 13.031138684401544], [77.55865738042903, 13.032764050931746], [77.55827549778623, 13.033315445003726], [77.55754134577126, 13.034375466715419], [77.55751126080723, 13.034432014559622], [77.55751030499145, 13.034433807203428], [77.5573806663332, 13.034677466811342], [77.55737870073202, 13.03468199858502], [77.55734467892563, 13.034760383865166], [77.55733795471518, 13.03477587232645], [77.55733873724573, 13.034810249656456], [77.55734109106955, 13.034913987549485], [77.55735352912122, 13.035075791563116], [77.55735420787266, 13.035078486261266], [77.55741631300045, 13.03532498174267], [77.5574381780288, 13.035411770343112], [77.55748156567894, 13.035594488958505], [77.55752957649442, 13.035796677662232], [77.55755663631466, 13.03599850203541], [77.55754527729022, 13.036108844389814], [77.55755827235248, 13.036157706676482], [77.5575158682367, 13.036666632070705], [77.55739481300176, 13.037713462417859], [77.5573805765838, 13.03801965014093], [77.55734396313395, 13.03856845192133], [77.55779928192841, 13.038567681469377], [77.5578578656927, 13.038567581335585], [77.55790132063632, 13.038569927340959], [77.55792609169956, 13.038571266856277], [77.55814534203562, 13.038583111370421], [77.55822723736958, 13.038595663302976], [77.55855823279785, 13.038646392094767], [77.5588773140773, 13.038698355319264], [77.55919249949139, 13.038808679552336], [77.55935372991787, 13.03886511460549], [77.55961111546881, 13.038991172729483], [77.5599124697752, 13.039141288679447], [77.5602394357363, 13.039352392548146], [77.56037898262316, 13.039465407530104], [77.5605606628085, 13.039612545534567], [77.56070869997458, 13.039765449076162], [77.56071035230462, 13.039767155793454], [77.56072134399764, 13.03977850947397], [77.56081319019113, 13.039873375403976], [77.56082315729655, 13.03988510926971], [77.56100919441668, 13.040104144564882], [77.56105250842724, 13.04016496685623], [77.56123736140704, 13.040424525286797], [77.56126904036617, 13.040469009136743], [77.56136455000365, 13.040634167281185], [77.56148258807343, 13.04083828185642], [77.56169511335196, 13.041205785828637], [77.56177929236253, 13.04135869838293], [77.5621326089003, 13.04200049811337], [77.56214438331072, 13.041982931195598], [77.5622131407603, 13.041880333040014], [77.56341505387454, 13.04024331783227], [77.56385201869593, 13.039639350666922], [77.56429091905883, 13.039090168816644], [77.56448208149665, 13.038850971409948], [77.56495870931874, 13.038244457015105], [77.56470509863004, 13.03811556400708], [77.56439998931432, 13.038059847760941], [77.56426490561739, 13.038031817583754], [77.56388496741913, 13.037981738199997], [77.56393039660561, 13.037545649901835], [77.56395681988896, 13.037202753504026]]]]}}, {"type": "Feature", "properties": {"Ward_No": 99, "Ward_Name": "Rajajinagar", "Zone": "West", "Risk_Score": 0.7629, "Alert_Level": "RED", "Severity_Band": "extreme", "Priority_Rank": 6, "Pop_Density_per_km2": 38640.7, "Green_Cover_Pct": 13.9, "Water_Stress_Index": 73.2, "Heat_Intensity_Index": 98.1}, "geometry": {"type": "MultiPolygon", "coordinates": [[[[77.54513694532962, 12.997487814643092], [77.54528052072408, 12.997455046858136], [77.54536637194208, 12.997454205151541], [77.54541626766822, 12.997453715948451], [77.54568457301536, 12.997451085181936], [77.54622513743824, 12.997421399474177], [77.54684121407458, 12.997427084995412], [77.54686552869076, 12.997427309039256], [77.54689076816315, 12.997428717446997], [77.5483521934499, 12.997510260772943], [77.54950909203806, 12.997565961252684], [77.55018727763816, 12.997620264980402], [77.55038481472327, 12.997637206672064], [77.55038547569862, 12.99763726262596], [77.55044239103694, 12.9976421433382], [77.55048038595461, 12.997650501118741], [77.55048197449749, 12.99765085094448], [77.5512648572313, 12.997823048102193], [77.55178134245655, 12.99792988185571], [77.55191303893204, 12.997957123362186], [77.55246289591135, 12.998070857600736], [77.55255451790552, 12.998089810305995], [77.55300260396108, 12.998182493176843], [77.55300925508804, 12.998183868676817], [77.55308576565686, 12.998200513537176], [77.55323439570272, 12.997806321803354], [77.55354807116116, 12.997271203416187], [77.55432646710739, 12.9964081251584], [77.55478649355156, 12.995621199655577], [77.55515028406136, 12.99492902322503], [77.55562480358633, 12.99416028616073], [77.55580101718596, 12.993823130388853], [77.55783738734493, 12.991004599171095], [77.55733351517098, 12.990678631175964], [77.55702851874905, 12.99047276495567], [77.55610591465815, 12.989962140899154], [77.55438046398707, 12.989998130869292], [77.55338605902043, 12.989947863789505], [77.55139564968054, 12.990062360317214], [77.5507183045373, 12.990096137878894], [77.55092312781176, 12.991192707784233], [77.55107457929915, 12.992479680330622], [77.55106958534917, 12.993495954098847], [77.55089652441482, 12.993491760957975], [77.55052801398668, 12.993487875323538], [77.54924244043939, 12.99347000796698], [77.54837148031955, 12.993446634180799], [77.54723587628669, 12.993405907245213], [77.5467678499383, 12.99339453880579], [77.54628359174652, 12.993387316053084], [77.54611535049106, 12.993383278276454], [77.54581149705064, 12.993375985761435], [77.54574993887042, 12.993375062731834], [77.54568715427554, 12.99373368724564], [77.54577947443912, 12.9944898906564], [77.5453256931711, 12.994587681896439], [77.54456649751371, 12.99481292104335], [77.54410287731352, 12.994983407783314], [77.54349078207865, 12.995113859931909], [77.54281470441283, 12.99519308039114], [77.54278604036723, 12.995494131827412], [77.54282674452192, 12.996375301176448], [77.5414708700678, 12.997207915413336], [77.54121832768924, 12.997334845654882], [77.54114373317137, 12.997337939559367], [77.54110064745424, 12.99730839103061], [77.54104496760908, 12.997243000532897], [77.54090861464003, 12.99705852087514], [77.54071761912299, 12.99691053877312], [77.54056433313548, 12.996864088231009], [77.54036594862927, 12.996873974176648], [77.54042230894831, 12.997053778565364], [77.54060626582628, 12.997640663494467], [77.54099162129349, 12.998894717426213], [77.54111015538484, 12.999340684614518], [77.54111081764538, 12.999343182976059], [77.54180838556027, 12.998933931607155], [77.54212837451327, 12.998746196100319], [77.54227786382366, 12.998658491996814], [77.54235795293552, 12.99861150336038], [77.54259877507104, 12.99847408216027], [77.54261105337184, 12.998467076476002], [77.54267318112883, 12.998431622206203], [77.54279060525583, 12.998363412595051], [77.54311445533708, 12.998234882537513], [77.54314340803708, 12.998223390725812], [77.54351505008852, 12.998075886750815], [77.54467280665185, 12.997629353436498], [77.54473668803018, 12.997604715052987], [77.5448773980233, 12.997550442737463], [77.54499725227974, 12.997520828779194], [77.54501661942673, 12.997516043249258], [77.54505723349429, 12.997506007373655], [77.54511291765033, 12.9974932980999], [77.54513694532962, 12.997487814643092]]]]}}, {"type": "Feature", "properties": {"Ward_No": 28, "Ward_Name": "Kammanahalli", "Zone": "East", "Risk_Score": 0.7107, "Alert_Level": "RED", "Severity_Band": "critical", "Priority_Rank": 7, "Pop_Density_per_km2": 33804.9, "Green_Cover_Pct": 16.8, "Water_Stress_Index": 66.3, "Heat_Intensity_Index": 93.6}, "geometry": {"type": "MultiPolygon", "coordinates": [[[[77.63852853337006, 13.014081432052992], [77.639110642458, 13.014029006241973], [77.63936129820654, 13.014026454930034], [77.63935549482296, 13.013349500058366], [77.63955033820558, 13.01148634141037], [77.63992641320483, 13.011448636888117], [77.64021210360471, 13.011445728590985], [77.64046273096419, 13.01150446378912], [77.64080254659503, 13.011553536945689], [77.64111548383711, 13.01159412513442], [77.64137522540985, 13.01167027607744], [77.64164417390981, 13.01177260068464], [77.64190335921857, 13.011796225859378], [77.6419470697603, 13.01170822839817], [77.64199013098855, 13.011558950801783], [77.64201441226326, 13.011322312359303], [77.64201200069094, 13.011094701754976], [77.64202818585545, 13.010936942048264], [77.64203572312775, 13.010805538170716], [77.64205209380987, 13.010665288397139], [77.64203256965978, 13.01050789477189], [77.6419683126156, 13.01034220090013], [77.64190266454817, 13.010045191738161], [77.64186426350904, 13.009791682248661], [77.64187115179764, 13.009598998207302], [77.6418690188874, 13.009397650137336], [77.64187460895668, 13.00908240579259], [77.641836208289, 13.00882889624826], [77.64183453916448, 13.008671318378406], [77.64184170343796, 13.00850489694185], [77.64184040526158, 13.00838233663103], [77.64183910712298, 13.008259778631384], [77.6418189268321, 13.00819780930704], [77.64179516109384, 13.008174984390685], [77.64175030402315, 13.008134439212736], [77.64102029173306, 13.007664006673961], [77.64089043670131, 13.007572075583584], [77.64057047707769, 13.00734464441282], [77.64021040371593, 13.007068140535361], [77.6399490923117, 13.006843164263257], [77.63966109119345, 13.0066272151303], [77.63937225693317, 13.00633247762816], [77.63906612225097, 13.006090444310125], [77.63876938187913, 13.005892092328127], [77.6383112926689, 13.005634093777578], [77.63802407253115, 13.00548594778233], [77.6377280065943, 13.005336973186939], [77.63757190435472, 13.00523217058795], [77.63750294420849, 13.005159919298412], [77.63690076155619, 13.004497306358259], [77.63646607154057, 13.004136959417544], [77.63645737983485, 13.004135114298833], [77.6364567408607, 13.0041340153121], [77.63643162270552, 13.004103872163553], [77.63630025448569, 13.003992739417583], [77.63624801486527, 13.003944187344626], [77.63595150323079, 13.003668604918639], [77.63546590469885, 13.003304832021934], [77.63492034716165, 13.002826442404844], [77.63456496078196, 13.002553523217719], [77.6342225399973, 13.002395686963698], [77.63380926483131, 13.002204007964082], [77.63313812141129, 13.002072552353795], [77.63280830148894, 13.00199524465946], [77.63230200773855, 13.001896680233433], [77.63161899500477, 13.001753821084497], [77.63084199052958, 13.001611910500067], [77.63041830300767, 13.001547073055645], [77.63036356671627, 13.00192785656292], [77.63028606148563, 13.002378005246506], [77.6302335110033, 13.002966167483446], [77.63062292633569, 13.003123530618323], [77.63090599308568, 13.003224358973913], [77.63113031599566, 13.003325782616685], [77.63142999205476, 13.003887331261213], [77.63179153533831, 13.00455571258763], [77.63183506257522, 13.005376321009038], [77.63194261004912, 13.005947627229617], [77.63190003370059, 13.006028754751027], [77.63178503927529, 13.006247870204623], [77.63151096746031, 13.006731796693536], [77.63137807324678, 13.0069654186693], [77.63130308060342, 13.007074024044385], [77.6312799780634, 13.007289945517067], [77.63133248080175, 13.007455325628289], [77.63135079919059, 13.007587867160053], [77.63151115713241, 13.007719603855032], [77.63172614928568, 13.007882704077932], [77.63198167092335, 13.008046024226553], [77.63223728038174, 13.008217636598772], [77.63237411347453, 13.008357273365347], [77.63243815786701, 13.008759768227248], [77.632454619392, 13.009021549524492], [77.63250582451006, 13.009329993556614], [77.63255060431773, 13.00967880428555], [77.63252597501531, 13.009941002590317], [77.63248192966971, 13.010310863294842], [77.63242631406762, 13.01088234211775], [77.6323498691262, 13.011427163151598], [77.63233350398494, 13.011823609838297], [77.63230181105249, 13.012065731417675], [77.63239791110804, 13.012084904398426], [77.63241486984533, 13.012393698234032], [77.63242519279423, 13.012722707863174], [77.6324207238795, 13.012984359246012], [77.63253000344989, 13.012984258221884], [77.63267348471899, 13.012960458359395], [77.63337680631747, 13.0129228746262], [77.63452475504855, 13.012850329868128], [77.63535181697736, 13.012770893179795], [77.63539994797233, 13.013077870693202], [77.63547316457043, 13.013388811610847], [77.63561933732913, 13.013985762503232], [77.63572486526309, 13.014346241612454], [77.63575664499024, 13.014481203288737], [77.63583150116254, 13.014463700570518], [77.63611976917672, 13.014384956785035], [77.63652539634039, 13.014301110905699], [77.63694478258066, 13.014237055494387], [77.63739140399757, 13.014186008966037], [77.63783816803108, 13.014148249103124], [77.63852853337006, 13.014081432052992]]]]}}, {"type": "Feature", "properties": {"Ward_No": 154, "Ward_Name": "Basavanagudi", "Zone": "South", "Risk_Score": 0.677, "Alert_Level": "RED", "Severity_Band": "critical", "Priority_Rank": 8, "Pop_Density_per_km2": 30782.1, "Green_Cover_Pct": 19.0, "Water_Stress_Index": 62.0, "Heat_Intensity_Index": 90.7}, "geometry": {"type": "MultiPolygon", "coordinates": [[[[77.57379843415957, 12.94063221215147], [77.57383085189004, 12.939573929188022], [77.57382434291519, 12.935033519303275], [77.5738316802794, 12.93476109014076], [77.57346979500976, 12.934853633940914], [77.57322676963328, 12.934898176535317], [77.57304083512895, 12.934923426297809], [77.57283093971338, 12.934939545358807], [77.57183810911735, 12.934958703409865], [77.5717283148977, 12.934959786199984], [77.57168979096971, 12.934927386298948], [77.57167007189098, 12.934866704624566], [77.57163224066629, 12.934436261235817], [77.5715168077249, 12.93342123205078], [77.57136882169502, 12.933422691133567], [77.57123048511241, 12.933418932068728], [77.57114987543113, 12.933414458128418], [77.57103446552512, 12.933420864509234], [77.57085754308815, 12.933451583774671], [77.57073971752119, 12.933484352428138], [77.57033765774223, 12.93360202123303], [77.57013412350067, 12.933656708903756], [77.56978763124486, 12.933737390572341], [77.56959827355888, 12.933777887679287], [77.56946967224518, 12.933807251094455], [77.56932306324977, 12.93382625456371], [77.56928812834525, 12.93383505215871], [77.56920480374592, 12.933565219932197], [77.56905422458338, 12.93361214130869], [77.56888766974234, 12.93366108642991], [77.56876977413044, 12.933686833160717], [77.56855878892686, 12.933713496673324], [77.56841565335549, 12.933721930435132], [77.56816017149346, 12.933739644022525], [77.56812720513362, 12.93374035026622], [77.56810479571861, 12.9336040161607], [77.56805915981913, 12.933367850296518], [77.56804114927147, 12.933297756578131], [77.56798766554449, 12.933140776379128], [77.5678854098783, 12.932804961733408], [77.56778579896539, 12.932486081024468], [77.5676895789056, 12.932256826483249], [77.56764097507117, 12.932158456389619], [77.56757394150763, 12.932061685470718], [77.56749390573779, 12.931965546710726], [77.56743904023627, 12.931915199606065], [77.56743533574942, 12.931910573379248], [77.56741401639673, 12.931883945002037], [77.56737906186564, 12.931847940423006], [77.56732594846814, 12.931727304937532], [77.5672620641039, 12.931519541945937], [77.56709138121418, 12.931014776188956], [77.56681489725516, 12.930309926363991], [77.56667297683795, 12.929959960122066], [77.56633271323551, 12.930023888037228], [77.56537589892673, 12.930190806153034], [77.56490696054748, 12.930269541712308], [77.56400004813518, 12.930449075975783], [77.56369189426587, 12.930512682752079], [77.56383604122662, 12.93113287189134], [77.56401427675733, 12.932330135199237], [77.56400024368918, 12.932433893370643], [77.56361795104544, 12.932681894916788], [77.5628368330785, 12.933037433268735], [77.56267960141406, 12.933157398467518], [77.56265923473582, 12.933379639143778], [77.56289992837735, 12.93404339324695], [77.56320219594105, 12.934824964179853], [77.56351140321966, 12.935547252620454], [77.56365228055772, 12.936041756204284], [77.56386272811301, 12.936698404653244], [77.56404335175874, 12.936652221881117], [77.5642497916181, 12.93691663870448], [77.56449667971661, 12.937447106636657], [77.56455509486149, 12.937994230307957], [77.56453866497266, 12.938601299009788], [77.56449152378009, 12.939156862052307], [77.56449234475431, 12.939283968012877], [77.56474248143623, 12.939294713634148], [77.5652670137624, 12.939315266955294], [77.56591623196512, 12.939327449941215], [77.56589713887792, 12.939739060437478], [77.56592964921818, 12.9398796920912], [77.56597353656655, 12.93999354465708], [77.56602483971476, 12.940073038614603], [77.56610736722462, 12.94016746220252], [77.56618550487077, 12.940212408676457], [77.56665944910175, 12.940222979642495], [77.56671404267951, 12.941003387264283], [77.56672717402374, 12.941148018770829], [77.5667395646188, 12.941220277164062], [77.56676756865643, 12.941300000309278], [77.56682714814922, 12.941428935088181], [77.56696113626096, 12.941618089702667], [77.56715361252301, 12.941829525976763], [77.56764533074268, 12.94243800628659], [77.56770836527362, 12.942525004955193], [77.56776359187903, 12.942608268962719], [77.56780716866713, 12.94269165004105], [77.56783940999732, 12.94280561446008], [77.56785320310706, 12.94301500108373], [77.56786102891166, 12.943399681150577], [77.56787065246755, 12.943527729243545], [77.56793245262513, 12.943579353498055], [77.56799075716215, 12.94361430190845], [77.56807803208501, 12.943648964832448], [77.56833174287557, 12.943667777477927], [77.57016434333394, 12.943671023710458], [77.57109957399837, 12.94366446321619], [77.57230574178158, 12.943679202447607], [77.57343575087205, 12.943684032884132], [77.57361678510823, 12.943685943408935], [77.57377319756885, 12.943693909111902], [77.57377319723649, 12.943693876735555], [77.57375617454888, 12.942735059702576], [77.5737731953616, 12.941455984108146], [77.573796579287, 12.940692722558333], [77.57379843415957, 12.94063221215147]]]]}}, {"type": "Feature", "properties": {"Ward_No": 15, "Ward_Name": "T. Dasarahalli", "Zone": "Dasarahalli", "Risk_Score": 0.6636, "Alert_Level": "RED", "Severity_Band": "critical", "Priority_Rank": 9, "Pop_Density_per_km2": 29602.3, "Green_Cover_Pct": 19.9, "Water_Stress_Index": 60.3, "Heat_Intensity_Index": 89.5}, "geometry": {"type": "MultiPolygon", "coordinates": [[[[77.51707286763305, 13.047446074116223], [77.51720110933117, 13.047357784648783], [77.51733411004659, 13.04753289822531], [77.51733394964853, 13.047533133389788], [77.51733647521348, 13.047533962276283], [77.51774408368142, 13.047970211033467], [77.51831434783406, 13.048632391320893], [77.51859443977578, 13.048424932885675], [77.51922915577391, 13.047954804417454], [77.52045219926336, 13.047094980742386], [77.52189909860317, 13.046077765824476], [77.52219874227953, 13.045888788226316], [77.52214065768587, 13.045799088925563], [77.52149842013259, 13.044785611695891], [77.52089995633955, 13.043868514282636], [77.52032870698187, 13.043038278991178], [77.5198435510978, 13.042258836723473], [77.51930219298843, 13.041454121124186], [77.51873724485264, 13.04059477812148], [77.51838498562846, 13.039936663735446], [77.51802557060059, 13.040203202851329], [77.51725387249304, 13.04099118171464], [77.5168330291086, 13.041420900719707], [77.5168034403676, 13.041447805421518], [77.51634800409421, 13.041771598292812], [77.51591966305838, 13.041943569064893], [77.51510190970339, 13.042231192672006], [77.51358847857938, 13.042727801737799], [77.51223696736828, 13.043179806168123], [77.51145396302631, 13.04343265911278], [77.5110217892169, 13.0436605956199], [77.5103494379337, 13.044007035018787], [77.50986469416368, 13.044244086312586], [77.50897827148405, 13.044687257704908], [77.50824426476571, 13.045012777934028], [77.50746567719592, 13.04526988196833], [77.5073431092608, 13.045301188668516], [77.50730884008287, 13.045321236123923], [77.50736339409876, 13.045529222143044], [77.50747162007423, 13.04576876359242], [77.50776204848701, 13.046498488391517], [77.50804391006409, 13.047031447401489], [77.50809177629638, 13.047208470059951], [77.50809291539782, 13.0473214059458], [77.50808098715433, 13.047444150412886], [77.50798536372207, 13.04791676560073], [77.50784358428206, 13.048581479346625], [77.50774237166011, 13.048989784745213], [77.50769949815749, 13.049380314102638], [77.50773882744316, 13.049798733665655], [77.50780177077874, 13.050569924729214], [77.5082849238115, 13.05045184855012], [77.50886630926871, 13.0503382378637], [77.5087672755324, 13.04942261575592], [77.50906221969487, 13.049384196039949], [77.5099120766208, 13.049151352486183], [77.5104058623767, 13.049047734242075], [77.51037646932237, 13.048859357074512], [77.51080647844157, 13.048792295248308], [77.51119992528439, 13.048734571067037], [77.51159897474247, 13.048660495108756], [77.51181273123498, 13.048620813829512], [77.51249693288247, 13.04831769730237], [77.51344639129478, 13.047967082970178], [77.51385716270677, 13.04781036290349], [77.5144834975128, 13.047611135873373], [77.51422528880128, 13.047061116219316], [77.51423885737985, 13.047057979877444], [77.51415526576552, 13.046790931551964], [77.51500056240175, 13.046539616878752], [77.51523598842095, 13.046882370478027], [77.51531430734659, 13.046956887318936], [77.51554286052335, 13.046980692221535], [77.51566325956054, 13.046993232400762], [77.51609389634741, 13.046989044455843], [77.51677547073865, 13.047332790217581], [77.51707286763305, 13.047446074116223]]]]}}, {"type": "Feature", "properties": {"Ward_No": 146, "Ward_Name": "Lakkasandra", "Zone": "South", "Risk_Score": 0.5729, "Alert_Level": "ORANGE", "Severity_Band": "high", "Priority_Rank": 10, "Pop_Density_per_km2": 21940.3, "Green_Cover_Pct": 27.0, "Water_Stress_Index": 49.3, "Heat_Intensity_Index": 81.0}, "geometry": {"type": "MultiPolygon", "coordinates": [[[[77.60579635976646, 12.949978242548953], [77.6058430514963, 12.94984106955544], [77.6058621578941, 12.949774099312618], [77.60586316574779, 12.949770564558994], [77.60588106629916, 12.949707817945226], [77.60619839877701, 12.948595384990737], [77.6064855001454, 12.94770906933368], [77.60684423316914, 12.946601615628783], [77.60714325940043, 12.945732440900247], [77.60757828184192, 12.944116583688947], [77.60760222898658, 12.94404988187076], [77.6077062783282, 12.943643281861538], [77.60787087058087, 12.942952835213397], [77.60814129485944, 12.942236552823822], [77.60857713362795, 12.94139472897167], [77.60932983001263, 12.939930312738468], [77.6098207638061, 12.939043337181028], [77.61081174742526, 12.93717514549325], [77.61174844047304, 12.935431382023188], [77.61222874078109, 12.93449495793883], [77.6122317980859, 12.93448943911507], [77.61230202091782, 12.934362652822752], [77.6124538901494, 12.93408845615571], [77.61313124143821, 12.932865506092185], [77.61379712834146, 12.931669095916066], [77.61340350135663, 12.931885130084394], [77.61248623484018, 12.932616369923675], [77.6115316024574, 12.933385009065407], [77.61085717495077, 12.933873132383818], [77.61005236272702, 12.934529183046237], [77.60896502173885, 12.935243602356001], [77.60804657409236, 12.935863757865388], [77.60725735204272, 12.93620490525396], [77.6064107363225, 12.93647256689603], [77.60588265907742, 12.936514874946262], [77.60463873517051, 12.936693930410367], [77.6028859859535, 12.936952120189893], [77.60159442199333, 12.937127476739768], [77.60088435139446, 12.937218249062266], [77.60049934708124, 12.937268583299572], [77.60030702151576, 12.937310794854456], [77.60008954759628, 12.937365655925616], [77.59985008223202, 12.937433137292226], [77.59961406504172, 12.937528476312284], [77.5993030498708, 12.937705151998994], [77.5990834114476, 12.937856118749169], [77.59891419802942, 12.937994186156633], [77.5987420796432, 12.938157080177534], [77.5984986405384, 12.938450865021279], [77.59836776107512, 12.93862254119738], [77.59805668413031, 12.93909418052321], [77.59788006904293, 12.939399008760418], [77.59772926969057, 12.939818685017112], [77.59763765341657, 12.93999031899601], [77.59759754536398, 12.940205530757314], [77.59756420466196, 12.940556422081663], [77.59750544160428, 12.94142736436744], [77.59736562142652, 12.942334340585216], [77.59724526951074, 12.943201812322544], [77.59762519094483, 12.943102537661114], [77.59805975654615, 12.9429739605367], [77.59826442106468, 12.94292373324563], [77.59849517947376, 12.942881747462147], [77.59872018832685, 12.942842654296703], [77.59905789239944, 12.942802439449435], [77.59944445531725, 12.942736224511043], [77.59982226034879, 12.942661592275522], [77.60009052270802, 12.94261356472541], [77.6003963530555, 12.942565159778477], [77.60076563726544, 12.942504786347978], [77.60107444363106, 12.942464855065689], [77.60123319498283, 12.942446264790624], [77.60148695190364, 12.942392709709344], [77.60190509391641, 12.94230633475736], [77.60218783265366, 12.942260993824164], [77.60266650774804, 12.942159840629996], [77.60282416395633, 12.942830370163332], [77.60287368104282, 12.943186703291007], [77.60287845472936, 12.943368063334077], [77.60289333734019, 12.943688216557273], [77.60287159809504, 12.944099440555787], [77.60284071691822, 12.944424810560061], [77.60275492341377, 12.944630783511162], [77.60261053882977, 12.945240411091824], [77.60258200106867, 12.945604367316644], [77.60257699150596, 12.945635824940037], [77.60251464818137, 12.946373270114282], [77.60247254932885, 12.946880511487008], [77.60245751822315, 12.947091839494982], [77.60245896522201, 12.947231200261315], [77.60246924445144, 12.947391590821228], [77.60248417984019, 12.947585724619596], [77.60251211652086, 12.947788172507234], [77.60256275723488, 12.947975716662553], [77.60258377129101, 12.948053537703224], [77.60268121431463, 12.948314422078294], [77.60287619118388, 12.948844635968099], [77.60320798266731, 12.94969447096058], [77.60341603134697, 12.950438335245808], [77.60434224216311, 12.950293360322863], [77.60573268956104, 12.950099490769151], [77.60575620285007, 12.950096209631957], [77.60579635976646, 12.949978242548953]]]]}}, {"type": "Feature", "properties": {"Ward_No": 90, "Ward_Name": "Ulsoor", "Zone": "East", "Risk_Score": 0.5658, "Alert_Level": "ORANGE", "Severity_Band": "high", "Priority_Rank": 11, "Pop_Density_per_km2": 21363.7, "Green_Cover_Pct": 27.7, "Water_Stress_Index": 48.5, "Heat_Intensity_Index": 80.4}, "geometry": {"type": "MultiPolygon", "coordinates": [[[[77.61826631184702, 12.987757213751607], [77.61837647218931, 12.987680534345134], [77.6189982725622, 12.987348749321383], [77.61905954627045, 12.987302711521345], [77.61914421474711, 12.98727914673875], [77.61923683940547, 12.98727821291294], [77.61932615089611, 12.987277312458657], [77.61932946405659, 12.987277279054195], [77.61941639855415, 12.987276402534597], [77.61942980447282, 12.987276267366443], [77.61963064871837, 12.98728938147789], [77.6199785437324, 12.987338865225068], [77.62084245135537, 12.98748312102881], [77.62150046970555, 12.987566082256881], [77.62184946369527, 12.987600029121328], [77.62223248801091, 12.987689833996306], [77.62232340295486, 12.987688916298575], [77.62239365604988, 12.987688207140284], [77.62246339632115, 12.98763886845474], [77.62252849464556, 12.987540939619521], [77.62253182015824, 12.987463898628363], [77.62253096936725, 12.987382847869432], [77.62250146499365, 12.987201419567965], [77.62251473119736, 12.987104397884593], [77.62249119543797, 12.986536015056364], [77.62244556126525, 12.985871362936935], [77.6224489053392, 12.985185542793062], [77.62242352657286, 12.984441423757948], [77.62245273417551, 12.983875956770829], [77.62247534255877, 12.9836861876629], [77.62253250778008, 12.983440931681205], [77.62267408317271, 12.982867438736827], [77.6227813860642, 12.9823770000394], [77.62288231252522, 12.981948653497188], [77.62290600551938, 12.981862262367349], [77.62291977028907, 12.981834553232682], [77.62295110500703, 12.981806669088751], [77.62298247349423, 12.981782228276582], [77.62302435107031, 12.981754235409927], [77.62305568576578, 12.981726351257366], [77.62310476878946, 12.98171551559635], [77.62315395795594, 12.981715019130677], [77.62318206840821, 12.981714735408037], [77.62324180282232, 12.981714132490332], [77.62330870890825, 12.981727241118831], [77.62361892479404, 12.981820604266321], [77.62374574381737, 12.98185033787742], [77.62413612660967, 12.981880860965642], [77.62421195514764, 12.981885745342248], [77.62438054454013, 12.981896603490249], [77.62442887437373, 12.981873561602608], [77.6244535402375, 12.981860338045385], [77.62446503082583, 12.981852113540766], [77.6244748490094, 12.981842282379949], [77.62448299955297, 12.981830849140485], [77.62449436858228, 12.981811272616858], [77.62449423236244, 12.981798299515333], [77.62449407912136, 12.981783705354223], [77.6244936534419, 12.981743164989938], [77.62447962664785, 12.98161473442204], [77.62436824408076, 12.981117916701544], [77.6243434685852, 12.981017366033898], [77.62433784561753, 12.980983823302884], [77.62433760142385, 12.980960564215554], [77.62433738437397, 12.980939890499002], [77.62434227475896, 12.980903655968437], [77.6243815609411, 12.980879997737604], [77.624426196385, 12.980864037797456], [77.62456556762736, 12.980834199951675], [77.6248127404383, 12.980780011845924], [77.62511834945376, 12.980769170765049], [77.62533981986998, 12.980777274086138], [77.62549559348962, 12.980776912472637], [77.62556790748881, 12.980784463907689], [77.62554566451797, 12.98055167778976], [77.6255297038378, 12.98030696384677], [77.62566798256096, 12.980299794429284], [77.62577355218626, 12.980281442558418], [77.6257792238368, 12.98028166279124], [77.6259088398498, 12.98026410405385], [77.62574002632051, 12.979489739757664], [77.62610243434908, 12.979407878031182], [77.62622084268332, 12.979438525847476], [77.62628012136648, 12.979453870951481], [77.62640396905967, 12.979435241713396], [77.62643013808888, 12.979395878150878], [77.62633745962479, 12.978909171376188], [77.62628914775756, 12.978688029757777], [77.62646068293462, 12.97869060994279], [77.62672872958939, 12.978670650848578], [77.62702279757853, 12.978615924793745], [77.62723780424696, 12.978570626297614], [77.62750544503223, 12.978511855880624], [77.62768087673405, 12.978466954736644], [77.62804026570362, 12.978351191051786], [77.6282811140383, 12.978253876130198], [77.62851339671742, 12.978139942743526], [77.62842686895063, 12.978036029915968], [77.62830225706126, 12.977934083996804], [77.62819632549756, 12.977867847425262], [77.62809972937468, 12.977819465565824], [77.62777820461557, 12.97770156077062], [77.62742427401258, 12.9775480870474], [77.62732305640597, 12.977495262532633], [77.627290671607, 12.97746957152378], [77.6272519658545, 12.977438865617403], [77.62724987111231, 12.97743880815333], [77.62724401828487, 12.97743256046672], [77.62723580191378, 12.977423790341724], [77.62720793544554, 12.97739404799761], [77.6271325649069, 12.977236669303114], [77.62703677539322, 12.976889725225956], [77.62700230297729, 12.976752410164051], [77.62699120433851, 12.976738204149854], [77.62692255841993, 12.976542967247031], [77.6266794469516, 12.976206549544523], [77.62654713995153, 12.976076820969658], [77.62622789384397, 12.975763797273975], [77.62574898652163, 12.975348430087966], [77.62534502378487, 12.97507484849318], [77.6252756842296, 12.975027889939318], [77.62341619844265, 12.97388544494248], [77.62201178618973, 12.973081789984642], [77.62155720391223, 12.972788160327784], [77.62130298192777, 12.972709392799974], [77.62092029455181, 12.972681620648943], [77.62057474170071, 12.972680586085298], [77.62018829860915, 12.97273418082467], [77.61996727107191, 12.972745445847096], [77.61976866108813, 12.972697743318564], [77.61947739491117, 12.972601275208376], [77.61936659960091, 12.972579797888926], [77.61917306799843, 12.972577227930802], [77.61880053911177, 12.972639718728166], [77.61686080330308, 12.973070415007726], [77.61507773309796, 12.973504041706589], [77.61410317881959, 12.97371264716544], [77.61393338923264, 12.973777612516113], [77.61390171012427, 12.97383215128912], [77.613913662931, 12.973881003831275], [77.61391599577809, 12.973890532079874], [77.61392017878477, 12.973907629895754], [77.61393519849781, 12.97398637871843], [77.61394464691102, 12.974035913254179], [77.61394504108485, 12.974035946296071], [77.61407167159585, 12.974488936335867], [77.61432136016668, 12.97538213917906], [77.61432845020059, 12.975407508240298], [77.6150130879757, 12.977138522230176], [77.6152440494588, 12.977925704905374], [77.61544561933005, 12.978621389482974], [77.61544681987867, 12.978736150262142], [77.61543447026511, 12.978917920728842], [77.61541718084018, 12.978950762369632], [77.61532502591743, 12.979060127774872], [77.61524252804948, 12.979101625289793], [77.61479243841066, 12.979286881253783], [77.61506346175092, 12.979992318764577], [77.61529620396331, 12.980608674201529], [77.61541331885878, 12.980828759476909], [77.61549395386422, 12.98095244604369], [77.61555864477093, 12.9810685082848], [77.61559953342592, 12.98118481466086], [77.61560990837833, 12.981418141333931], [77.61561218799159, 12.98163598693685], [77.61560055416966, 12.982040718347523], [77.61555637355313, 12.98236796927252], [77.6155260225721, 12.982500550493643], [77.61542394785268, 12.982602733105072], [77.61532874253982, 12.98260369122799], [77.61520957660152, 12.982589327897644], [77.61494720038309, 12.982537500346918], [77.6145821746263, 12.982533390570527], [77.61429664702058, 12.98254404543592], [77.6137978104261, 12.982642436040145], [77.61311763834946, 12.982851582476325], [77.6129662821006, 12.982937714370602], [77.61337557529397, 12.983366316009736], [77.61338139716857, 12.9833723215165], [77.614087411103, 12.984100476321169], [77.61426440817837, 12.984367452023728], [77.61429970350883, 12.984438260478287], [77.61430689869663, 12.984465298233347], [77.61509820889547, 12.985507387158044], [77.61581964552562, 12.986605365196217], [77.61660375142156, 12.987754926146538], [77.6172437822815, 12.988615508842583], [77.6172538254713, 12.988625525945102], [77.61767773628553, 12.98828997140851], [77.61826631184702, 12.987757213751607]]]]}}, {"type": "Feature", "properties": {"Ward_No": 45, "Ward_Name": "Malleshwaram", "Zone": "West", "Risk_Score": 0.5496, "Alert_Level": "ORANGE", "Severity_Band": "high", "Priority_Rank": 12, "Pop_Density_per_km2": 20066.9, "Green_Cover_Pct": 29.1, "Water_Stress_Index": 46.7, "Heat_Intensity_Index": 78.8}, "geometry": {"type": "MultiPolygon", "coordinates": [[[[77.56114274310032, 13.022497667778216], [77.56120108153011, 13.022359354659583], [77.5612823727655, 13.02226274185068], [77.56135862595936, 13.02217626511445], [77.56145524072706, 13.022069414527753], [77.56156665836018, 13.021901909099952], [77.56161236773907, 13.021845988471338], [77.56154884896334, 13.021670128146916], [77.56142081982397, 13.021222603185835], [77.56176410564753, 13.021098188603412], [77.562768495097, 13.020708650576173], [77.56269755000935, 13.020576544298516], [77.56251201418054, 13.020143370892448], [77.56241481060924, 13.019935704617101], [77.56217623425208, 13.019627340138017], [77.56159881495395, 13.018945021348108], [77.56141505931835, 13.018684945053822], [77.56120323342219, 13.01833636520502], [77.5609692662648, 13.017878722071561], [77.56068578469895, 13.017255961259067], [77.56056940793094, 13.017077500078283], [77.56078100292058, 13.016950153538684], [77.56222057281958, 13.016156570305617], [77.5633209118027, 13.015500865412132], [77.56458170424598, 13.014806458103196], [77.56612918859977, 13.013928287461836], [77.56727122065561, 13.013188654160905], [77.56818312154671, 13.01261366367462], [77.56873310618467, 13.01226956745899], [77.56897551294378, 13.012100073679271], [77.56906142496524, 13.011992612801425], [77.56909396410774, 13.011936622993726], [77.56909769153819, 13.011839165105805], [77.56910982734853, 13.011639568051574], [77.56911302686339, 13.010572559132262], [77.56915350091853, 13.00853098506863], [77.56919134601497, 13.00761208412042], [77.56921437755335, 13.006633018218363], [77.56923832880366, 13.005507531840827], [77.56925430288855, 13.005468050940173], [77.56818514452542, 13.005507768202396], [77.56674326223347, 13.005577065372494], [77.56514287162177, 13.00564144815601], [77.56432154515022, 13.005665347371979], [77.56381174440389, 13.005687380132443], [77.56305178103672, 13.005699743151983], [77.56239099372748, 13.005725693098686], [77.56238549636355, 13.005816003673143], [77.56183477867165, 13.005838917783704], [77.56168595990093, 13.005848320201817], [77.56094176215842, 13.005829187073822], [77.5607394343509, 13.005810717702639], [77.56041936210904, 13.006789308993222], [77.5603082980962, 13.007118426423851], [77.5601722930011, 13.007590219529355], [77.55991263563182, 13.008451679657018], [77.55967009792224, 13.009265495103508], [77.55946966562938, 13.009893303182137], [77.55927754716251, 13.0104735511463], [77.55917422206139, 13.010699006820346], [77.55904177115076, 13.01108876064314], [77.55881373319282, 13.011600308354462], [77.5585547971931, 13.012103526990005], [77.55837340115198, 13.012441967434912], [77.55809579498103, 13.01284178694707], [77.55777875433796, 13.013259256045286], [77.55736981953396, 13.013729425125655], [77.55703904268616, 13.01409523757511], [77.55677793243815, 13.014386990032445], [77.55633827341727, 13.014866092617535], [77.5560337690411, 13.015218697926688], [77.5556042705961, 13.015666006596323], [77.55567041355818, 13.015714222841119], [77.55581535452863, 13.015819885994365], [77.55582236302024, 13.01581097719563], [77.55583315053593, 13.01581866284611], [77.5557973720742, 13.0158544576463], [77.55570296836369, 13.015964247126842], [77.55564002791085, 13.016045734028047], [77.55551768640953, 13.016228630501367], [77.55536718113542, 13.016453625498686], [77.55535304525017, 13.016479178426168], [77.55532696887771, 13.016526314606232], [77.55503764767519, 13.017049270706051], [77.55473846704402, 13.017583858029194], [77.55441917875287, 13.018171804247132], [77.55424664486594, 13.018506312142703], [77.55416308029302, 13.018668325123263], [77.55386411430173, 13.019155591289492], [77.55393326388503, 13.019256587597818], [77.55426283459971, 13.01973794506901], [77.55432466173983, 13.019828247047146], [77.55465041592922, 13.019824643444885], [77.55518752949911, 13.019845916825084], [77.55530671087631, 13.01984581275056], [77.55546789244643, 13.019845673846117], [77.55555780290179, 13.019885292324457], [77.55559611701273, 13.019928796255682], [77.55570879282463, 13.020174093927858], [77.55589803553832, 13.020674453752049], [77.55598479567192, 13.020903851500865], [77.55629164169301, 13.021619799520245], [77.55660122264965, 13.022394035988956], [77.55671310939344, 13.022696435547756], [77.55682812615878, 13.023012810723493], [77.55692490439519, 13.023282250752686], [77.55709031681961, 13.023725133764628], [77.55719508353798, 13.024043598788156], [77.55733735338596, 13.024459008886842], [77.55740930888314, 13.024703654640739], [77.55751864430333, 13.02505851315767], [77.55756641136253, 13.025228128314689], [77.55764852628458, 13.025493614127235], [77.55771497181621, 13.025725116972476], [77.55776627237296, 13.025837956128766], [77.55800729325038, 13.026387294123877], [77.55840845713725, 13.027272986798435], [77.55891767214543, 13.026994977193164], [77.55966225110274, 13.026717160131025], [77.55967756083946, 13.02671012585025], [77.55941987768122, 13.026096484251836], [77.55915867809344, 13.02506879474638], [77.55956374518634, 13.025046006332797], [77.56011745556289, 13.024982090341698], [77.56000623446789, 13.024689675792507], [77.55962548743693, 13.0239165327992], [77.559450249382, 13.023403938435905], [77.5593214787002, 13.022995159419136], [77.55989799096672, 13.022814972635958], [77.5605103619263, 13.02266060714327], [77.56102496144398, 13.022536491756982], [77.56114274310032, 13.022497667778216]]]]}}, {"type": "Feature", "properties": {"Ward_No": 112, "Ward_Name": "Domlur", "Zone": "East", "Risk_Score": 0.5466, "Alert_Level": "ORANGE", "Severity_Band": "high", "Priority_Rank": 13, "Pop_Density_per_km2": 19830.3, "Green_Cover_Pct": 29.4, "Water_Stress_Index": 46.3, "Heat_Intensity_Index": 78.5}, "geometry": {"type": "MultiPolygon", "coordinates": [[[[77.64126952683597, 12.970280367615729], [77.64136617922095, 12.968663226622041], [77.64140930069786, 12.966817358183553], [77.6415296210747, 12.965035517478194], [77.64161781156731, 12.963175548757773], [77.64167762078507, 12.961592168158319], [77.64169768260084, 12.96118603680281], [77.64168595139454, 12.960639642800334], [77.64222944612287, 12.960577950400259], [77.64240104308655, 12.96055847222769], [77.64249953784021, 12.960266921452465], [77.64250522377009, 12.960256701664559], [77.64257914156406, 12.960115648153193], [77.64264633802264, 12.959971395007962], [77.64270667019407, 12.959824248961846], [77.64276001177866, 12.959674530454453], [77.64280624350212, 12.959522555227998], [77.64284526976665, 12.959368648034522], [77.642869605271, 12.95925294569042], [77.64287741542388, 12.959204264726695], [77.64291221286395, 12.959016773620002], [77.64295426002205, 12.958830723739064], [77.6430034983121, 12.958646374701896], [77.64301414923136, 12.958609917653147], [77.64302380617009, 12.958571109416019], [77.64304494188164, 12.95851105337759], [77.64307292141845, 12.958453749364534], [77.64310737776887, 12.958399948107914], [77.64314786322008, 12.958350350277959], [77.64319384930936, 12.958305601859232], [77.64324473615798, 12.958266284805212], [77.64329986187796, 12.958232914630202], [77.6433585071168, 12.958205924174417], [77.64341990453752, 12.95818566813333], [77.64342459575549, 12.958184427138889], [77.6437689815385, 12.957975057012229], [77.64338196034326, 12.957844928308667], [77.64360037630769, 12.957263392261355], [77.64374904078085, 12.956548505800905], [77.643819871782, 12.956257689213407], [77.64370160285962, 12.955754219272228], [77.64340245600292, 12.954699160198398], [77.64204537487912, 12.954698570997799], [77.64138910654418, 12.95470084851427], [77.64132781192984, 12.95470106090888], [77.64131726762898, 12.954534536636451], [77.64131023998772, 12.954423548956548], [77.64129413434891, 12.954284866062714], [77.6410993311112, 12.953865518036153], [77.64077168563409, 12.953271507462716], [77.64043882529586, 12.952692195486893], [77.64043526782541, 12.952686003404079], [77.63994464237551, 12.951832109578184], [77.63993944961652, 12.951834976791444], [77.63993905561514, 12.951827795166288], [77.63979337204262, 12.951596903593481], [77.63948282318164, 12.951929689833543], [77.63867777340036, 12.95291595488618], [77.63785113467377, 12.953945671259762], [77.63781883447142, 12.953983964096484], [77.63705118213912, 12.954894054955577], [77.63686620258592, 12.955117487161301], [77.6366976915833, 12.955335350006875], [77.63622330201984, 12.956246577272749], [77.63639725097404, 12.956286495916284], [77.6363557046546, 12.956428758312224], [77.63634950488989, 12.956435659815167], [77.63617659655817, 12.95692519198973], [77.63572351631224, 12.958157797103576], [77.63562557087673, 12.958435092367003], [77.63524146342303, 12.959612421128398], [77.63503259520384, 12.960255836070502], [77.63479039427673, 12.960933284864895], [77.6347373853177, 12.961169106714298], [77.63476456238509, 12.96143216097463], [77.63429466398306, 12.961776848985467], [77.63431514253068, 12.961990261395554], [77.6343168958414, 12.962043040900637], [77.63430478384471, 12.96227467906279], [77.63430649665595, 12.962437445347941], [77.63430358063576, 12.962624199837357], [77.63429130374841, 12.962849350154576], [77.63438897906906, 12.962853148782678], [77.63441545095517, 12.963049180458231], [77.63427414609897, 12.963074549877211], [77.63425078281236, 12.963299164854078], [77.63420644052499, 12.963385413574054], [77.63417274114788, 12.963488090561643], [77.6341547096156, 12.963757754385835], [77.63416747635691, 12.96397935094671], [77.6341935612264, 12.96410252177543], [77.63422761302351, 12.964219302826775], [77.6342722983956, 12.964290669897233], [77.63428815238687, 12.964405414932244], [77.63428412812203, 12.964486847473621], [77.63429011740871, 12.964592117679723], [77.63429112513411, 12.964687863625992], [77.63357820855256, 12.964671143218094], [77.63355124151899, 12.965356069257508], [77.63389801712907, 12.965371710913974], [77.63369203418713, 12.965813875651673], [77.63364848910717, 12.965891445892867], [77.63356781933298, 12.966158332528616], [77.6334748218679, 12.966575437685071], [77.63323705381775, 12.967778575813556], [77.63316449014565, 12.968154536588335], [77.63313882036869, 12.968359468251013], [77.63310544328948, 12.968492841165563], [77.63275720642189, 12.96846112204959], [77.6321647875205, 12.968355594776595], [77.63102519547847, 12.968121774315888], [77.6300239208404, 12.968064984511296], [77.62893309027143, 12.968142924525448], [77.62900231122454, 12.96869608348693], [77.62902420142393, 12.968920889086387], [77.62896696071799, 12.96920204400124], [77.6303247017666, 12.969634410068107], [77.63253861267204, 12.970381516502828], [77.63398089891416, 12.970843380735232], [77.63492923224999, 12.97127765894785], [77.63632148842511, 12.971848141968621], [77.63758828115287, 12.972351913332947], [77.63813057945174, 12.972509554377828], [77.63865758420205, 12.972531398488792], [77.63960084738792, 12.972589801673195], [77.6402945793672, 12.972639411781348], [77.64112148902095, 12.972664105564226], [77.64113161943023, 12.972472447489837], [77.64118043569947, 12.971727997774694], [77.64120950892922, 12.971284577200496], [77.64126952683597, 12.970280367615729]]]]}}, {"type": "Feature", "properties": {"Ward_No": 21, "Ward_Name": "Hebbala", "Zone": "East", "Risk_Score": 0.5443, "Alert_Level": "ORANGE", "Severity_Band": "high", "Priority_Rank": 14, "Pop_Density_per_km2": 19643.1, "Green_Cover_Pct": 29.6, "Water_Stress_Index": 46.1, "Heat_Intensity_Index": 78.3}, "geometry": {"type": "MultiPolygon", "coordinates": [[[[77.59270044703393, 13.040079437554311], [77.59311829976224, 13.03998880875437], [77.5935803411044, 13.039908541862097], [77.59426277803495, 13.039826062886354], [77.59472414462098, 13.03968096891115], [77.595130297131, 13.039525620182827], [77.59553667446731, 13.039391881588763], [77.59611925518172, 13.039245569850298], [77.5962252843905, 13.039219690219902], [77.59627624524639, 13.03892707726273], [77.59644302118271, 13.038509941253318], [77.59648151137377, 13.03829383757721], [77.59656897248267, 13.038085228711337], [77.59666399903104, 13.037820616316207], [77.5967110525531, 13.03764437076422], [77.59679809888179, 13.037395819723999], [77.59687009504117, 13.037267263250177], [77.59697485420435, 13.037154357086965], [77.59716175928394, 13.037104545046148], [77.59732371909327, 13.037007043891741], [77.59740461674436, 13.036950304617125], [77.59745200321899, 13.03680601598612], [77.59749064228127, 13.036667088256827], [77.59746154508072, 13.036642635787524], [77.59734721102159, 13.036396343373198], [77.59725454269385, 13.03615336743517], [77.59719185452742, 13.036019670135882], [77.59714035194565, 13.035921211425245], [77.59710371496311, 13.035865019940891], [77.59707468931316, 13.035847636851123], [77.59704224646211, 13.035847962293957], [77.5969954175297, 13.0358519682796], [77.59711351016726, 13.03574080639546], [77.59734972877958, 13.03568038131504], [77.59773827558107, 13.035626721285311], [77.59822788291862, 13.03553057842272], [77.59855687675876, 13.035444342717849], [77.59880033427407, 13.035377858301121], [77.5988252369509, 13.035345796098133], [77.59890421315602, 13.035313186482671], [77.59906246085829, 13.03527625178723], [77.59922802945586, 13.035249842957533], [77.59987959522387, 13.035154929806446], [77.60015204879656, 13.035104879039535], [77.60059116543123, 13.035034117596739], [77.6009886875241, 13.03503012444206], [77.60140347213265, 13.035059133947435], [77.60181022978234, 13.035129686796855], [77.6022072061839, 13.035121802519406], [77.60214121762222, 13.035065883802673], [77.60207706631319, 13.035001585932296], [77.6020460311833, 13.0349203865364], [77.6019782834239, 13.03471806621644], [77.60196533941102, 13.034610337902677], [77.60196417973371, 13.0344994036123], [77.60196378373288, 13.03446152208758], [77.60196071304752, 13.03443178758078], [77.60195201008166, 13.034391283591583], [77.60193502610281, 13.03435086513074], [77.60188473178347, 13.034291839802824], [77.60180402571879, 13.034227703542996], [77.60163728790475, 13.034118432974577], [77.60154272529432, 13.034049028576137], [77.60148986713236, 13.034008968192275], [77.60143416698018, 13.033960820830194], [77.60139240601818, 13.033926063127668], [77.60136176574156, 13.03389930921018], [77.60128927973615, 13.033829682896599], [77.60123921184787, 13.033792300357502], [77.60111716699755, 13.033733995618668], [77.60104524652618, 13.033718480104463], [77.60101213185563, 13.033718812744528], [77.60098729349352, 13.033719062245494], [77.60089603024785, 13.033701037351824], [77.60085429766498, 13.033668985199968], [77.60081256270959, 13.033636930750442], [77.60072599645926, 13.033540386212227], [77.60067311025261, 13.033497619953875], [77.60060628731779, 13.033441463926831], [77.60053968820696, 13.033406955503347], [77.60049815121661, 13.033393842928927], [77.60047317390831, 13.033380564043535], [77.60043980488261, 13.03335654564821], [77.60037593707612, 13.033319301486596], [77.60024581178354, 13.033280019022705], [77.6002147903318, 13.033277275355912], [77.60015468765756, 13.033275522160896], [77.59980962124823, 13.03324785693055], [77.5994947740631, 13.033262896233651], [77.59919191412992, 13.033265936418449], [77.59890117257858, 13.033268854622765], [77.59869435917514, 13.033187776657414], [77.59846344474204, 13.033118818773994], [77.59823215613932, 13.033014229138875], [77.59809778463223, 13.032908666892435], [77.59797527669774, 13.03277922867683], [77.59782841748097, 13.032638153929522], [77.59768254994616, 13.032592098876554], [77.59747586366471, 13.032522899230376], [77.59734260567373, 13.032524235840539], [77.59700340730734, 13.032527637773628], [77.59661574921805, 13.032531525181579], [77.59649460486006, 13.032532739889689], [77.59636134911825, 13.032534075972583], [77.59621498629524, 13.032440511224516], [77.59609272716195, 13.032334826290171], [77.59576477313699, 13.032254960073315], [77.59566637488082, 13.032113398055587], [77.59561581240182, 13.031911961974503], [77.5955651262074, 13.031698648657311], [77.59553792687767, 13.031413824598774], [77.5955580679175, 13.03102161540424], [77.59556782888814, 13.03079581547229], [77.59556418082875, 13.030445872564119], [77.59647498985902, 13.030409940360762], [77.59648667900818, 13.030058544146694], [77.5961183685304, 13.030077292373056], [77.59600164504735, 13.030091788572848], [77.596007014816, 13.029924247729538], [77.5960011946129, 13.02936599130833], [77.59588721473601, 13.028891972594508], [77.59584666193163, 13.028488493237422], [77.59579684347895, 13.028358322596226], [77.59544876690887, 13.028416244104777], [77.59538337614188, 13.028430042839439], [77.5950674041737, 13.02850101933297], [77.59480488130696, 13.028545626263245], [77.59438950775412, 13.028594761272457], [77.59416008901903, 13.028588064553308], [77.59367584332735, 13.028586535094549], [77.5936546999576, 13.028509173655282], [77.5926335022921, 13.028713106574152], [77.59263317743637, 13.028713169958122], [77.59223538103186, 13.028791824206975], [77.59187197914306, 13.02889550733461], [77.59183682806558, 13.028774028291295], [77.59164573995382, 13.027779158212415], [77.59108020765335, 13.027707286152712], [77.59062819567626, 13.027689657334621], [77.59052873292268, 13.027901083604016], [77.59030756461561, 13.028357386406702], [77.58999615400958, 13.028825665140564], [77.59013261070461, 13.028912906038425], [77.59032703862809, 13.02914354299721], [77.5904527764091, 13.029286266020426], [77.59083610074974, 13.02921598100603], [77.59087436490861, 13.029636461329304], [77.59017455980111, 13.029687761992607], [77.58849280857714, 13.029815329543172], [77.58823292929489, 13.028721460748114], [77.58767880463701, 13.02866054575338], [77.58741497881934, 13.028648816426816], [77.58740946503703, 13.028562884058465], [77.58655988484624, 13.028535825840915], [77.58618711553594, 13.028544624433584], [77.58620790125829, 13.02859434790474], [77.58645460415936, 13.029206496755906], [77.58688630304938, 13.030313239342982], [77.58729200442694, 13.031237876223111], [77.58786715890554, 13.032559313112879], [77.58816635491013, 13.033177703695078], [77.58821597402873, 13.033312288799163], [77.58826591155092, 13.03347726312581], [77.58839217198535, 13.03402646214195], [77.58849601581349, 13.034407030348577], [77.5886380955478, 13.03482098757629], [77.58876629139209, 13.035224953420535], [77.5891059426891, 13.0360894578458], [77.58915552806792, 13.036220668525694], [77.58919516907807, 13.036389124394093], [77.58920227764949, 13.036768106026317], [77.58923663412224, 13.037612088692507], [77.58922763407125, 13.037845060654298], [77.58926507990248, 13.03826609755812], [77.58933457078297, 13.038589565610016], [77.58937021581241, 13.038837734662284], [77.58946298575292, 13.03927982869694], [77.58963817738632, 13.040228954458396], [77.5898469924977, 13.04017283825184], [77.59032050607458, 13.040135685879745], [77.59073813311824, 13.040023450010436], [77.59092547077071, 13.040021574730773], [77.59099215168555, 13.04007493395138], [77.59107041498245, 13.040182206245989], [77.59118218999076, 13.040332362069513], [77.59138155801071, 13.040427614075604], [77.59150367780258, 13.040512834063216], [77.59161387754604, 13.040511730597805], [77.59168977765394, 13.040392111792823], [77.59176590280018, 13.040294101407778], [77.59187531216773, 13.040217368375746], [77.5919851740647, 13.040183852137933], [77.59218330384911, 13.040160254854367], [77.59270044703393, 13.040079437554311]]]]}}, {"type": "Feature", "properties": {"Ward_No": 147, "Ward_Name": "Adugodi", "Zone": "South", "Risk_Score": 0.5325, "Alert_Level": "ORANGE", "Severity_Band": "high", "Priority_Rank": 15, "Pop_Density_per_km2": 18715.6, "Green_Cover_Pct": 30.7, "Water_Stress_Index": 44.7, "Heat_Intensity_Index": 77.1}, "geometry": {"type": "MultiPolygon", "coordinates": [[[[77.61874950967928, 12.943573938737076], [77.6187389777621, 12.943464780722692], [77.61825813585524, 12.943447162066398], [77.61796657050938, 12.943472541076979], [77.61776690420531, 12.943530670436175], [77.61754977833525, 12.943560914329781], [77.61731259959947, 12.941121881430087], [77.61849282377369, 12.941038464163952], [77.61846129848404, 12.940994459185626], [77.61819305566353, 12.940326918949287], [77.61702615215835, 12.936356649926497], [77.61666424550027, 12.936310247778582], [77.61627591900397, 12.936250763250271], [77.6159681909231, 12.936174624782144], [77.61567620220967, 12.936058715038083], [77.61533501137562, 12.93587199362691], [77.61458802222761, 12.935499199302885], [77.61331301765236, 12.934838556015094], [77.61230202091782, 12.934362652822752], [77.6122317980859, 12.93448943911507], [77.61222874078109, 12.93449495793883], [77.61174844047304, 12.935431382023188], [77.61081174742526, 12.93717514549325], [77.6098207638061, 12.939043337181028], [77.60932983001263, 12.939930312738468], [77.60857713362795, 12.94139472897167], [77.60814129485944, 12.942236552823822], [77.60787087058087, 12.942952835213397], [77.6077062783282, 12.943643281861538], [77.60760222898658, 12.94404988187076], [77.60757828184192, 12.944116583688947], [77.60714325940043, 12.945732440900247], [77.60684423316914, 12.946601615628783], [77.6064855001454, 12.94770906933368], [77.60619839877701, 12.948595384990737], [77.60588106629916, 12.949707817945226], [77.60731549698168, 12.949521660190475], [77.60845579680769, 12.949363068952998], [77.60931402601459, 12.949227253030553], [77.60958055365508, 12.949177187645155], [77.609961570291, 12.94913096363256], [77.61074837948658, 12.948975904216596], [77.61109882896389, 12.948924996320706], [77.61128218664074, 12.948948103969517], [77.61146816632291, 12.948978667000958], [77.61157336760887, 12.949067414828548], [77.61170231371716, 12.949238242861085], [77.611753823223, 12.949300090202213], [77.61248881798248, 12.949297708879227], [77.61312725221346, 12.949303778209837], [77.61365111915352, 12.949298522722653], [77.61445490364662, 12.94930791838221], [77.61514915441525, 12.949300949814623], [77.61619161837201, 12.949273021237143], [77.61664923484021, 12.949255952351495], [77.61698483684066, 12.949245097061315], [77.61710387816362, 12.949243901158688], [77.6171039185361, 12.949242122242236], [77.61701937118838, 12.949142475342732], [77.61731204705563, 12.9489175264306], [77.617582171886, 12.94872523103845], [77.61820065251713, 12.948282480883453], [77.61924792666038, 12.947498663519253], [77.61933664040166, 12.947431999212208], [77.61884781298151, 12.946521284145586], [77.61862516167304, 12.946081524235309], [77.6186019777846, 12.946008146835869], [77.61859581231022, 12.945953359478333], [77.6186063671189, 12.945892913604157], [77.61862838880572, 12.945859781775983], [77.61867220768971, 12.945771579258771], [77.61874415874249, 12.94569954695441], [77.61911069763687, 12.94545451770303], [77.61928966210357, 12.945332321421862], [77.61912647504253, 12.945028895435811], [77.61898127352777, 12.944596673867604], [77.61874950967928, 12.943573938737076]]]]}}, {"type": "Feature", "properties": {"Ward_No": 148, "Ward_Name": "Ejipura", "Zone": "South", "Risk_Score": 0.5243, "Alert_Level": "ORANGE", "Severity_Band": "high", "Priority_Rank": 16, "Pop_Density_per_km2": 18077.6, "Green_Cover_Pct": 31.5, "Water_Stress_Index": 43.8, "Heat_Intensity_Index": 76.3}, "geometry": {"type": "MultiPolygon", "coordinates": [[[[77.62704602036122, 12.94932332122083], [77.62706895239032, 12.949303799384268], [77.62713726007411, 12.949245657397842], [77.62723555553471, 12.9491619855878], [77.62726210743357, 12.949136876653872], [77.62736202229452, 12.949024822712767], [77.62745638194504, 12.94890402711258], [77.62756103774335, 12.948751864018757], [77.62766563879686, 12.948594490852622], [77.62781158604625, 12.948327277940203], [77.62802024348845, 12.947960433278231], [77.62833360514279, 12.94744663080697], [77.62861531490195, 12.946953994539784], [77.62871986004042, 12.946791411152185], [77.62882977400105, 12.946633984176996], [77.62901279342681, 12.946355975755688], [77.62929970350594, 12.945852863199658], [77.62950326149907, 12.945506909597286], [77.62957078613401, 12.945360331438854], [77.63001229595383, 12.944402336466002], [77.6306194642492, 12.943031034527511], [77.63098834866491, 12.942240511232841], [77.63123686804364, 12.941623152475001], [77.63141797071681, 12.941162794364146], [77.63172973322486, 12.940497899398078], [77.63217626992204, 12.939513799829168], [77.6324577467143, 12.939000319839831], [77.63284776140839, 12.938199163625349], [77.6330767723236, 12.937748740307528], [77.6331914427787, 12.937539158717907], [77.6332753365974, 12.93743409967764], [77.63338025847352, 12.93730798589074], [77.63362197224916, 12.937055436327928], [77.63419591623865, 12.936570264658938], [77.63441703823985, 12.93638044964331], [77.63458564479951, 12.93624848152177], [77.63525305855529, 12.935559151164757], [77.63560712859248, 12.935240049350035], [77.63567405446575, 12.93517973687816], [77.63574781342074, 12.935121674994589], [77.63578616258299, 12.935066570522405], [77.63578582466175, 12.93503440619599], [77.6357818794549, 12.935005853809646], [77.63574157497779, 12.934984812950079], [77.6353909944516, 12.934913296621756], [77.63514273700915, 12.934869338084019], [77.63500750958292, 12.934831388145613], [77.63457211279383, 12.934664219720146], [77.63447612573589, 12.934607271731142], [77.63441810307893, 12.934572843151168], [77.63425568042433, 12.93437432398173], [77.6341335645933, 12.934196841177503], [77.63407517223536, 12.934065422577667], [77.63391660733438, 12.933762206058534], [77.63381265473676, 12.933537572592872], [77.63369219353885, 12.933163626930444], [77.63357629205203, 12.93265481203368], [77.63351006473017, 12.932323374648318], [77.6334249124792, 12.931897222973278], [77.63339614602329, 12.931718725269038], [77.63339586923796, 12.931692349029966], [77.63340150740491, 12.931660052606585], [77.63343098510862, 12.931621652714751], [77.63361416588441, 12.931423429063935], [77.63387170282532, 12.931192215029055], [77.63397221139779, 12.931088614243675], [77.63399867116611, 12.931047314557683], [77.63402189545158, 12.930982598751747], [77.63403612787945, 12.930915043515078], [77.6340356049861, 12.93086522329447], [77.63403511284602, 12.930818332994734], [77.63401675531023, 12.930777483562425], [77.63391702171621, 12.930670046627785], [77.6338834194985, 12.93060883717567], [77.63364016641911, 12.930165736027615], [77.63349083216146, 12.929841909184681], [77.63325150591443, 12.929792270124034], [77.63310872485471, 12.930093020742843], [77.63297126269694, 12.93090123786669], [77.63275038863551, 12.931345925720535], [77.63217338661605, 12.931989404819115], [77.63125338209244, 12.9328185319544], [77.63053208669807, 12.933619627430948], [77.62963928272254, 12.934513545381929], [77.62873238802071, 12.935329520684181], [77.62785324677904, 12.936262336021695], [77.62692429965556, 12.937293676959367], [77.62659589006556, 12.937688991053177], [77.6264250761079, 12.93793205824933], [77.62630994843946, 12.938152625737686], [77.62612230184037, 12.93839037657556], [77.62594641382273, 12.938682860263661], [77.62578233709206, 12.939035564449059], [77.6256294446858, 12.939388153646448], [77.62541596155471, 12.939829117126537], [77.62533352304104, 12.939967074695973], [77.62523978486121, 12.94009417670137], [77.62510154424298, 12.940243670189583], [77.62471967510447, 12.940625991877754], [77.62407198723851, 12.941257821978885], [77.6239115500989, 12.941423989102033], [77.62346315381458, 12.941861830753544], [77.62252686751945, 12.942704999531415], [77.62177909189367, 12.943392684484907], [77.62111945896989, 12.943953323166442], [77.6209697994167, 12.944080986712606], [77.6208646456006, 12.944186261520086], [77.62068719763766, 12.944330659658526], [77.62048184900168, 12.944480824128906], [77.62018212481334, 12.944697760704107], [77.61975482277703, 12.945014713433338], [77.61928966210357, 12.945332321421862], [77.61911069763687, 12.94545451770303], [77.61874415874249, 12.94569954695441], [77.61867220768971, 12.945771579258771], [77.61862838880572, 12.945859781775983], [77.6186063671189, 12.945892913604157], [77.61859581231022, 12.945953359478333], [77.6186019777846, 12.946008146835869], [77.61862516167304, 12.946081524235309], [77.61884781298151, 12.946521284145586], [77.61933664040166, 12.947431999212208], [77.6193662918505, 12.947487246528887], [77.6193671864298, 12.94748891196918], [77.61944244285907, 12.947629120032532], [77.61950120951322, 12.947738607022897], [77.62001471906018, 12.948705953866314], [77.62020251197548, 12.949059720265872], [77.62067187168732, 12.949943886672964], [77.62074348543995, 12.950078792889215], [77.62089952089435, 12.950331819911508], [77.62110881797147, 12.950749917679786], [77.62120450658972, 12.951012300765996], [77.62135526330016, 12.951391064548652], [77.62145509929977, 12.951603993789263], [77.62150430615833, 12.951687557749146], [77.62165780816596, 12.95162300645453], [77.62185052365926, 12.951541963615187], [77.62221346094641, 12.951389336525253], [77.62234288691154, 12.951334907338028], [77.62244455398566, 12.951284969099303], [77.62271987852897, 12.951149731920367], [77.62285993467734, 12.951080932761323], [77.62314243734367, 12.9509421700001], [77.6232746249187, 12.950877238180972], [77.62330077997707, 12.95086439110734], [77.62331193255754, 12.950858228638696], [77.62336814083636, 12.95082716434016], [77.62339299990946, 12.95081733457022], [77.62346512779078, 12.95078880889305], [77.62346766204274, 12.950787849018448], [77.62361256150417, 12.950752644272894], [77.62363125310196, 12.950748101099718], [77.62404631267073, 12.95066041374804], [77.62441727548294, 12.950582041773828], [77.62475754564731, 12.950508807604441], [77.62496090202667, 12.950465038767812], [77.62543539361252, 12.950362915604936], [77.62546390369643, 12.95035677931605], [77.62547444850655, 12.95035450830351], [77.6255048465081, 12.950345140580504], [77.62564888599749, 12.950308273663088], [77.62576444705299, 12.950262114365561], [77.62580276662044, 12.950249470548062], [77.62580961885276, 12.950247206680647], [77.62583690482577, 12.950233168487308], [77.62602896960378, 12.95012923800916], [77.62617378156396, 12.95002165556811], [77.62617381435443, 12.950021634422837], [77.6262901115095, 12.949934141115778], [77.626366509573, 12.94987282094005], [77.62648379334429, 12.949778684678273], [77.62658529329497, 12.949697217150986], [77.62666061091903, 12.94963676583547], [77.62672553225683, 12.949584655009888], [77.62686733622724, 12.949472713037489], [77.62693768166686, 12.949414379395698], [77.62699065574647, 12.949370446593635], [77.62704602036122, 12.94932332122083]]]]}}, {"type": "Feature", "properties": {"Ward_No": 23, "Ward_Name": "Nagavara", "Zone": "East", "Risk_Score": 0.5118, "Alert_Level": "ORANGE", "Severity_Band": "high", "Priority_Rank": 17, "Pop_Density_per_km2": 17118.4, "Green_Cover_Pct": 32.8, "Water_Stress_Index": 42.5, "Heat_Intensity_Index": 75.0}, "geometry": {"type": "MultiPolygon", "coordinates": [[[[77.61367383745419, 13.042135197225509], [77.61374124056128, 13.04210263286309], [77.61397045520123, 13.041996706420449], [77.61417551341482, 13.041867332024465], [77.6143042505628, 13.041786109826749], [77.61448218022693, 13.04169929561148], [77.61462240379036, 13.04163411873301], [77.61486010837828, 13.041562642141354], [77.61532454178429, 13.041406514869719], [77.61575949991892, 13.041263825817534], [77.61576741030615, 13.04126123190691], [77.61602947438963, 13.041186850798589], [77.61616033979588, 13.041153112457442], [77.6163726795454, 13.041098367045624], [77.61676010921276, 13.04101239372231], [77.61699987269895, 13.040959188369694], [77.61713780171695, 13.040933884425648], [77.61728953019066, 13.040932350012268], [77.61745796156757, 13.04093661346086], [77.61751449782147, 13.040938044492805], [77.61808406699616, 13.040988073520362], [77.61827649577218, 13.04099776681806], [77.61839014992837, 13.040977004888575], [77.61850081732806, 13.040936036633216], [77.61877594993938, 13.040816355171852], [77.61923473457831, 13.040632326907652], [77.61933989971295, 13.0405901420216], [77.61937043688718, 13.040574379219478], [77.61994359444698, 13.040278506832509], [77.62000278148125, 13.040236673829403], [77.62013377582757, 13.040144084679541], [77.62014592089963, 13.040135501723897], [77.61991917301356, 13.0391651856724], [77.62054886899325, 13.039134078634548], [77.62057217118188, 13.03893241697324], [77.62057122795935, 13.038842861057907], [77.62092391195543, 13.0387915228022], [77.62137073287224, 13.038734357806439], [77.62121961096119, 13.037591059508804], [77.6198249869058, 13.0376236634262], [77.61982321205991, 13.035664542192446], [77.61978045715203, 13.035184428806856], [77.61962558412922, 13.034797864622115], [77.61947187626076, 13.034522182128146], [77.61952912811476, 13.034485068520508], [77.61961973246626, 13.034484151842438], [77.61981906437371, 13.034482135015512], [77.61991004034475, 13.034516749745537], [77.6200682747272, 13.03462768654922], [77.62026275097521, 13.034738254143964], [77.62040354822716, 13.03491451705255], [77.62056936735776, 13.035131485211949], [77.62060568404448, 13.035179002905492], [77.62083443309706, 13.035472433642495], [77.62096567408213, 13.03536094928489], [77.62088472651735, 13.035294888933823], [77.6207565668614, 13.035165629793186], [77.62108174517006, 13.035067571189032], [77.62163545852897, 13.034872431479304], [77.62201481367279, 13.034756054488783], [77.62205192648041, 13.034838599540544], [77.62220834998679, 13.034777786154605], [77.6224491525105, 13.03469834929634], [77.62280028753662, 13.034586151741845], [77.62235330322552, 13.03332060721936], [77.62211892839444, 13.032708423815542], [77.62184410812279, 13.03212059092659], [77.62167753983127, 13.031763120529831], [77.6213186426659, 13.030920737340193], [77.62112723592745, 13.030523609039934], [77.62094611062608, 13.03017723590412], [77.62075293511423, 13.029539317825257], [77.6206249258887, 13.028220197574578], [77.62034140008478, 13.027305487944858], [77.62003827359315, 13.02635872461703], [77.61999354951226, 13.02621902936362], [77.62061715256775, 13.025947307281093], [77.6210611257325, 13.025659757370713], [77.62151315989645, 13.025253423937807], [77.6218526864953, 13.024775182921864], [77.62228196266437, 13.023976452203978], [77.62277458841727, 13.023003592303215], [77.62309241175357, 13.022233381276067], [77.623278914404, 13.021373190286814], [77.62328403081483, 13.02134029762489], [77.62302302524968, 13.02140501796198], [77.62267463501345, 13.021483876708299], [77.62240968888835, 13.021527648253425], [77.62206115398799, 13.021592809345346], [77.62174717998131, 13.021623377937262], [77.62153810249487, 13.021666583441602], [77.62129432427442, 13.021730683859316], [77.62096717077816, 13.021836717781671], [77.62063231568841, 13.02187434662206], [77.62031841046998, 13.021911760906685], [77.62015123483367, 13.021954544006759], [77.61984402469258, 13.021964497924666], [77.61956532624646, 13.022028949861564], [77.6193774881281, 13.022099331187674], [77.61930522029002, 13.022134593218775], [77.61927374981225, 13.021932153027123], [77.61921444524162, 13.0217039873255], [77.61916763459426, 13.02158170689447], [77.61903289356863, 13.021293089764345], [77.61871956153166, 13.021261597236135], [77.6185593555212, 13.021231862103757], [77.61819741599133, 13.021175944823842], [77.61791880929802, 13.02113799712791], [77.61781302900468, 13.021113981579484], [77.61777090147395, 13.02106110291604], [77.61771110095084, 13.02100334939627], [77.6176861218373, 13.0209051827509], [77.61763057876855, 13.020792865502246], [77.61759128474529, 13.020705468176073], [77.61756511228864, 13.020649294542023], [77.61751613008603, 13.020552586785898], [77.61747697260313, 13.02047773007677], [77.61740919743819, 13.02041884047925], [77.61728090415016, 13.020382507659075], [77.61702187699782, 13.020381989499736], [77.6166638939177, 13.020398145964425], [77.61617833927913, 13.020446943637861], [77.61576919650932, 13.020463615297174], [77.61565081854971, 13.02049013462275], [77.61534995663504, 13.020560124919244], [77.61494198110873, 13.020726053141649], [77.61468710730227, 13.020840217171202], [77.61448238617605, 13.020853443791683], [77.6142540888262, 13.020788790222008], [77.61412568032698, 13.020720120038696], [77.61395165745131, 13.020449125321884], [77.61394827761936, 13.020449591894083], [77.61391962564703, 13.02036810884523], [77.61388449225957, 13.0202736079099], [77.61382689021288, 13.020207234615967], [77.61374159903062, 13.020213673113735], [77.61350285910558, 13.02023839866234], [77.6134886164551, 13.020252034886507], [77.61348862527035, 13.02024118104309], [77.61338008808032, 13.020270909673707], [77.61337710108634, 13.020275098124122], [77.61337671283978, 13.02027428794941], [77.6127539215477, 13.020394252710291], [77.61273767863445, 13.020471322501765], [77.61269933882048, 13.021367816073017], [77.61270016167278, 13.021421544643538], [77.61271018165824, 13.02207656851027], [77.61267593559263, 13.022387875256944], [77.61267110684626, 13.022436415475566], [77.61257104453065, 13.023442193821754], [77.61255279602315, 13.02365303048112], [77.61255301343358, 13.023653294255928], [77.6125527275486, 13.023655047893937], [77.61290612327332, 13.024481418808689], [77.61328701465692, 13.025356965056062], [77.61354035248608, 13.025775714636763], [77.61366113314715, 13.025911586943804], [77.61404995437901, 13.026242032562996], [77.61464371111715, 13.02660384690952], [77.61490169468505, 13.02681523724889], [77.61550385699925, 13.027327429470965], [77.61584779027237, 13.027604823912293], [77.61603705272606, 13.02776675472669], [77.61612018781169, 13.027889631002394], [77.61614452953923, 13.027934920872855], [77.61614198706062, 13.028018022788801], [77.61613278050596, 13.028070758550918], [77.61610144785688, 13.02812677753985], [77.61588903457468, 13.02846162317927], [77.61561461836077, 13.028766848715543], [77.6157178161658, 13.028866702601066], [77.61488643211999, 13.029908295031072], [77.61391347330373, 13.031108466392478], [77.61265424587867, 13.032652578861363], [77.6120753172804, 13.033380655436723], [77.61180321881511, 13.033774611854863], [77.61136423304463, 13.034514650676371], [77.61113076341147, 13.035015214508391], [77.61097477392046, 13.035424716172965], [77.61081337064948, 13.03596802373945], [77.61063023250357, 13.036715512485346], [77.61060238492622, 13.036834789255762], [77.61053788363118, 13.037111074028523], [77.61041942066083, 13.037618491743231], [77.61038219115736, 13.03777796170526], [77.61025838616278, 13.038202518665384], [77.61026051087191, 13.038207180572385], [77.61026010802708, 13.038212402214123], [77.61026217357679, 13.0382170462156], [77.6102930211359, 13.038286363001474], [77.61029308639552, 13.038286512672572], [77.61030896798525, 13.03832220024843], [77.61033274565114, 13.038369219336804], [77.6104142946855, 13.038530484179395], [77.61046669197631, 13.038634103803455], [77.61050165000252, 13.038702858718153], [77.61065483559769, 13.039004150656618], [77.61071016784992, 13.039112518743657], [77.6108526982933, 13.039331921500763], [77.61095505372397, 13.039499960687802], [77.61099745382022, 13.039569567827256], [77.6112494699432, 13.039893473080761], [77.61128146077506, 13.039941311129331], [77.61131829259169, 13.03999639244499], [77.61137396000957, 13.040136638234033], [77.61138876830582, 13.040175666886503], [77.61144602208921, 13.04032657925125], [77.61151051284449, 13.040496575109987], [77.61156926388425, 13.04067280159505], [77.61165316725611, 13.040924466048844], [77.61167558689596, 13.040991719029437], [77.61171779000966, 13.041226759244323], [77.61171834635572, 13.04122987122215], [77.61173796587919, 13.041321149581385], [77.61197201852919, 13.04241011103043], [77.61199488075266, 13.04253655670521], [77.61226615889174, 13.042476045754972], [77.61249002538665, 13.042426108364722], [77.61291000455556, 13.042320978872429], [77.6133305455523, 13.042215708945845], [77.61356450577033, 13.0421631339934], [77.61356573890937, 13.042162855572778], [77.61367383745419, 13.042135197225509]]]]}}, {"type": "Feature", "properties": {"Ward_No": 176, "Ward_Name": "BTM Layout", "Zone": "South", "Risk_Score": 0.4994, "Alert_Level": "ORANGE", "Severity_Band": "high", "Priority_Rank": 18, "Pop_Density_per_km2": 16167.1, "Green_Cover_Pct": 34.0, "Water_Stress_Index": 41.1, "Heat_Intensity_Index": 73.8}, "geometry": {"type": "MultiPolygon", "coordinates": [[[[77.62274127214218, 12.91730558670894], [77.62232542650392, 12.91617263336989], [77.62237711153493, 12.91584797493981], [77.62238789224938, 12.915373238713746], [77.62240229699707, 12.915245753833291], [77.62238076526465, 12.914690305490618], [77.62236995926223, 12.91440872287811], [77.62235378288676, 12.9143664393361], [77.62232592600145, 12.914335848412263], [77.62229831305429, 12.914328408016395], [77.6222314469153, 12.914329079414262], [77.62215274156311, 12.914326009679797], [77.62207768426805, 12.914295894946878], [77.62182462477115, 12.914171095301104], [77.62114141300022, 12.913767647191415], [77.62145242401654, 12.913430276936506], [77.62156817004941, 12.913344028875148], [77.62159927707458, 12.913308990612292], [77.62164976556188, 12.913246742505198], [77.62167280221317, 12.913192487615412], [77.62167605016874, 12.913126856020568], [77.62167070930278, 12.912991851656267], [77.62167026658324, 12.912949410100774], [77.62165802263266, 12.912907087001088], [77.62162623384253, 12.912876535421477], [77.62152348612273, 12.912831260730497], [77.62130610908703, 12.912733115097378], [77.6210616205056, 12.91264505434494], [77.62107521983143, 12.912586305688155], [77.62090837180978, 12.912581918236588], [77.62071382228903, 12.912586902387966], [77.62026559531562, 12.912555035895767], [77.61985774331, 12.912543978571012], [77.61970022536786, 12.912545558492157], [77.61959527497194, 12.912552670531039], [77.61954588798666, 12.91255619556268], [77.61949347595036, 12.912565812665045], [77.61943192556643, 12.912587642575184], [77.61934276826847, 12.912627927617697], [77.61911868912095, 12.912763496041846], [77.61856063405143, 12.913159973449222], [77.61845666185512, 12.913261010363295], [77.61827352480016, 12.913471922256276], [77.61814229010062, 12.913624742211727], [77.61802019843805, 12.913765351607108], [77.61777229287443, 12.91398600168516], [77.61759772520124, 12.914130166657852], [77.61720878203246, 12.914452224520911], [77.6167895839758, 12.914835188790002], [77.61666265050988, 12.91498461629849], [77.6166176226874, 12.915179052823579], [77.6165886193442, 12.915289190450078], [77.61654208451536, 12.915369928117872], [77.6164996784158, 12.915433725049885], [77.61647291601356, 12.915394988437248], [77.61640310407874, 12.915272436096219], [77.61637552227023, 12.915183076649383], [77.61633189483496, 12.915015445186862], [77.61629700651525, 12.914590019472698], [77.61612952705528, 12.91349738268137], [77.61592320493634, 12.912330436780097], [77.61572368533544, 12.911451005313229], [77.6155321683512, 12.910608842125676], [77.61526261027481, 12.909584455193817], [77.61517629501144, 12.909338817635673], [77.61494123525105, 12.908702506793484], [77.61490615963766, 12.908624427291048], [77.61470497857005, 12.908296006387225], [77.6146152198619, 12.908158270397259], [77.61440857519091, 12.907822419674162], [77.61431926727582, 12.907728004097892], [77.614176157119, 12.907556142533178], [77.61410307208726, 12.907322930237958], [77.61389399729121, 12.906753159606778], [77.61374160710582, 12.90653806998384], [77.61356290277637, 12.90634057068306], [77.6132227062314, 12.905902076612929], [77.61300399425843, 12.905254419000816], [77.61272220197223, 12.904486086751517], [77.61124956564316, 12.904717421619498], [77.61021725242851, 12.904823043692533], [77.60934489534635, 12.905022376636175], [77.60945460221794, 12.90544205628372], [77.60938738745752, 12.905480310066965], [77.60896736721237, 12.90569877561354], [77.6086467669376, 12.905827687256519], [77.60852479892635, 12.905849613401397], [77.60843743691385, 12.905850485446159], [77.6083208824851, 12.905844504669913], [77.60820061186304, 12.905831421383057], [77.60800360465147, 12.905790531815397], [77.60774449653658, 12.905728836213216], [77.60744931677594, 12.905699643269555], [77.60704490152146, 12.905667964212492], [77.60652036607354, 12.905637484964302], [77.60617809100992, 12.905630185887203], [77.60591254991857, 12.90565069098464], [77.60544335335663, 12.90569107875981], [77.60446480823806, 12.905761543839857], [77.6039809382663, 12.905791364791206], [77.60389015800749, 12.905813697334434], [77.60386864960249, 12.905846052438964], [77.60386177670449, 12.905885403594128], [77.6038586915186, 12.905939003087145], [77.60386645413787, 12.905985350292548], [77.60387485299428, 12.906049425600695], [77.603903873642, 12.906434948440454], [77.60394958732928, 12.906938476691753], [77.60399033571825, 12.907709449394286], [77.60403614236488, 12.908705357047095], [77.60386820350219, 12.90869435908465], [77.60312599235337, 12.908635618700458], [77.60165067564053, 12.90858174882315], [77.60029168645782, 12.908513437324887], [77.60027718385967, 12.90867955915532], [77.60026758551501, 12.90875589586042], [77.59998948402232, 12.911553297906524], [77.59995560813243, 12.91228558047783], [77.59995972038591, 12.914286189795328], [77.59992946349077, 12.915368144217664], [77.5999234850412, 12.916392925211492], [77.59992516795943, 12.916555564743541], [77.5999373753275, 12.91660855875681], [77.59999851658287, 12.916658271676082], [77.60007369456672, 12.916712419505908], [77.6001022429916, 12.916745774774581], [77.6001906016488, 12.916743278272039], [77.60098337263747, 12.9167399573422], [77.60284850569009, 12.916712222615145], [77.60327717552799, 12.91667592637472], [77.60429833947681, 12.916661168889542], [77.60531903298819, 12.916637052283871], [77.60697921711153, 12.916597819421451], [77.60723734279411, 12.916592110678842], [77.60727834598879, 12.91659120401414], [77.60783663039436, 12.916578854772878], [77.60961816768516, 12.916539436275079], [77.6110353501228, 12.916488674076144], [77.61304521140013, 12.916477715898166], [77.61470500883978, 12.916438227570344], [77.61502651979319, 12.916412134680275], [77.61521270665219, 12.916378249772492], [77.61565992710753, 12.916332598473272], [77.61646577142446, 12.916242181416523], [77.61696452275008, 12.916218884838393], [77.61770613118328, 12.916229749981284], [77.6184244716991, 12.916245420961225], [77.61891418207577, 12.916249659167322], [77.6193573572287, 12.916263512529492], [77.61960482994586, 12.916293052422752], [77.62020788396154, 12.916433387778044], [77.62172418122049, 12.916944245704657], [77.62198594508125, 12.917039583228437], [77.62273850605546, 12.91731095926614], [77.62274127214218, 12.91730558670894]]]]}}, {"type": "Feature", "properties": {"Ward_No": 177, "Ward_Name": "J. P. Nagar", "Zone": "South", "Risk_Score": 0.4962, "Alert_Level": "ORANGE", "Severity_Band": "high", "Priority_Rank": 19, "Pop_Density_per_km2": 15926.3, "Green_Cover_Pct": 34.4, "Water_Stress_Index": 40.8, "Heat_Intensity_Index": 73.5}, "geometry": {"type": "MultiPolygon", "coordinates": [[[[77.59329118461775, 12.916902158004604], [77.6001022429916, 12.916745774774581], [77.60007369456672, 12.916712419505908], [77.59999851658287, 12.916658271676082], [77.5999373753275, 12.91660855875681], [77.59992516795943, 12.916555564743541], [77.5999234850412, 12.916392925211492], [77.59992946349077, 12.915368144217664], [77.59995972038591, 12.914286189795328], [77.59995560813243, 12.91228558047783], [77.59998948402232, 12.911553297906524], [77.60026758551501, 12.90875589586042], [77.60027718385967, 12.90867955915532], [77.60029168645782, 12.908513437324887], [77.60030133444532, 12.908402919378926], [77.60032254839972, 12.908144385611175], [77.60033517195608, 12.908014054433055], [77.60041027601252, 12.90767334510852], [77.60048335720344, 12.907418361038744], [77.60052909221066, 12.907335057045481], [77.60057779768617, 12.907257438392547], [77.60065461519903, 12.90715879882814], [77.60105412404945, 12.90668414160302], [77.60132103618812, 12.906364058763089], [77.60151473041847, 12.906120686779401], [77.60161829738438, 12.905982891189911], [77.60168963417732, 12.905891008485549], [77.60177941399397, 12.90575166179083], [77.60184522351463, 12.905624374407155], [77.60186981047224, 12.905544773177747], [77.60188182788877, 12.90550244512004], [77.60188806516052, 12.905439909951054], [77.60189918567133, 12.905350315095129], [77.60189806777939, 12.905242265764603], [77.60188085057874, 12.905075282636764], [77.60184569749107, 12.904881948060599], [77.60174014973833, 12.90445196422433], [77.60162355677785, 12.903973861605897], [77.60156928924918, 12.903741149969642], [77.6014636316817, 12.903343731002025], [77.6013005055659, 12.903380811984615], [77.60125412680257, 12.903389715259706], [77.60116839246507, 12.903420960902562], [77.60105506931377, 12.90344741606801], [77.6009624339476, 12.90347704199102], [77.60087141466983, 12.903496519464003], [77.60064450863912, 12.903524102403832], [77.60044859584012, 12.90355306743954], [77.60040566112781, 12.903561938620708], [77.60037136333817, 12.903574098228383], [77.60032856586004, 12.903596472426722], [77.60029602387056, 12.903611993546903], [77.60016967696745, 12.903633882963355], [77.60016210002749, 12.903646923857666], [77.60016334613016, 12.903660959362725], [77.60017783472662, 12.903677025584974], [77.60018778979958, 12.90368124915504], [77.60019664867106, 12.903685481317618], [77.60019673803627, 12.90369412564686], [77.60019353117345, 12.90370388284329], [77.60017091742715, 12.903717385560865], [77.6001488225884, 12.90369442193981], [77.60013114165794, 12.903688834358634], [77.60011642544347, 12.903686099021677], [77.60010617473198, 12.903689082738873], [77.6000900815937, 12.903695006317433], [77.6000740731009, 12.903709574272122], [77.60005737916053, 12.903710746411326], [77.59999884454344, 12.903686822363383], [77.59995721570844, 12.903687236479984], [77.5998659976489, 12.903723541175982], [77.59980250239641, 12.903756845611289], [77.59969735248795, 12.903787842211457], [77.59963912742809, 12.903793867988057], [77.59951216730335, 12.903863200921242], [77.59947891860008, 12.903868978245505], [77.59943176858815, 12.9038721693558], [77.5993762337066, 12.903869999534313], [77.59932608159163, 12.903851436277813], [77.59928417136653, 12.903824626879798], [77.59923113212017, 12.90379520368086], [77.5991782030632, 12.903776670320738], [77.59911980915862, 12.903766360083518], [77.59901639280677, 12.903696593859458], [77.5989462228742, 12.903621052670509], [77.59893753091052, 12.9035857417806], [77.5989372496135, 12.903558518359796], [77.59893699641808, 12.903534014505956], [77.59893116584368, 12.903506843952611], [77.59891064164776, 12.903400860697106], [77.5989178426288, 12.903291874967799], [77.59898079074225, 12.902937285076515], [77.59908838964215, 12.902337199066329], [77.59920925275368, 12.90194663368856], [77.5992660427318, 12.901801759871267], [77.59931498708016, 12.901703252331636], [77.59939107075778, 12.901539138480796], [77.59943405975493, 12.901408005749284], [77.5994693208302, 12.90132869400626], [77.5994770843378, 12.901274159756479], [77.59947683116009, 12.901249658221472], [77.59946536467235, 12.901214374932984], [77.59944016350124, 12.901192843639805], [77.59940966396933, 12.901195871396274], [77.5993764155781, 12.901201646329238], [77.59932934809316, 12.90121300530019], [77.59927157366084, 12.901262590203334], [77.59868081714761, 12.901573417282323], [77.59817284052465, 12.901837134503634], [77.59745886690231, 12.902176865886382], [77.59667387227776, 12.902493250417974], [77.59637483467495, 12.902564892608508], [77.59625632829685, 12.90257437961917], [77.596155579724, 12.902578870326767], [77.59592019472, 12.902616910846268], [77.59528410282083, 12.902659531463776], [77.59420011764612, 12.902692074199908], [77.5940248701131, 12.90271161048757], [77.59376373605505, 12.904861785361875], [77.59366129133444, 12.905094209610372], [77.59351718461406, 12.905225360292215], [77.59341710843056, 12.905316441769193], [77.59345585232012, 12.906302743138662], [77.59356267597231, 12.906297799726254], [77.59356417123698, 12.906333052820354], [77.59358429953707, 12.906358298502692], [77.59361519659451, 12.90740381820888], [77.59317331708398, 12.907467402502219], [77.59332248830223, 12.910228484448414], [77.5902265892144, 12.910404457363944], [77.58791056224439, 12.910473325077536], [77.58570358196124, 12.91056795644694], [77.58573673720726, 12.912210506594441], [77.58583820074315, 12.915750458653552], [77.5858381652998, 12.91607853637447], [77.58583804765574, 12.917143405883692], [77.58961459491907, 12.916988749162519], [77.59329118461775, 12.916902158004604]]]]}}, {"type": "Feature", "properties": {"Ward_No": 161, "Ward_Name": "Hosakerehalli", "Zone": "South", "Risk_Score": 0.4946, "Alert_Level": "ORANGE", "Severity_Band": "high", "Priority_Rank": 20, "Pop_Density_per_km2": 15809.7, "Green_Cover_Pct": 34.5, "Water_Stress_Index": 40.6, "Heat_Intensity_Index": 73.3}, "geometry": {"type": "MultiPolygon", "coordinates": [[[[77.53932770501835, 12.93363588711746], [77.53938539827466, 12.933600948928454], [77.54066010091594, 12.932711573670144], [77.54151279373212, 12.93207480690106], [77.5417040530432, 12.931931979875916], [77.54242244386619, 12.931396873320569], [77.54306243217273, 12.930866024413328], [77.54408323990593, 12.929915276348451], [77.54494894459633, 12.92914090620368], [77.54556033014656, 12.928633870202932], [77.54606271715481, 12.928217224837141], [77.5462425366936, 12.928074821599955], [77.54611258020233, 12.927908468620814], [77.54582820440129, 12.927364187648276], [77.54561088620444, 12.927206319161401], [77.54538466782074, 12.927208526062], [77.54522807305564, 12.926812666230544], [77.54483456140058, 12.925882382914574], [77.54452526829247, 12.925993775971929], [77.54433629384114, 12.926036905841006], [77.54426523756464, 12.925774392768368], [77.5440098714066, 12.924976942217784], [77.54384833439894, 12.92461209160377], [77.54358682286303, 12.923726965459815], [77.5434488743022, 12.923093520626164], [77.54345999006068, 12.922549725212118], [77.54346654528334, 12.921885033569032], [77.54309797873533, 12.920911234661528], [77.54275822618112, 12.920158695980081], [77.54231339050312, 12.919524466189518], [77.5420188277456, 12.918863409031834], [77.54191791511393, 12.91888962512671], [77.5418528936363, 12.91890371454256], [77.54183742661436, 12.918900502189567], [77.54183387948076, 12.91888875950706], [77.54182516866952, 12.91887538794104], [77.5418164238134, 12.91885865145654], [77.54180939530765, 12.918841898261837], [77.54180751113462, 12.918825094983747], [77.54179189092507, 12.918806741652038], [77.54176248603062, 12.918781796645078], [77.54174535955589, 12.918771872254055], [77.54169849554467, 12.918752830852666], [77.54162343957059, 12.918732245957663], [77.5414168595394, 12.918599255997664], [77.54127341299615, 12.91850117497967], [77.54122488703247, 12.918477963327843], [77.5412054799498, 12.91846867863198], [77.5411546116555, 12.918452594952655], [77.54113527407975, 12.918450414764298], [77.54110625338194, 12.918445960420097], [77.54089520703128, 12.918348539379041], [77.5405576141399, 12.918152874499148], [77.54008417533504, 12.917894581607484], [77.53990233952022, 12.91782055942579], [77.53966688871466, 12.917697322211877], [77.53953106650219, 12.917637062563218], [77.53939553395189, 12.917605223124173], [77.53935444233514, 12.917600883643999], [77.53928925898859, 12.91760151756438], [77.53925063181862, 12.917601893213243], [77.53923131587557, 12.917602081058465], [77.53914227540346, 12.91763137006216], [77.53909839962171, 12.917673271487384], [77.53902981088383, 12.91773193882685], [77.5389098643551, 12.91780889630691], [77.53871768077246, 12.917905503326605], [77.53847761736748, 12.918042838552772], [77.53840574159796, 12.918098012880058], [77.53838437030522, 12.91813374667094], [77.53838229107966, 12.91816692450331], [77.53838269786488, 12.918207185683457], [77.53838308070081, 12.918245076382139], [77.53838819626442, 12.918273449776569], [77.53838869874059, 12.918323181318103], [77.5383962045641, 12.918349160759266], [77.53842534254234, 12.918365456281853], [77.53844709671466, 12.918367615494706], [77.53847606719862, 12.918367333831293], [77.53851479258219, 12.918376430925761], [77.53854643815838, 12.918402177969211], [77.53863168195143, 12.918474769575143], [77.538797645353, 12.918650790501792], [77.53883180562218, 12.918685984335225], [77.5388637168863, 12.918737781148046], [77.53886909576158, 12.918792202051854], [77.53885989366813, 12.918837293456203], [77.53884096290619, 12.918875371950604], [77.53880792745726, 12.918951484321429], [77.538784694796, 12.919041711770875], [77.53872768706282, 12.919134636051684], [77.53865145894179, 12.919237220824796], [77.53861122861987, 12.919318139950494], [77.53860451482238, 12.919370310049825], [77.53861225770171, 12.919419973488843], [77.5386250730551, 12.91949327161018], [77.53865726924724, 12.919573486472267], [77.53869415499645, 12.919639443007828], [77.53872353486682, 12.9196794224318], [77.53875272089752, 12.91970045421914], [77.53877707849402, 12.919721532956881], [77.538801460052, 12.919744982171844], [77.53881637618645, 12.919787468322774], [77.53884874474993, 12.919884260267974], [77.5389547584009, 12.92010112669984], [77.5389625779225, 12.920157894564797], [77.53897409728303, 12.920194400216566], [77.53899596390367, 12.920205569282755], [77.53899396738417, 12.920227322933492], [77.53899515700003, 12.920236310820906], [77.53902035949335, 12.920427045704328], [77.5390220291668, 12.920592227670689], [77.53902548735932, 12.920612674681239], [77.53905502836106, 12.920787537926444], [77.53906224815204, 12.920843983181065], [77.53908690474722, 12.920871999940017], [77.5391206018803, 12.92091731938313], [77.53919981955119, 12.921097150869869], [77.53920845419906, 12.921116751886986], [77.53927029169472, 12.921257130271469], [77.53931131878258, 12.921397993240943], [77.53939655113716, 12.921690637434228], [77.53943384907765, 12.921872861034092], [77.53944765475475, 12.921887344186173], [77.53945848623165, 12.921898706116766], [77.53949622040828, 12.921904859044298], [77.53953388630876, 12.921904492594805], [77.53961137073843, 12.921897218700797], [77.53969111765343, 12.921894268690298], [77.53971824561702, 12.921910171839768], [77.5397312415039, 12.921917788945946], [77.53986565992135, 12.922062116727393], [77.53989718512534, 12.922111803065762], [77.53999110380153, 12.92219566347808], [77.5400280286589, 12.922340942132603], [77.5400738379569, 12.922488303803762], [77.54014814957556, 12.922824499081912], [77.54022844822813, 12.923095428770868], [77.540285776237, 12.92328615128985], [77.5402896176885, 12.923323490172693], [77.54032653091087, 12.923682250701154], [77.54035704815277, 12.923978859083782], [77.540367603671, 12.924146128468367], [77.54033511508833, 12.924220348409467], [77.54028897978148, 12.924259924598546], [77.54025146508441, 12.92427550392483], [77.54019705988158, 12.924291703285263], [77.54016088296619, 12.924302472649336], [77.53985254493156, 12.924490234035224], [77.53966955978666, 12.924583309142747], [77.53952879045538, 12.924612257879463], [77.53942185665301, 12.924631366710328], [77.53935538183494, 12.92463201353497], [77.53911215258601, 12.924684375527194], [77.53904609765236, 12.924726317152068], [77.53902654626377, 12.92476507018275], [77.5389427475953, 12.924805574646015], [77.53890073669615, 12.924814677511439], [77.53888497955892, 12.92481405830097], [77.53885639969249, 12.924812934729083], [77.53881883019787, 12.924783702163095], [77.53880949488341, 12.924776440301445], [77.53873130179225, 12.92467733267729], [77.53863964602648, 12.924573887471563], [77.53850423356857, 12.924428361531517], [77.53828036103938, 12.924105936292374], [77.53819966314911, 12.923917369337637], [77.53813203414734, 12.923852333984902], [77.53784977993472, 12.923600036158454], [77.53773862418453, 12.923516102007355], [77.53762364831749, 12.92344379715394], [77.53743027893891, 12.92341089820045], [77.5372764187219, 12.92338920954567], [77.53717002265087, 12.923386376685142], [77.53710305764952, 12.923387027642448], [77.5369972081077, 12.923438294913241], [77.53688115879046, 12.923548205251876], [77.53683808605695, 12.923675564768532], [77.53681793508866, 12.92373295618035], [77.53680876951589, 12.923759060696232], [77.53671554572337, 12.92402454334741], [77.53667767585152, 12.924175619588947], [77.53673456066271, 12.924487936437288], [77.53672888156598, 12.924737323887722], [77.53673099394058, 12.924946419005938], [77.53673302513825, 12.925147475291851], [77.5367288875047, 12.925549660626825], [77.53678222236513, 12.925959333809512], [77.53680958294429, 12.926232528143144], [77.53681145187078, 12.926417497491663], [77.53674716307204, 12.926546811868933], [77.53660892019953, 12.926660754368577], [77.53629054933181, 12.926800580456135], [77.53578376618962, 12.926958321173876], [77.53551401942354, 12.927041373412248], [77.53527178590997, 12.927125691525587], [77.53509681000162, 12.92731226598628], [77.53500193689614, 12.927370996259405], [77.53497841835994, 12.927593498691166], [77.53499635923322, 12.927746139739153], [77.53497476827168, 12.928043940590328], [77.53499360256428, 12.928285045844577], [77.5350624407025, 12.928606096181458], [77.53508996270494, 12.928895373238033], [77.53514492356574, 12.929465890789562], [77.53484469542414, 12.929275813091], [77.53483587593095, 12.929289519427565], [77.53485779890642, 12.929452594565024], [77.53482638581916, 12.929589628946296], [77.53472174640245, 12.929783677639612], [77.53459251325832, 12.929977965263545], [77.53444655933468, 12.930140240599593], [77.53433372157136, 12.930334368872176], [77.5342460527704, 12.930584550836691], [77.5342479204831, 12.930769522805118], [77.53425092508566, 12.931067082478968], [77.534204897672, 12.93138120701603], [77.53420725268705, 12.931614428210546], [77.53421691240271, 12.931759110132793], [77.53421829297065, 12.931895825921021], [77.53422024206085, 12.932088839027655], [77.53422170387003, 12.932233595964732], [77.53417437707172, 12.93241904588467], [77.53407688323676, 12.932508463714756], [77.53408678899748, 12.932677271389887], [77.53409355527677, 12.932798343619291], [77.5340614366642, 12.932901988964748], [77.53405178173396, 12.932933151911968], [77.53404490804441, 12.932955323049462], [77.53402472553734, 12.93300478846422], [77.53400244804601, 12.933010481843242], [77.53398935956635, 12.933013828557332], [77.53397482223524, 12.933037154273306], [77.53397324693866, 12.933042276454461], [77.53396051666272, 12.933083664529073], [77.53393995134778, 12.933095456569202], [77.5338962492266, 12.93315674503376], [77.53378026767633, 12.93337524019038], [77.53369704651392, 12.933619499612037], [77.53368924822894, 12.933619697954374], [77.53369583730564, 12.933750784470107], [77.53368057584845, 12.933863533824688], [77.53364834759122, 12.933920147464422], [77.53359160416049, 12.933985041204528], [77.53354281510066, 12.934025729517867], [77.5327704830582, 12.935497053172885], [77.53362245789643, 12.93541639017501], [77.53374357990293, 12.936042565822513], [77.53433480373748, 12.936494214078476], [77.53436440348416, 12.936462406244814], [77.5343756867718, 12.936450278771686], [77.53458679961562, 12.936288824354309], [77.53460408870924, 12.936245180806443], [77.53460405560449, 12.936244938274204], [77.53476735425275, 12.936154186516164], [77.53537648002619, 12.935835438794836], [77.5360270294602, 12.935513160034668], [77.5371909623954, 12.93486680137482], [77.53895455844327, 12.933860960566589], [77.5389999630002, 12.93383428575833], [77.53921473708795, 12.933704298988435], [77.53932770501835, 12.93363588711746]]]]}}, {"type": "Feature", "properties": {"Ward_No": 19, "Ward_Name": "Sanjaynagar", "Zone": "East", "Risk_Score": 0.4932, "Alert_Level": "ORANGE", "Severity_Band": "high", "Priority_Rank": 21, "Pop_Density_per_km2": 15700.0, "Green_Cover_Pct": 34.7, "Water_Stress_Index": 40.4, "Heat_Intensity_Index": 73.2}, "geometry": {"type": "MultiPolygon", "coordinates": [[[[77.58310558615504, 13.044549423887643], [77.58310521957797, 13.04454660824308], [77.58302629060819, 13.043939915890393], [77.58294121524685, 13.043008641475728], [77.58289753918622, 13.042597916840329], [77.58285207583921, 13.042170430624338], [77.58266025308595, 13.042189996404753], [77.58264413479948, 13.041985094989949], [77.5826394831044, 13.041537038328892], [77.58255880826725, 13.040745465792147], [77.58242315620484, 13.039489942978449], [77.58233048623383, 13.03861651702616], [77.58226396506609, 13.038114430440272], [77.5822002226742, 13.03788008548842], [77.5820541491918, 13.0372312446358], [77.58190375044272, 13.036702670853291], [77.58181441362319, 13.036687166348385], [77.58008807553112, 13.036830066684962], [77.5789963253485, 13.036895589851127], [77.57900031335728, 13.036742539321503], [77.578917195058, 13.036251546207467], [77.5789021978444, 13.035880096577051], [77.5788932637644, 13.035719741379824], [77.5797125853662, 13.035818365850632], [77.57968196190929, 13.035521574636599], [77.57969957434649, 13.035202132222365], [77.57987016957655, 13.035165506705976], [77.58019283694213, 13.035107644347113], [77.58058801126093, 13.035054524106625], [77.58084793331032, 13.03510191538369], [77.5813303704669, 13.032941175952207], [77.58121960694736, 13.031996312459741], [77.58099431822521, 13.032037614231312], [77.58098973177438, 13.03187007169487], [77.58096162839962, 13.030771949189536], [77.58098096313927, 13.029411046910797], [77.58057414140528, 13.029415100368249], [77.58053836040123, 13.029726945728264], [77.57931142090311, 13.02965173108987], [77.57897090798708, 13.029600474698695], [77.57896185521325, 13.029802759920743], [77.57820768891935, 13.029879818892432], [77.57785870055572, 13.030248497039194], [77.57774505904239, 13.030364313486423], [77.57764495738664, 13.030501335463315], [77.57737523829203, 13.031047222948636], [77.57722036171826, 13.031286616138214], [77.57702999423283, 13.031581007273166], [77.5767499408791, 13.032078784449965], [77.57650504480233, 13.032489425700941], [77.57602230643955, 13.033358857593251], [77.57579977650306, 13.033819098717046], [77.57566725980824, 13.034107555153962], [77.57549664918095, 13.034516388573527], [77.57542893128183, 13.034683612577352], [77.57495189265279, 13.034532959048935], [77.57439992382582, 13.034565866136443], [77.57436617844073, 13.034682732922457], [77.57427150075121, 13.034992134628693], [77.57383166397611, 13.035051344244254], [77.57371473892647, 13.035237582848087], [77.57283329227296, 13.035184648956543], [77.57169968983585, 13.035086237221593], [77.57164234182729, 13.03697869897686], [77.5716750495487, 13.037437637810376], [77.57259060549083, 13.037407977590735], [77.57264861110818, 13.03828479910186], [77.57242498132457, 13.038293876763651], [77.57253362151842, 13.03933470821975], [77.57259479054558, 13.03984134538083], [77.57263272078919, 13.040128863422835], [77.57207403300352, 13.040189255343577], [77.57233143804613, 13.040741926447033], [77.5725538196719, 13.041288090025747], [77.57266243557343, 13.04165030785139], [77.5727880255093, 13.041932092773306], [77.5728273861049, 13.042115360034177], [77.57317831217664, 13.042559468155991], [77.57328817256608, 13.042555882501826], [77.57352840169746, 13.042547292871136], [77.57384406438054, 13.042494548126953], [77.57421024799277, 13.042435102118306], [77.57449461472666, 13.04241367354601], [77.57474142152246, 13.04242981769284], [77.57497798790472, 13.043289320282494], [77.57537566487801, 13.043217160073723], [77.57548939111153, 13.04381746608753], [77.57514881988236, 13.043907660273245], [77.57449393189201, 13.044180796057919], [77.57437416958771, 13.044219189286464], [77.57448295284676, 13.044342115448881], [77.57456605832411, 13.044428095422118], [77.57468251336759, 13.044681151971385], [77.57513568870674, 13.045693507670753], [77.57544788865845, 13.04652745570072], [77.57558402384957, 13.046848520406623], [77.57574397548368, 13.047026739810049], [77.57581514110782, 13.047181040541805], [77.57586094717293, 13.047329395416732], [77.57586206381252, 13.047437186796275], [77.57618326050655, 13.047465449460764], [77.57645263716395, 13.047493071430253], [77.57654736261665, 13.047502785398224], [77.57686237807008, 13.047535084476026], [77.57704680362245, 13.047553993175564], [77.57712571396063, 13.047562085924175], [77.57788358704012, 13.047648080706749], [77.57818272679482, 13.047663810085428], [77.57848147614186, 13.04764212176763], [77.57857567036127, 13.047619717672685], [77.5785980705495, 13.047614390016696], [77.57888086712376, 13.04754711988082], [77.57891261422692, 13.047539568922229], [77.57891931614145, 13.047537973342548], [77.57927427738622, 13.04741593769148], [77.57954635534742, 13.047276022131854], [77.57993779596133, 13.046991471116772], [77.58009475855788, 13.046871577932386], [77.58036307255705, 13.046666626148513], [77.58054997368785, 13.04652386116488], [77.58104863319674, 13.046150926376326], [77.58146732863158, 13.045780962810088], [77.581490362861, 13.04576061158372], [77.5816411440226, 13.04562737901572], [77.58166685947256, 13.045605802991664], [77.58167417231714, 13.045599665849402], [77.58224677203631, 13.045119190951095], [77.58224778701238, 13.045118341273854], [77.58226545518714, 13.045103515645723], [77.58230355049349, 13.045078307496976], [77.58230545994606, 13.04507704415164], [77.58291617397119, 13.044672933462694], [77.58310558615504, 13.044549423887643]]]]}}, {"type": "Feature", "properties": {"Ward_No": 153, "Ward_Name": "Jayanagar", "Zone": "South", "Risk_Score": 0.4755, "Alert_Level": "YELLOW", "Severity_Band": "moderate", "Priority_Rank": 22, "Pop_Density_per_km2": 14385.2, "Green_Cover_Pct": 36.6, "Water_Stress_Index": 38.6, "Heat_Intensity_Index": 71.4}, "geometry": {"type": "MultiPolygon", "coordinates": [[[[77.5870995817979, 12.945159746878401], [77.58705284006042, 12.943764405541659], [77.58901011431371, 12.94375838046069], [77.58907337133587, 12.943565761436622], [77.58910449099496, 12.943353046551168], [77.5891356106598, 12.943140333981441], [77.58915159106651, 12.943074819973223], [77.58920056289914, 12.942995207767751], [77.58923440368258, 12.942966542020242], [77.58926824445807, 12.942937876269742], [77.58934130728737, 12.942893364368635], [77.58941453203161, 12.94286430500486], [77.58943802851611, 12.942851193860896], [77.58952722058322, 12.942842582916802], [77.5895876340916, 12.942844556806973], [77.58965884636525, 12.942874755238183], [77.58971639250127, 12.942922155624425], [77.58986714261194, 12.943002352824188], [77.59009615075524, 12.943092191373454], [77.59066730722348, 12.942738810065803], [77.59121469675674, 12.942477482310444], [77.59126279876554, 12.942455245236685], [77.59123444866222, 12.942283438444358], [77.59120631614721, 12.94216896152554], [77.5917088675667, 12.942022705852231], [77.59297147593642, 12.941659439741963], [77.59344187153704, 12.94152438036889], [77.59324826640105, 12.941303831594594], [77.59293893553017, 12.940985790630544], [77.59284178232404, 12.940882045052936], [77.59266562370087, 12.940709275702769], [77.59260798792226, 12.940641785571323], [77.592588021846, 12.94060358936224], [77.59256985153296, 12.940567119141265], [77.59255308014356, 12.940493988688802], [77.59253807316254, 12.940419094521058], [77.59252831812789, 12.940364799108968], [77.5925126857979, 12.94015003300581], [77.59251460837831, 12.940135059319651], [77.59252738546311, 12.939815647879369], [77.59257191039529, 12.939303276019755], [77.5925938291783, 12.938841959702374], [77.59262726905659, 12.937977558071257], [77.59314813201344, 12.938793955998454], [77.59319141575104, 12.938861794667005], [77.59345563935636, 12.939126121093596], [77.59383698838239, 12.939363107857723], [77.59421747422302, 12.939516353813737], [77.59461293585665, 12.939569997502362], [77.59543900350765, 12.93971886405905], [77.59638822308817, 12.939849946271083], [77.59731495530121, 12.939938011243177], [77.59763765341657, 12.93999031899601], [77.59772926969057, 12.939818685017112], [77.59788006904293, 12.939399008760418], [77.59805668413031, 12.93909418052321], [77.59836776107512, 12.93862254119738], [77.5984986405384, 12.938450865021279], [77.5987420796432, 12.938157080177534], [77.59891419802942, 12.937994186156633], [77.5990834114476, 12.937856118749169], [77.5993030498708, 12.937705151998994], [77.59961406504172, 12.937528476312284], [77.59985008223202, 12.937433137292226], [77.60008954759628, 12.937365655925616], [77.60030702151576, 12.937310794854456], [77.60049934708124, 12.937268583299572], [77.60088435139446, 12.937218249062266], [77.60159442199333, 12.937127476739768], [77.60152421036454, 12.936756232807989], [77.60142140513157, 12.936289224679644], [77.60139774515382, 12.936140683835204], [77.60137180345097, 12.935772094904582], [77.60130551392447, 12.934954654350163], [77.60129371132848, 12.934898587567831], [77.60124858357133, 12.934555200399084], [77.60092420878065, 12.93298541217221], [77.60078121599858, 12.932197486077737], [77.60074051676385, 12.931929263934125], [77.60071731238531, 12.931722856976664], [77.60070486077869, 12.93133450448494], [77.60061481926283, 12.930302906595717], [77.60052766185164, 12.928975797885569], [77.60051543980335, 12.928610163788292], [77.6005201280317, 12.928349192887074], [77.59869371147987, 12.928418233590728], [77.59715076792347, 12.928427905955], [77.59550485512993, 12.928457429004427], [77.59538795672793, 12.928460331157378], [77.59348805564709, 12.928507466033274], [77.5926454542408, 12.928520124051927], [77.59258878303694, 12.928529253833146], [77.5925497097473, 12.92855105634361], [77.5925281901867, 12.928581253347357], [77.59250747810755, 12.928689862494647], [77.59250479390708, 12.929275337911418], [77.59254563166425, 12.930692619259933], [77.59260693174834, 12.931976923718844], [77.59265050505086, 12.933235706641074], [77.5927207312827, 12.934961074747926], [77.59272406578917, 12.935706290654094], [77.59270367445092, 12.936179710864378], [77.59243665474031, 12.93621071375826], [77.5920069821458, 12.936286436984625], [77.59174265098586, 12.936341028495686], [77.59157764700825, 12.936394634874004], [77.59138655440235, 12.93648747116091], [77.59111032371193, 12.936672095118645], [77.59106998800738, 12.93661403522783], [77.5906267801216, 12.93614207554939], [77.59017358879834, 12.93634708860368], [77.59004490065513, 12.935582779957892], [77.58965666355014, 12.935603218674931], [77.5894795333903, 12.935642292518494], [77.58931158053305, 12.935751760198873], [77.58922734732386, 12.935781620014646], [77.58916834508625, 12.935798791008386], [77.58908804203904, 12.935799588353415], [77.58901614617015, 12.935796155338853], [77.58892717214034, 12.935776306727307], [77.58880831433402, 12.935727733668415], [77.58860432258467, 12.935621958858826], [77.58844255691264, 12.935511617845757], [77.58809832167981, 12.935332604946778], [77.58797933353614, 12.935271594451624], [77.58791994873334, 12.93525145178966], [77.58784356908741, 12.935223188661672], [77.58779707542614, 12.935223650053915], [77.5877632637822, 12.935223985587575], [77.58769153907248, 12.935237135626895], [77.58760743400319, 12.935279431936964], [77.58753613917604, 12.935334037086426], [77.58739434008221, 12.93544149101487], [77.58728023999218, 12.935523152834834], [77.58708287027432, 12.935649498576957], [77.58669645892637, 12.935889659556404], [77.58613219279779, 12.936349723830142], [77.58593060621563, 12.936477028920745], [77.58578078181615, 12.936522738020331], [77.58560105091094, 12.936583490093472], [77.58542853476612, 12.936614684474945], [77.58519582809846, 12.936639104593567], [77.58490260094737, 12.936646241822654], [77.58288173591325, 12.936721255208058], [77.58060703408258, 12.936749893285693], [77.58030165526421, 12.936752915487983], [77.58017701207733, 12.936754148925045], [77.58010228572321, 12.936761001155466], [77.58001566229319, 12.93682299310249], [77.57994144358494, 12.936878749500663], [77.57973816845228, 12.937113076761579], [77.5791596286493, 12.937827971757907], [77.57791654076068, 12.939380884472197], [77.57768266727301, 12.939670535469093], [77.57767033537652, 12.939773814012357], [77.57766820038195, 12.939902879174776], [77.57773623131048, 12.940030706999217], [77.57775593361718, 12.940128328458517], [77.57775725311195, 12.94025670029616], [77.57774818068715, 12.940586922571033], [77.57765686699953, 12.940587825547176], [77.57625241686206, 12.940601709743781], [77.57402759257005, 12.940635914185265], [77.57379843415957, 12.94063221215147], [77.573796579287, 12.940692722558333], [77.5737731953616, 12.941455984108146], [77.57375617454888, 12.942735059702576], [77.57377319723649, 12.943693876735555], [77.57377319756885, 12.943693909111902], [77.57375403276954, 12.944538857401964], [77.57508588546621, 12.944558567740298], [77.57651464857355, 12.944510666686773], [77.57653986968953, 12.944508097561265], [77.57677054255925, 12.944491361626525], [77.57693885141246, 12.944466735618908], [77.5769777608982, 12.944468293630697], [77.57705247956798, 12.9444657253048], [77.57712656452625, 12.944455875513388], [77.57719928101382, 12.944438837099076], [77.5772699068933, 12.94441478372921], [77.57733774189047, 12.94438395130178], [77.57740210771325, 12.944346649508216], [77.57746236674792, 12.944303245458538], [77.5775179197727, 12.944254170642319], [77.57756821772294, 12.944199918499285], [77.57761275673788, 12.94414102133993], [77.5776510948314, 12.944078066370242], [77.57768285174932, 12.944011681816036], [77.57770771356581, 12.943942525313263], [77.57772542796765, 12.943871283954564], [77.57773582540267, 12.94379866714157], [77.57773880009816, 12.943725395208507], [77.57773600543138, 12.943668936750319], [77.577740215864, 12.943622969358572], [77.57843770830456, 12.943606885287332], [77.57998274196771, 12.94363379664425], [77.58004932813633, 12.943632448235267], [77.5801978299776, 12.943637541821236], [77.5809688033665, 12.943663987055263], [77.58256611759423, 12.943674025126299], [77.58443835355486, 12.943677635902132], [77.5852069718185, 12.943692183143874], [77.58522519986086, 12.943998667271085], [77.58532218797205, 12.944636901439697], [77.58533474375776, 12.944758705975559], [77.58537735820761, 12.944872820544578], [77.58545375867409, 12.944975516897554], [77.58553000677325, 12.945063433553175], [77.58572777585013, 12.945246211589527], [77.58601256093469, 12.945465070709028], [77.5863877800252, 12.94568672999914], [77.58672453804989, 12.945831175700583], [77.5870382085429, 12.945949541923863], [77.5870995817979, 12.945159746878401]]]]}}, {"type": "Feature", "properties": {"Ward_No": 117, "Ward_Name": "Shanthinagar", "Zone": "East", "Risk_Score": 0.4634, "Alert_Level": "YELLOW", "Severity_Band": "moderate", "Priority_Rank": 23, "Pop_Density_per_km2": 13491.1, "Green_Cover_Pct": 37.9, "Water_Stress_Index": 37.3, "Heat_Intensity_Index": 70.1}, "geometry": {"type": "MultiPolygon", "coordinates": [[[[77.60953454410792, 12.949982215144649], [77.60857545549462, 12.95021845678519], [77.60753282680963, 12.950392452899496], [77.60743325767194, 12.949790934987133], [77.60715333709337, 12.949825118755163], [77.60659474343628, 12.949915522944352], [77.60602834245891, 12.949988542649882], [77.60579635976646, 12.949978242548953], [77.60575620285007, 12.950096209631957], [77.60573268956104, 12.950099490769151], [77.60434224216311, 12.950293360322863], [77.60341603134697, 12.950438335245808], [77.60343424725963, 12.950503470732912], [77.60343487907154, 12.950505726317509], [77.60335663295096, 12.950506508352449], [77.6029793146928, 12.950405991215158], [77.60227676595089, 12.950218827222335], [77.60097899255537, 12.949880856108049], [77.60057584382325, 12.949767902788878], [77.60046961692402, 12.94974730170004], [77.60043225137107, 12.949752080565288], [77.60038060082422, 12.949758683419887], [77.60035933112925, 12.949761400489118], [77.60033221597597, 12.949775039062422], [77.60030659977728, 12.949787922579144], [77.60027153305994, 12.949814266019052], [77.60018934747285, 12.949862394424457], [77.60011347136758, 12.9499068264443], [77.59975562746236, 12.95017180998861], [77.59971018085955, 12.95020546361029], [77.59911459549662, 12.95069402101084], [77.59893491212377, 12.950841413124762], [77.59884090986364, 12.950927984321526], [77.59881812796674, 12.950948837068022], [77.59889223256094, 12.951022511650226], [77.59714890089099, 12.952378261257453], [77.59553991710376, 12.953669697674316], [77.59518683421655, 12.953936164937506], [77.593353746212, 12.95532289163838], [77.59240242964906, 12.95601785004084], [77.59239628859994, 12.956016662271505], [77.59227663876939, 12.956106549315605], [77.59241849090509, 12.956544820737129], [77.59242535837231, 12.956578824499266], [77.59274892690702, 12.957485015347912], [77.59282885536904, 12.957708863657327], [77.5929667384756, 12.958067622969917], [77.59341038115188, 12.959221951782222], [77.5939572771263, 12.960625846037647], [77.59436331410252, 12.961684213702055], [77.59459789569375, 12.962193005024815], [77.59462105241751, 12.962218434616355], [77.59474299508283, 12.96231549413032], [77.59479399629728, 12.96234925662644], [77.5949941759944, 12.96248177279969], [77.59500885259847, 12.962491488210109], [77.59509539788107, 12.962442368843066], [77.59523091376857, 12.962374214856107], [77.59541986452625, 12.96235006307254], [77.59575243615761, 12.962309635279752], [77.59613026030688, 12.96225390988249], [77.59695385546091, 12.962126936070108], [77.59732418442506, 12.962078705558225], [77.59775443912119, 12.961970497896006], [77.59810886414247, 12.961848203084646], [77.59848026313412, 12.961745024720287], [77.59875632345673, 12.961656602847736], [77.59907945087645, 12.961542589229644], [77.59995936770427, 12.961180384366415], [77.6004140118522, 12.960892371525938], [77.60107459536711, 12.960488911413186], [77.60158674378549, 12.960171974567345], [77.60179475846829, 12.960022464878872], [77.60199857523952, 12.95991514747365], [77.60216375939703, 12.959846499602007], [77.60243617766791, 12.95976720698838], [77.60296885276081, 12.961254951596272], [77.60258949680001, 12.961373595480179], [77.60305377423617, 12.962852450385126], [77.60326794888125, 12.962802452076126], [77.603621215735, 12.963928291794849], [77.60362374427615, 12.963956459264583], [77.6044767143684, 12.963613459278697], [77.60468372124312, 12.964750330444485], [77.60468752272287, 12.96589305138954], [77.60667667290171, 12.966205189955744], [77.60675617334762, 12.966207781684599], [77.60712504337279, 12.966330171205565], [77.60819150981385, 12.966552362533932], [77.60883434798284, 12.96663216769573], [77.60967483673485, 12.965424834478032], [77.61028193685577, 12.964607978952845], [77.61097481030652, 12.96358325334998], [77.61154807661774, 12.962896109554656], [77.61247701677813, 12.961739634479281], [77.61232927615005, 12.960223081374115], [77.61232953669703, 12.96019923415862], [77.61233075420402, 12.960086971920719], [77.61231808064042, 12.959963016986078], [77.61231153917757, 12.95991102924468], [77.61212653471739, 12.958440316048287], [77.6118355207716, 12.95612680684439], [77.6118405962083, 12.956125303515497], [77.6117853132863, 12.956006593346338], [77.6117843677196, 12.956004560658833], [77.61178445228838, 12.956004529744586], [77.61178458146324, 12.956004479880782], [77.61178150838417, 12.955995613495766], [77.61178081248886, 12.955995814748448], [77.61134157729157, 12.954853918238241], [77.6113264117595, 12.954814489630264], [77.61132371170356, 12.95480747201911], [77.61131250416433, 12.954748699053274], [77.6113124803942, 12.954746418903545], [77.61131181813505, 12.954682891526867], [77.61131488079063, 12.95463783124415], [77.61133912856073, 12.954592560830083], [77.6113879897854, 12.954536647701538], [77.61144384285923, 12.954473740027533], [77.61151724060777, 12.954400262825802], [77.61164342868736, 12.954308938186916], [77.61178399517385, 12.954241716335337], [77.61205849721388, 12.954148903979913], [77.6122310612433, 12.954102143480638], [77.61231890941531, 12.954059697234126], [77.61235273462296, 12.954045328683488], [77.6123857146519, 12.95403131783521], [77.61239360058829, 12.954024813864576], [77.61244524146066, 12.953982226618558], [77.61248689381557, 12.953912532202738], [77.61250918667626, 12.953859593709055], [77.61251678712404, 12.953826394041569], [77.61253070099393, 12.953790339530453], [77.612547735136, 12.953746198356255], [77.61255326904474, 12.953705227715638], [77.6125532452653, 12.953702947567992], [77.61255280172897, 12.953660417958023], [77.61253670412407, 12.953599906373482], [77.61253419334356, 12.953590463101687], [77.61245256342849, 12.953382804720084], [77.61227493755462, 12.952922817440387], [77.61213969789677, 12.952572689031733], [77.61208302257896, 12.95242595508889], [77.61199738241416, 12.952214439622116], [77.6119769085804, 12.952156192100308], [77.6119507406237, 12.952123331093796], [77.61191666987898, 12.95209444866], [77.61185673347161, 12.952061926283687], [77.61175844393695, 12.952021538852957], [77.61174101875262, 12.952014377493184], [77.61167117161041, 12.951983901797464], [77.61166951518031, 12.951982667200452], [77.6116091078357, 12.951937762299782], [77.61157302920307, 12.951906950279842], [77.61154890752938, 12.9518799153746], [77.611535870005, 12.95186115079476], [77.61152470698829, 12.95184508723251], [77.6114937743025, 12.951736287979328], [77.61147520706169, 12.951670229559546], [77.61145907180219, 12.951647009263851], [77.61143700106058, 12.951625798140038], [77.61137339650345, 12.951622538836231], [77.61130387439371, 12.95162323585743], [77.61080554913616, 12.951651611242786], [77.61026546875263, 12.951676509454085], [77.6101543182118, 12.951685417391609], [77.6098863228648, 12.951741951153508], [77.60984680628205, 12.951377216289481], [77.60982615617921, 12.95126282545914], [77.60980859916573, 12.95116557363456], [77.609803442913, 12.95112444643128], [77.60978363284363, 12.95096640982908], [77.60972416700376, 12.950760315692444], [77.60966354050515, 12.950588802125912], [77.60963666402792, 12.950512770789954], [77.60961305462541, 12.950386360020987], [77.60956092667044, 12.950107289128415], [77.60953454410792, 12.949982215144649]]]]}}, {"type": "Feature", "properties": {"Ward_No": 18, "Ward_Name": "Radhakrishna Temple", "Zone": "East", "Risk_Score": 0.4627, "Alert_Level": "YELLOW", "Severity_Band": "moderate", "Priority_Rank": 24, "Pop_Density_per_km2": 13441.5, "Green_Cover_Pct": 38.0, "Water_Stress_Index": 37.2, "Heat_Intensity_Index": 70.0}, "geometry": {"type": "MultiPolygon", "coordinates": [[[[77.5727880255093, 13.041932092773306], [77.57266243557343, 13.04165030785139], [77.5725538196719, 13.041288090025747], [77.57233143804613, 13.040741926447033], [77.57207403300352, 13.040189255343577], [77.57263272078919, 13.040128863422835], [77.57259479054558, 13.03984134538083], [77.57253362151842, 13.03933470821975], [77.57242498132457, 13.038293876763651], [77.57264861110818, 13.03828479910186], [77.57259060549083, 13.037407977590735], [77.5716750495487, 13.037437637810376], [77.57164234182729, 13.03697869897686], [77.57169968983585, 13.035086237221593], [77.57283329227296, 13.035184648956543], [77.57371473892647, 13.035237582848087], [77.57383166397611, 13.035051344244254], [77.57427150075121, 13.034992134628693], [77.57436617844073, 13.034682732922457], [77.57439992382582, 13.034565866136443], [77.57495189265279, 13.034532959048935], [77.57542893128183, 13.034683612577352], [77.57549664918095, 13.034516388573527], [77.57566725980824, 13.034107555153962], [77.57579977650306, 13.033819098717046], [77.57602230643955, 13.033358857593251], [77.57650504480233, 13.032489425700941], [77.5767499408791, 13.032078784449965], [77.57702999423283, 13.031581007273166], [77.57722036171826, 13.031286616138214], [77.57737523829203, 13.031047222948636], [77.57764495738664, 13.030501335463315], [77.57774505904239, 13.030364313486423], [77.57785870055572, 13.030248497039194], [77.57820768891935, 13.029879818892432], [77.57823450808071, 13.029851483655925], [77.57860593119126, 13.029298387307518], [77.57900869017291, 13.028649887529205], [77.57937846637284, 13.027938321785086], [77.57954812175682, 13.027672498061216], [77.5796227783554, 13.027597795633481], [77.57961014180536, 13.027418311028967], [77.5796190579438, 13.027238611804426], [77.57972450432315, 13.02701568708167], [77.57987315812208, 13.026802899297842], [77.57999635561515, 13.026529787901744], [77.57993543602016, 13.02655610837819], [77.57980026355537, 13.026587451580065], [77.57949491073707, 13.026646205348143], [77.57890601224918, 13.026759209158921], [77.57859633274484, 13.026822290647532], [77.57835618307446, 13.02684610904906], [77.57809409006367, 13.02686157432636], [77.57770110561852, 13.02689976995541], [77.5776979666409, 13.027121354726997], [77.57768661368107, 13.027241692297972], [77.57768643952741, 13.027242186659853], [77.57763956979399, 13.027248798162494], [77.57730497298168, 13.027305735891579], [77.57654619466311, 13.027427305448857], [77.5753233971611, 13.027659364690106], [77.57398444403253, 13.027904786725923], [77.57281562540686, 13.028136298551185], [77.57185427700097, 13.028349454169662], [77.57125230843101, 13.028484295948568], [77.57116900393754, 13.028789328412218], [77.57106327250023, 13.029176487484557], [77.56987000878189, 13.032251126345704], [77.56964199024449, 13.032559218439198], [77.56919433286843, 13.03317061718914], [77.5687266314412, 13.0338395423881], [77.56822785025119, 13.034517036848138], [77.56706589373638, 13.035827154876317], [77.56670567827416, 13.036156626986749], [77.56596036662333, 13.036941805900996], [77.5654663397934, 13.037598485593886], [77.56495870931874, 13.038244457015105], [77.56448208149665, 13.038850971409948], [77.56429091905883, 13.039090168816644], [77.56385201869593, 13.039639350666922], [77.56341505387454, 13.04024331783227], [77.5622131407603, 13.041880333040014], [77.56214438331072, 13.041982931195598], [77.5621326089003, 13.04200049811337], [77.56290429616313, 13.0433082351018], [77.56297218702011, 13.043423285325613], [77.56312282830558, 13.043678568648362], [77.56379685602187, 13.044888038677733], [77.56419770323758, 13.045513968429475], [77.56431951791764, 13.045665172070489], [77.5644459876759, 13.045822150881088], [77.56446189050352, 13.045841890536652], [77.56456344465508, 13.045913562292167], [77.56472541193314, 13.04602786885353], [77.56489762363938, 13.046149403081632], [77.56502668018396, 13.046224113916637], [77.56520479778376, 13.046327220836806], [77.56524663634436, 13.046343583253108], [77.56556246759635, 13.04646711812103], [77.56573241366397, 13.046538194323382], [77.56592662803592, 13.046619421233121], [77.56603663432605, 13.046635223016633], [77.56622723111175, 13.046662601278152], [77.56657643373698, 13.046712759983086], [77.56834659989758, 13.046882292622536], [77.5683961724531, 13.046886180950713], [77.56875077791223, 13.046914003503002], [77.56919332582385, 13.046948723269335], [77.56949908078408, 13.046989343377243], [77.5698071708147, 13.04703563176474], [77.56984949134419, 13.047041992553568], [77.57045464687168, 13.04712329158126], [77.57123000679749, 13.047169088641592], [77.57135848909667, 13.047176676613779], [77.57253177278915, 13.047232950678586], [77.57275864603132, 13.047243831249979], [77.57365968162551, 13.0472952746969], [77.57366238667217, 13.047295430497185], [77.57396372634268, 13.047312634771904], [77.5739679868746, 13.047312876855619], [77.57411383860371, 13.047319788718276], [77.57516447727463, 13.047369571590895], [77.57546553834369, 13.047399747105278], [77.57548994172943, 13.047402191634243], [77.57567389998847, 13.047420627251846], [77.57586206381252, 13.047437186796275], [77.57586094717293, 13.047329395416732], [77.57581514110782, 13.047181040541805], [77.57574397548368, 13.047026739810049], [77.57558402384957, 13.046848520406623], [77.57544788865845, 13.04652745570072], [77.57513568870674, 13.045693507670753], [77.57468251336759, 13.044681151971385], [77.57456605832411, 13.044428095422118], [77.57448295284676, 13.044342115448881], [77.57437416958771, 13.044219189286464], [77.57449393189201, 13.044180796057919], [77.57514881988236, 13.043907660273245], [77.57548939111153, 13.04381746608753], [77.57537566487801, 13.043217160073723], [77.57497798790472, 13.043289320282494], [77.57474142152246, 13.04242981769284], [77.57449461472666, 13.04241367354601], [77.57421024799277, 13.042435102118306], [77.57384406438054, 13.042494548126953], [77.57352840169746, 13.042547292871136], [77.57328817256608, 13.042555882501826], [77.57317831217664, 13.042559468155991], [77.5728273861049, 13.042115360034177], [77.5727880255093, 13.041932092773306]]]]}}, {"type": "Feature", "properties": {"Ward_No": 175, "Ward_Name": "Bommanahalli", "Zone": "Bommanahalli", "Risk_Score": 0.4585, "Alert_Level": "YELLOW", "Severity_Band": "moderate", "Priority_Rank": 25, "Pop_Density_per_km2": 13138.9, "Green_Cover_Pct": 38.4, "Water_Stress_Index": 36.8, "Heat_Intensity_Index": 69.6}, "geometry": {"type": "MultiPolygon", "coordinates": [[[[77.63100380849012, 12.903641175733782], [77.63113804986403, 12.903423874475175], [77.6307524504171, 12.903494707585212], [77.62998936105544, 12.903519404589211], [77.62929619473324, 12.903594454411397], [77.62940383302364, 12.903933751902274], [77.62898786263612, 12.903971975519703], [77.62836425987543, 12.904063342869147], [77.62748258120018, 12.904361530626177], [77.62730449065452, 12.903920827747005], [77.6272669514092, 12.903648899938732], [77.62726451456462, 12.903415612173324], [77.62666739486112, 12.903705466699346], [77.62652073275045, 12.90366595178563], [77.62617091809305, 12.903512331904729], [77.62590502033093, 12.903392030005277], [77.62552856212487, 12.903354823121315], [77.6252917309295, 12.903350370233639], [77.6247394046876, 12.903144129620339], [77.62420150272409, 12.902985565944185], [77.62402981729284, 12.90255004983147], [77.62375399909172, 12.90203473647439], [77.62352613250569, 12.901554238591325], [77.62317775585056, 12.901093167229464], [77.6227541571894, 12.900541759681278], [77.62248091639307, 12.900161915603361], [77.62214589818896, 12.899612969080493], [77.6220620950072, 12.899364832099117], [77.62210228420247, 12.899324591794203], [77.6219930012466, 12.899066751572446], [77.62188377279693, 12.898813890079234], [77.62176356175229, 12.89848146876446], [77.62159730858548, 12.898114648787631], [77.6215241782217, 12.897916200397068], [77.62144571342326, 12.897692906293118], [77.62135616478879, 12.897380092316649], [77.62125537457986, 12.896962821901614], [77.62117939091407, 12.89669180209202], [77.6210905257706, 12.8965554375754], [77.62097534212278, 12.8964107587796], [77.620834103275, 12.89628349709077], [77.6207528203636, 12.896035535152162], [77.62048435126584, 12.895446311726712], [77.62027691106589, 12.894839317951757], [77.62013041016093, 12.894205979224996], [77.61980019841636, 12.892725209077337], [77.61963076818978, 12.891568811408435], [77.61992741723864, 12.89150578964077], [77.62006686486231, 12.891461500505207], [77.62010986773433, 12.891392443229744], [77.62015956269634, 12.891126012660955], [77.62017873949712, 12.890448121489715], [77.62018881665253, 12.889736007006848], [77.62010602278468, 12.889342223611976], [77.61999771005826, 12.889017326876324], [77.61990215972912, 12.888838924398694], [77.61981951918766, 12.888780646959573], [77.61949828984434, 12.888447078794302], [77.61939486176979, 12.888322861970057], [77.61930865772185, 12.888217957687717], [77.61928277726068, 12.88818481584758], [77.61925099621244, 12.88812946810283], [77.6191659178644, 12.887860332426886], [77.61907213009844, 12.887571803456504], [77.61901695723506, 12.887449887936148], [77.61897654644744, 12.887383492859627], [77.61893035207424, 12.88731520368601], [77.61880790324535, 12.886989940964964], [77.61871717417478, 12.886688508263148], [77.6186788487335, 12.886496613217817], [77.61862415240157, 12.8862467969005], [77.61741800904447, 12.886478176278326], [77.61734631124394, 12.886208531022433], [77.61686808334872, 12.886330917910222], [77.61664453329291, 12.886333153317203], [77.61630937554452, 12.886352168774827], [77.61588049370435, 12.886508069891319], [77.61591702170956, 12.886767696944844], [77.6159943637966, 12.88747894192286], [77.61531363546173, 12.887605846425364], [77.6152641291984, 12.887048737093577], [77.61526181337288, 12.886825719039265], [77.61525694807828, 12.88672768541145], [77.61484521968795, 12.886836811296451], [77.6143031277743, 12.88692056122561], [77.61376022477064, 12.886925984599428], [77.61316941633785, 12.886931885249197], [77.61250327829161, 12.8869150758652], [77.61245261987165, 12.888111875709967], [77.61245711281983, 12.888544971831305], [77.61256949797766, 12.889245126676446], [77.61281251079157, 12.89037711528077], [77.61333656703108, 12.890227501345953], [77.6135718778623, 12.890617040623416], [77.61435569412143, 12.891186728399108], [77.61507654351978, 12.892374665379618], [77.61506767690886, 12.892447957797001], [77.61423201335663, 12.892623300018283], [77.61435973428942, 12.89333851512635], [77.61449131881082, 12.8935985081745], [77.61456442883221, 12.894019244973546], [77.61464235236689, 12.894903544446732], [77.61507113982731, 12.894823391456704], [77.61548423141849, 12.894886696215963], [77.6154776642714, 12.895492276990296], [77.61626073626731, 12.895478793989412], [77.61655561721098, 12.89545760296009], [77.61652438153186, 12.895163835666242], [77.61645086087555, 12.89447242031238], [77.61704303266575, 12.894416504952043], [77.61719770438394, 12.894405942021093], [77.61719536188491, 12.894607356451484], [77.61718896162732, 12.895157185649802], [77.61717955197693, 12.895965547353477], [77.61775588373276, 12.896027211966146], [77.61806755000542, 12.897903825209209], [77.61811120832749, 12.897970821299683], [77.61837816000595, 12.898027153650537], [77.61864441004029, 12.89801605720362], [77.61874733277988, 12.897998168661328], [77.61890415764654, 12.897997004959976], [77.61894373926263, 12.898007073746424], [77.61896299432583, 12.898015109686607], [77.61903424015601, 12.898068463791985], [77.61913455587471, 12.898152087507698], [77.61915313993349, 12.898155224784773], [77.61915619345305, 12.89815776598768], [77.6192055326598, 12.898179587572967], [77.61925604461965, 12.898197886627086], [77.6193448832302, 12.898214626830656], [77.61948389751662, 12.89822891003227], [77.61965711828381, 12.89825597766452], [77.61970961264392, 12.898255451702251], [77.61971061150639, 12.898255381562363], [77.61994688687663, 12.900756331788214], [77.619750704679, 12.900750598717337], [77.61940324025205, 12.900824760874768], [77.61862251301278, 12.900865377712071], [77.61923165689521, 12.902427125841445], [77.61950571620203, 12.902340086253254], [77.6196147848848, 12.902912183056042], [77.62002570885217, 12.9035908370984], [77.62014082358874, 12.903918423317831], [77.62024515336137, 12.904035388206163], [77.62051993015696, 12.90484184428999], [77.62084916306495, 12.904756569350944], [77.62120900846789, 12.904717619123256], [77.62160462828497, 12.904654751814078], [77.62183023845985, 12.906713984516413], [77.62188342884834, 12.906697747199518], [77.62205152145123, 12.906711091112973], [77.62217252858423, 12.90672517339169], [77.62226270916312, 12.906773988020195], [77.62233367594354, 12.906849767889913], [77.62241964082479, 12.906868029322318], [77.62254040874042, 12.90685916897324], [77.622703942026, 12.906838403441013], [77.62285592059334, 12.906829160298612], [77.62285689597378, 12.906922669038257], [77.62286373511701, 12.907124025089866], [77.622862240338, 12.907437274893814], [77.6225193540101, 12.907387539470397], [77.62238202267058, 12.907373251209993], [77.62220671669506, 12.907386486473232], [77.62224399488159, 12.9075964643803], [77.62224766414948, 12.907948290121318], [77.62210354338323, 12.907961210091697], [77.62215081344124, 12.908381439753729], [77.62212750335507, 12.908389324291358], [77.62173893422799, 12.908389088513701], [77.621419136485, 12.908425224077222], [77.62143926789905, 12.908622591616268], [77.62126926798393, 12.90866229124363], [77.62092652345001, 12.908726518288258], [77.62086300204061, 12.908577714383375], [77.62064523504415, 12.908493778639494], [77.62055601286285, 12.908851814257806], [77.6205469672448, 12.909098865893556], [77.62055375535054, 12.909419635125342], [77.62057986458296, 12.909942842795529], [77.62061281678183, 12.910131637989247], [77.62067355691664, 12.91034379309615], [77.62075112127704, 12.9105186295611], [77.62081818199792, 12.910676688235084], [77.62088791000672, 12.910760418170032], [77.62095700431094, 12.910783365934101], [77.62103639116182, 12.910802831468137], [77.6210850060253, 12.910842872426011], [77.62109227929297, 12.910879946943897], [77.6211353838239, 12.911051752350794], [77.62116992136066, 12.911392507302468], [77.6211640941633, 12.911493883009879], [77.62115833502807, 12.911602011283158], [77.62114597398171, 12.911737223425616], [77.62116122262903, 12.911878914070694], [77.62117221953125, 12.911942971142496], [77.621186658261, 12.912006993673469], [77.62123562792395, 12.912080801859547], [77.62132675176781, 12.912235239834017], [77.62132735047153, 12.91229264568163], [77.62107521983143, 12.912586305688155], [77.6210616205056, 12.91264505434494], [77.62130610908703, 12.912733115097378], [77.62152348612273, 12.912831260730497], [77.62162623384253, 12.912876535421477], [77.62165802263266, 12.912907087001088], [77.62167026658324, 12.912949410100774], [77.62167070930278, 12.912991851656267], [77.62167605016874, 12.913126856020568], [77.62167280221317, 12.913192487615412], [77.62164976556188, 12.913246742505198], [77.62159927707458, 12.913308990612292], [77.62156817004941, 12.913344028875148], [77.62145242401654, 12.913430276936506], [77.62114141300022, 12.913767647191415], [77.62182462477115, 12.914171095301104], [77.62207768426805, 12.914295894946878], [77.62215274156311, 12.914326009679797], [77.6222314469153, 12.914329079414262], [77.62229831305429, 12.914328408016395], [77.62232592600145, 12.914335848412263], [77.62235378288676, 12.9143664393361], [77.62236995926223, 12.91440872287811], [77.62238076526465, 12.914690305490618], [77.62240229699707, 12.915245753833291], [77.62238789224938, 12.915373238713746], [77.62237711153493, 12.91584797493981], [77.62232542650392, 12.91617263336989], [77.62274127214218, 12.91730558670894], [77.62277045595691, 12.917248913267716], [77.62277217985643, 12.91724556558696], [77.62326040659987, 12.916388210516976], [77.624023260833, 12.915024003776013], [77.62424486602852, 12.914640633310514], [77.62445819914444, 12.914265542287076], [77.6251444953416, 12.913172591332435], [77.62610165800788, 12.911613807125795], [77.62682868877711, 12.910422088168406], [77.62756001673519, 12.909242617378494], [77.62829108147942, 12.908038556933388], [77.62901429966837, 12.906883755073022], [77.6293723360274, 12.906301175684595], [77.6297619346318, 12.90566723391745], [77.63068200866317, 12.904162094426198], [77.63100380849012, 12.903641175733782]]]]}}, {"type": "Feature", "properties": {"Ward_No": 151, "Ward_Name": "Koramangala", "Zone": "South", "Risk_Score": 0.4075, "Alert_Level": "YELLOW", "Severity_Band": "moderate", "Priority_Rank": 26, "Pop_Density_per_km2": 9530.7, "Green_Cover_Pct": 44.4, "Water_Stress_Index": 31.6, "Heat_Intensity_Index": 64.2}, "geometry": {"type": "MultiPolygon", "coordinates": [[[[77.62111945896989, 12.943953323166442], [77.62177909189367, 12.943392684484907], [77.62252686751945, 12.942704999531415], [77.62346315381458, 12.941861830753544], [77.6239115500989, 12.941423989102033], [77.62407198723851, 12.941257821978885], [77.62471967510447, 12.940625991877754], [77.62510154424298, 12.940243670189583], [77.62523978486121, 12.94009417670137], [77.62533352304104, 12.939967074695973], [77.62541596155471, 12.939829117126537], [77.6256294446858, 12.939388153646448], [77.62578233709206, 12.939035564449059], [77.62594641382273, 12.938682860263661], [77.62612230184037, 12.93839037657556], [77.62630994843946, 12.938152625737686], [77.6264250761079, 12.93793205824933], [77.62659589006556, 12.937688991053177], [77.62692429965556, 12.937293676959367], [77.62785324677904, 12.936262336021695], [77.62873238802071, 12.935329520684181], [77.62963928272254, 12.934513545381929], [77.63053208669807, 12.933619627430948], [77.63125338209244, 12.9328185319544], [77.63217338661605, 12.931989404819115], [77.63275038863551, 12.931345925720535], [77.63297126269694, 12.93090123786669], [77.63310872485471, 12.930093020742843], [77.63325150591443, 12.929792270124034], [77.63349083216146, 12.929841909184681], [77.63364016641911, 12.930165736027615], [77.6338834194985, 12.93060883717567], [77.6339749690003, 12.930536315190531], [77.63441264260345, 12.930150914471522], [77.63477487163499, 12.92983350635318], [77.63505391948901, 12.929572966329802], [77.63521984153837, 12.929418148226477], [77.63537359842407, 12.929192489136103], [77.6354297295883, 12.929098543305802], [77.63558422883762, 12.928943842771105], [77.6358150725429, 12.928807048453335], [77.63605372925491, 12.928688848005379], [77.63634188219184, 12.928570147210884], [77.63650505213455, 12.928516207497887], [77.63664192547198, 12.928496148961347], [77.63682880522886, 12.928524140662658], [77.63693981124693, 12.928579044515386], [77.63708300310496, 12.928797970001378], [77.6373662865424, 12.929303080587694], [77.63754401851904, 12.929547801839805], [77.63784520281658, 12.929944411734667], [77.63798027353567, 12.930114860557739], [77.63814886083371, 12.93021400433387], [77.63833225085416, 12.930271910386999], [77.63848086119927, 12.930281612429802], [77.63861710450618, 12.930201795967196], [77.63880245412878, 12.930084134518516], [77.63904091363403, 12.929947258122855], [77.63925276010173, 12.929814385857869], [77.63966887201168, 12.929552452687878], [77.63999442979636, 12.929369873702587], [77.64028976105553, 12.9292100105892], [77.64051750370554, 12.9291404747205], [77.64076455595762, 12.929096888523729], [77.64102719375661, 12.929086759720349], [77.64130529693773, 12.929098884331928], [77.64156071046203, 12.929126178559775], [77.64178912068779, 12.929120130604344], [77.64198663679328, 12.929073309874328], [77.64211966973998, 12.929051342375647], [77.6420539161658, 12.928860519807724], [77.64186319980055, 12.92842410764344], [77.64180761898628, 12.92817131205899], [77.64167171773872, 12.92775063300298], [77.64156809950656, 12.927368707278402], [77.6415094062895, 12.927079751271481], [77.6414431931928, 12.926537464280786], [77.64136855036567, 12.926259049114822], [77.64135590709293, 12.926212566533017], [77.64134290829108, 12.926164785486908], [77.64127739419202, 12.926114890274015], [77.64118741740067, 12.926082828581722], [77.64112262908417, 12.926066508993243], [77.64089803985095, 12.926059216726786], [77.64023428823151, 12.92607549908188], [77.64009498388045, 12.926088631770954], [77.63997555933577, 12.92609765475508], [77.63986796171912, 12.926094834840391], [77.63981215147221, 12.92609149327721], [77.63974430648287, 12.926080456447382], [77.63969995340454, 12.926030101550202], [77.63967190212705, 12.926014753627095], [77.63961214877092, 12.926015358096269], [77.63952833068527, 12.926000574284396], [77.63940836973917, 12.925958801140107], [77.63931613145238, 12.925901115825809], [77.63928746639026, 12.9258271534477], [77.63926664415835, 12.925741390851908], [77.63925748458355, 12.925628153078742], [77.63925678629107, 12.92556172482988], [77.63926442604563, 12.925530384155403], [77.63929169445272, 12.925471490050889], [77.63931892176713, 12.92540868785773], [77.63931305086771, 12.925328382391749], [77.63927239196198, 12.924772167184416], [77.6391923326336, 12.924147024154134], [77.6387566482761, 12.924314187888857], [77.63851160912623, 12.92443343266867], [77.63813658255661, 12.924682840273167], [77.63767184798003, 12.924989524632146], [77.63740637242074, 12.925117030377011], [77.6372553525932, 12.925199085837734], [77.63705909954264, 12.92527354773675], [77.63691996987174, 12.925315215973598], [77.63683381943493, 12.925320115291928], [77.6366942692643, 12.925321525379461], [77.63654646558314, 12.925318990010068], [77.63637378411633, 12.92529254944402], [77.63597506143351, 12.925240206963327], [77.63551861866003, 12.925164288017582], [77.63498808992814, 12.92506898398993], [77.63344215309583, 12.924830917320596], [77.63271012616087, 12.924701403435026], [77.63210156981789, 12.92460285383545], [77.63132028807918, 12.924473830256263], [77.63041134786238, 12.924305826150848], [77.63014007415566, 12.924272324283363], [77.62974947466532, 12.92421183458002], [77.62945365877478, 12.924186629917287], [77.62928537508333, 12.924188325429407], [77.62912128245777, 12.924198031576006], [77.62902281607839, 12.924203050027641], [77.62824288006898, 12.924014396808905], [77.62722367711311, 12.923785845080715], [77.62600370598958, 12.92353121396808], [77.62485592110124, 12.923332043540306], [77.62400826439436, 12.923073655202762], [77.62287230939073, 12.922635541641704], [77.62186391306898, 12.922069707458746], [77.62022432131508, 12.921159006376472], [77.61846227069637, 12.924002297133336], [77.61839152694468, 12.924175846360644], [77.61823204341765, 12.924418135325716], [77.61734058494385, 12.925772442990908], [77.61606362952388, 12.927885306140432], [77.61604282430842, 12.927933284865606], [77.6160070210693, 12.928002309784196], [77.61592932493348, 12.928140420675062], [77.61545929659738, 12.928891508102975], [77.61505780300867, 12.929501585813636], [77.61494553686514, 12.929671517525104], [77.6150153202125, 12.929704871152113], [77.61475170544412, 12.930022912195659], [77.61463942725972, 12.930214132969354], [77.61388008140597, 12.931520048724837], [77.61379712834146, 12.931669095916066], [77.61313124143821, 12.932865506092185], [77.6124538901494, 12.93408845615571], [77.61230202091782, 12.934362652822752], [77.61331301765236, 12.934838556015094], [77.61458802222761, 12.935499199302885], [77.61533501137562, 12.93587199362691], [77.61567620220967, 12.936058715038083], [77.6159681909231, 12.936174624782144], [77.61627591900397, 12.936250763250271], [77.61666424550027, 12.936310247778582], [77.61702615215835, 12.936356649926497], [77.61819305566353, 12.940326918949287], [77.61846129848404, 12.940994459185626], [77.61849282377369, 12.941038464163952], [77.61731259959947, 12.941121881430087], [77.61754977833525, 12.943560914329781], [77.61776690420531, 12.943530670436175], [77.61796657050938, 12.943472541076979], [77.61825813585524, 12.943447162066398], [77.6187389777621, 12.943464780722692], [77.61874950967928, 12.943573938737076], [77.61898127352777, 12.944596673867604], [77.61912647504253, 12.945028895435811], [77.61928966210357, 12.945332321421862], [77.61975482277703, 12.945014713433338], [77.62018212481334, 12.944697760704107], [77.62048184900168, 12.944480824128906], [77.62068719763766, 12.944330659658526], [77.6208646456006, 12.944186261520086], [77.6209697994167, 12.944080986712606], [77.62111945896989, 12.943953323166442]]]]}}, {"type": "Feature", "properties": {"Ward_No": 27, "Ward_Name": "Banaswadi", "Zone": "East", "Risk_Score": 0.4034, "Alert_Level": "YELLOW", "Severity_Band": "moderate", "Priority_Rank": 27, "Pop_Density_per_km2": 9248.0, "Green_Cover_Pct": 44.9, "Water_Stress_Index": 31.2, "Heat_Intensity_Index": 63.7}, "geometry": {"type": "MultiPolygon", "coordinates": [[[[77.66229265601537, 13.012388983850666], [77.66227633974533, 13.012387444606778], [77.66217076597228, 13.012342947964331], [77.66209915314944, 13.012313287658216], [77.66186825744981, 13.012172792416047], [77.6615128938223, 13.011987982315757], [77.66099638689828, 13.011807864019392], [77.66000363343667, 13.011444174427275], [77.6593124827333, 13.011165535777932], [77.65889470874365, 13.010941844651386], [77.6585642752614, 13.010768934241293], [77.65835527534773, 13.010646448567512], [77.65791202781537, 13.01035918663801], [77.65789391900877, 13.010357852785074], [77.6574968714249, 13.010089871424805], [77.65644706420827, 13.009316394922243], [77.65613135577352, 13.009070376260802], [77.65604682676697, 13.00899221279872], [77.65594327980875, 13.008874724882036], [77.65581951130457, 13.008736881871338], [77.65547271671433, 13.008350643175014], [77.65472948638036, 13.007546664206036], [77.65452773586581, 13.007280103253208], [77.65401147816779, 13.006781936429942], [77.65363614170808, 13.006466611081866], [77.65313236328164, 13.00602493578004], [77.65299162492812, 13.005907826511788], [77.65294158113255, 13.005865782437446], [77.6528731989069, 13.005848243799667], [77.652467774713, 13.005910143865064], [77.65168188372601, 13.00604888381367], [77.65129822125982, 13.006116635177122], [77.65125244160755, 13.006183976830707], [77.65141381174841, 13.006492371855874], [77.6515403115085, 13.006728173862763], [77.65152817032589, 13.006752615911168], [77.65135824677516, 13.00680602739224], [77.65099940991539, 13.006876566006287], [77.65079213033405, 13.006915159861947], [77.65066866462807, 13.006965057347283], [77.65048989184938, 13.007061114612325], [77.65026801772348, 13.007184966657306], [77.64989545717569, 13.007422826485442], [77.64968226753449, 13.007488836804535], [77.64954307913695, 13.007517615327117], [77.64887405926405, 13.007570042379994], [77.64826393157607, 13.007621868856853], [77.64809045348177, 13.00763275875945], [77.64788866004433, 13.007604420501561], [77.64776781032894, 13.007608695218835], [77.64765654718875, 13.007640226633585], [77.64746201818231, 13.007712124888128], [77.64724585517058, 13.007790321564181], [77.64670225551693, 13.008056907472524], [77.64627400311926, 13.007519447804821], [77.64618845960257, 13.007466746701375], [77.64610393368767, 13.007388576969241], [77.64595654576623, 13.007228977541157], [77.64581490419909, 13.007026763363783], [77.6457041009616, 13.00680903549177], [77.64570372874066, 13.006803738575092], [77.64570137188619, 13.006800781538189], [77.64566283841262, 13.00671826877006], [77.64553682714697, 13.006528052816748], [77.64552329929077, 13.006421801838018], [77.64546427773774, 13.006410245815], [77.64512671981781, 13.006441044654013], [77.64486935892474, 13.006434549530248], [77.64427986632724, 13.006385842333007], [77.64366270104954, 13.006358697251997], [77.64318178707933, 13.006318002346648], [77.64267582079357, 13.00625324359246], [77.64253199471291, 13.006238829541902], [77.64182244517393, 13.006167703515082], [77.64112562519603, 13.006088617357427], [77.64091308725273, 13.006064494659379], [77.64053113169554, 13.006001508050502], [77.64047492578915, 13.00599056973036], [77.64026399408321, 13.00594951495518], [77.63993424912056, 13.005840398646386], [77.6393742721134, 13.00565155751891], [77.63907581643082, 13.005569483376203], [77.63873102622328, 13.005503076939737], [77.63847644485011, 13.005466148661773], [77.63830596882575, 13.005467882243442], [77.63811101947708, 13.005500262882661], [77.63802407253115, 13.00548594778233], [77.6383112926689, 13.005634093777578], [77.63876938187913, 13.005892092328127], [77.63906612225097, 13.006090444310125], [77.63937225693317, 13.00633247762816], [77.63966109119345, 13.0066272151303], [77.6399490923117, 13.006843164263257], [77.64021040371593, 13.007068140535361], [77.64057047707769, 13.00734464441282], [77.64089043670131, 13.007572075583584], [77.64102029173306, 13.007664006673961], [77.64175030402315, 13.008134439212736], [77.64179516109384, 13.008174984390685], [77.6418189268321, 13.00819780930704], [77.64183910712298, 13.008259778631384], [77.64184040526158, 13.00838233663103], [77.64184170343796, 13.00850489694185], [77.64183453916448, 13.008671318378406], [77.641836208289, 13.00882889624826], [77.64187460895668, 13.00908240579259], [77.6418690188874, 13.009397650137336], [77.64187115179764, 13.009598998207302], [77.64186426350904, 13.009791682248661], [77.64190266454817, 13.010045191738161], [77.6419683126156, 13.01034220090013], [77.64203256965978, 13.01050789477189], [77.64205209380987, 13.010665288397139], [77.64203572312775, 13.010805538170716], [77.64202818585545, 13.010936942048264], [77.64201200069094, 13.011094701754976], [77.64201441226326, 13.011322312359303], [77.64199013098855, 13.011558950801783], [77.6419470697603, 13.01170822839817], [77.64190335921857, 13.011796225859378], [77.64164417390981, 13.01177260068464], [77.64137522540985, 13.01167027607744], [77.64111548383711, 13.01159412513442], [77.64080254659503, 13.011553536945689], [77.64046273096419, 13.01150446378912], [77.64021210360471, 13.011445728590985], [77.63992641320483, 13.011448636888117], [77.63955033820558, 13.01148634141037], [77.63935549482296, 13.013349500058366], [77.63936129820654, 13.014026454930034], [77.63931917549661, 13.014596048952761], [77.63934681596255, 13.015647739070703], [77.63935104620181, 13.01760597496478], [77.63945550343723, 13.01967648273449], [77.63954568802662, 13.021957527126904], [77.6395502809371, 13.02197828779865], [77.64009023189483, 13.021808742451759], [77.64032414309636, 13.024701884461173], [77.63985255866923, 13.024876398635275], [77.63992484815307, 13.025693840715075], [77.6403646157711, 13.02552183591105], [77.64184448874519, 13.024868121636473], [77.643555114112, 13.024108390730037], [77.64541525356402, 13.023300314925185], [77.64732276227377, 13.022458306984444], [77.64978041422417, 13.021403362186614], [77.65186781608996, 13.020485926895201], [77.65354114522178, 13.019753270803701], [77.65390121363274, 13.019622529823321], [77.65477776178265, 13.019319317174798], [77.6555187773227, 13.019091843291026], [77.6557683393819, 13.018993788746894], [77.65600187790058, 13.018902031423185], [77.65677776387169, 13.01855632660531], [77.65750256930235, 13.018237806425269], [77.65821846510651, 13.017934190932293], [77.65946668598038, 13.01739698130143], [77.66004482769522, 13.017138218404677], [77.6600560997822, 13.01713317442644], [77.66020176208818, 13.017069394722451], [77.66060346389021, 13.016893500605422], [77.66120524121764, 13.016656229785777], [77.66152104694632, 13.016519664415819], [77.66161151592343, 13.01647338407576], [77.66165484443948, 13.016451216286066], [77.66169835126512, 13.016428961090847], [77.66170292781877, 13.0164252924564], [77.66173200079385, 13.016401992110483], [77.66180320760552, 13.016344926599132], [77.66186579917384, 13.016264290885188], [77.6618747602573, 13.016250237268258], [77.66191334659506, 13.016189732388455], [77.66196156105224, 13.016098129576381], [77.66199330712345, 13.016037810560265], [77.66199971497771, 13.016015910819004], [77.66200918564199, 13.015983540223104], [77.66204286311557, 13.015868428027623], [77.66207101895897, 13.015675558022805], [77.66209876353616, 13.015444179301408], [77.66215912409389, 13.014871751154832], [77.66218941507208, 13.01459590366379], [77.6622256211491, 13.013742262000484], [77.66223175490944, 13.013538542732029], [77.66223956272043, 13.013279112484806], [77.66224569464482, 13.013075437174138], [77.66227644446951, 13.012559603537513], [77.66229265601537, 13.012388983850666]]]]}}, {"type": "Feature", "properties": {"Ward_No": 57, "Ward_Name": "C. V. Raman Nagar", "Zone": "East", "Risk_Score": 0.3896, "Alert_Level": "YELLOW", "Severity_Band": "moderate", "Priority_Rank": 28, "Pop_Density_per_km2": 8312.8, "Green_Cover_Pct": 46.6, "Water_Stress_Index": 29.9, "Heat_Intensity_Index": 62.3}, "geometry": {"type": "MultiPolygon", "coordinates": [[[[77.67448137151165, 12.986623785066863], [77.67488814492128, 12.986431293904348], [77.67570255030874, 12.98593686175391], [77.67650751889703, 12.985451872575807], [77.6770186513039, 12.98511946128081], [77.67758746176695, 12.984833188896848], [77.67792854795552, 12.984642732964991], [77.67820292153972, 12.984452964308122], [77.67848722634082, 12.984300481664592], [77.67862847578316, 12.98414012578977], [77.67907529507707, 12.984032703587525], [77.67980715952898, 12.983664129485138], [77.67980830288296, 12.98363924286096], [77.67981103160413, 12.983634207839033], [77.67988019702337, 12.983557977362384], [77.67997181136417, 12.983466224131215], [77.68006308247499, 12.983342691714855], [77.68008807658487, 12.983301060684866], [77.68014485784231, 12.983206491409916], [77.68025270204564, 12.983045545168622], [77.68030269040202, 12.982967144273598], [77.6803621642754, 12.982873863101837], [77.68037041714265, 12.982848711205028], [77.68040258100193, 12.982750649333452], [77.68039818854882, 12.982665420432392], [77.68039108523799, 12.982628227715761], [77.68037607690773, 12.982549671597514], [77.68034701170218, 12.982433996787956], [77.68025757780295, 12.982130900985382], [77.6801051793142, 12.981614428221008], [77.67993949459367, 12.981084012838364], [77.67985635651107, 12.980791520017444], [77.67981896360229, 12.98062533481595], [77.67980887824258, 12.980580524873265], [77.67980355725983, 12.980551847401646], [77.67968449551749, 12.979910084853502], [77.67964276121263, 12.979685131378465], [77.67957723335891, 12.979412923684334], [77.67942740418638, 12.97873908234537], [77.67937945180135, 12.97848374680737], [77.67933355199685, 12.978095359588947], [77.67930039223172, 12.977597688621069], [77.67929121104044, 12.977463596418612], [77.67928132285557, 12.97731920171029], [77.67926327975053, 12.97705571330115], [77.67926329853503, 12.97705042407926], [77.67926343983733, 12.977011674188704], [77.67926416282756, 12.976813518968445], [77.67931420946226, 12.976615163017305], [77.67932343952586, 12.976502504330782], [77.67932589177154, 12.976406968968], [77.6793057624091, 12.97629824370487], [77.67930005040077, 12.976267382451715], [77.6787342261067, 12.974748471090814], [77.67840375002658, 12.973769496080655], [77.67826077142846, 12.973357501389964], [77.67823507183603, 12.973283451338856], [77.67821934738299, 12.973192023042934], [77.67819178134764, 12.973031753433075], [77.67818619922156, 12.973032594910778], [77.67812214746048, 12.972807065670972], [77.67810406665184, 12.972742442124098], [77.6776839167997, 12.972808167178433], [77.67667285810394, 12.973017785416586], [77.6763006689144, 12.973094948019265], [77.67597558676958, 12.9731777307968], [77.6758462837461, 12.973198529267849], [77.67554789106269, 12.973246520538455], [77.67495397458048, 12.973375314641617], [77.67458834235867, 12.973472148375008], [77.67443533168529, 12.973517789768833], [77.6740666756684, 12.973641300389426], [77.67387081851874, 12.973706917115875], [77.67348141714452, 12.973822263870764], [77.67328886601192, 12.973879300943718], [77.67281906781454, 12.974042563706806], [77.67236054136949, 12.974201903248023], [77.67140334100058, 12.974513518155412], [77.67124627136968, 12.974558589045662], [77.67103635683779, 12.974618821043222], [77.6706493355511, 12.974732791306412], [77.67046018411305, 12.974804490899043], [77.66988457915497, 12.9750226791242], [77.66944186971519, 12.975177434560159], [77.6692112662734, 12.975258041796854], [77.66953937980351, 12.976327618342024], [77.67007179464017, 12.97748292834106], [77.67029139083635, 12.977893980618683], [77.66975625161584, 12.978163291926856], [77.669775894254, 12.978417585106392], [77.66995202761466, 12.979298120111324], [77.67018020427666, 12.979347908340989], [77.6709108285285, 12.979041295988948], [77.67098836607154, 12.979162011200287], [77.6709894644673, 12.979264816278159], [77.67088623014004, 12.979415430030778], [77.67079272625031, 12.979584639351767], [77.67065157272798, 12.979754335936223], [77.67044150897539, 12.979719107664273], [77.67026063910201, 12.979739659090463], [77.6701763636456, 12.979880730114404], [77.67022591239189, 12.980057817508323], [77.67011154916696, 12.98005899236475], [77.66997882532199, 12.980125783366876], [77.66990328661436, 12.980191989221181], [77.6698857222383, 12.980332377246063], [77.66990538292119, 12.98038825740284], [77.66969641654443, 12.980455831476604], [77.66957342290276, 12.980541220281253], [77.66923023961388, 12.980535397125976], [77.66891199548697, 12.98055507127643], [77.66916131020155, 12.981229631827146], [77.66909494573613, 12.982077486778532], [77.66853203850313, 12.982094183223772], [77.66849391942417, 12.982094574635974], [77.66845579798598, 12.982094966066814], [77.66839891634889, 12.982123591202479], [77.6683420346969, 12.982152216328155], [77.66827934666469, 12.982255688086282], [77.66827759815416, 12.982255810108882], [77.66735265225743, 12.98232104283848], [77.66650068548576, 12.982312198037175], [77.66626794091162, 12.98234976173777], [77.6662031148324, 12.98215696268111], [77.66573678397354, 12.982152953709464], [77.66560491739354, 12.982400531813727], [77.6654809864795, 12.982551296379144], [77.66526673884043, 12.982641433142179], [77.66496160951039, 12.982618179411425], [77.66462014642916, 12.982551331631322], [77.66415690737149, 12.982837482575315], [77.66441025023363, 12.983523257093431], [77.66436259464083, 12.983731629628702], [77.66415193734342, 12.983856074428857], [77.66380308847386, 12.983884107346041], [77.66361554440932, 12.9838371167797], [77.66301120541807, 12.983293025865217], [77.66224986479214, 12.983227454839207], [77.66167749770588, 12.98334337605741], [77.66137972366268, 12.983522860153197], [77.66107744035759, 12.983778326978246], [77.66100596335698, 12.983879066130491], [77.66050892690238, 12.984094947100619], [77.66039860727328, 12.984096076614234], [77.65979026125144, 12.983946785796835], [77.6591100969108, 12.983527762457825], [77.6586860237175, 12.983200779706014], [77.65859337982869, 12.982917736956349], [77.65852684211562, 12.982479058669552], [77.6584751627092, 12.982094564823711], [77.65843252583386, 12.981441630787412], [77.65828804073297, 12.981279766091857], [77.65731578794559, 12.980997244056597], [77.65540725877517, 12.980341088846995], [77.65351295634595, 12.979651719479953], [77.65366750133401, 12.979391582763023], [77.65308410684034, 12.979087195340565], [77.65280668554186, 12.979394689396711], [77.65174319270665, 12.980459574917036], [77.65100692186934, 12.981196801438275], [77.65043627000068, 12.981959366131404], [77.64968700708039, 12.983065013146566], [77.6489074033473, 12.984452090943622], [77.64842238554836, 12.985376453560153], [77.6481185622842, 12.986196814786213], [77.64803755307341, 12.986989957865845], [77.64826149656328, 12.987080280300704], [77.648399382689, 12.987135891995738], [77.6492116700388, 12.987473927387255], [77.65009557741455, 12.987904731554899], [77.6510398084295, 12.988362622610092], [77.65207621924311, 12.988854198737014], [77.65316574540675, 12.989359082759757], [77.65426594604618, 12.98987077648814], [77.65561137531715, 12.990528873732499], [77.65664073886752, 12.991020500289757], [77.65729407485289, 12.99135320298346], [77.65783684195826, 12.99158314261211], [77.65892698016376, 12.992143398954834], [77.6600591977828, 12.992675515172241], [77.66106385871508, 12.993167376208307], [77.66218530927465, 12.993682274429805], [77.663278144333, 12.994162832768167], [77.66346556529255, 12.994256770674568], [77.66367197367256, 12.994360226864707], [77.66386042869406, 12.994454685736418], [77.66403144147769, 12.994524175401162], [77.66412833034899, 12.994563544374335], [77.66412968653816, 12.994561125280011], [77.66419027479503, 12.99445322337091], [77.6646906625771, 12.993611255385533], [77.66486634555034, 12.993336996686523], [77.66512268847282, 12.992931269656115], [77.66520462237327, 12.992801585237412], [77.66556036975707, 12.992353570471167], [77.66570081296913, 12.992186705907148], [77.66606703303128, 12.991790479559295], [77.66636515007863, 12.991521450469017], [77.66656508715951, 12.991350732440026], [77.66687347216853, 12.991114032699706], [77.6670802677206, 12.990965949740263], [77.66721433622108, 12.990873215627072], [77.66782130716888, 12.990510923417538], [77.66794482131986, 12.990406236873076], [77.6683160169275, 12.990215409937914], [77.66812303870311, 12.990014973978244], [77.66817344086678, 12.989985198679548], [77.66798407118073, 12.989792933144429], [77.66786734841405, 12.98977698595647], [77.667785321745, 12.989754914561543], [77.66769895799445, 12.989690873461402], [77.66755022034245, 12.989420227858377], [77.66745157858186, 12.988977800760315], [77.6674156866418, 12.988548373939286], [77.66742318944497, 12.98794794687318], [77.66741004243764, 12.987368198929916], [77.66745092292717, 12.986310344198694], [77.66744511445847, 12.986092097235632], [77.66746884196152, 12.986033863477877], [77.66772892345874, 12.985959560525039], [77.66782488927231, 12.985825543572613], [77.66793414343108, 12.985633400021962], [77.66795475457783, 12.985609312399939], [77.66799286765374, 12.985595276294434], [77.66805580066605, 12.985625330699401], [77.66823934184113, 12.985725304942944], [77.6682832132744, 12.985749202143499], [77.66828471609614, 12.985750583560183], [77.66836164676555, 12.985821386688183], [77.66836850942245, 12.98581962796007], [77.66837461421551, 12.985823309468636], [77.66841654441679, 12.985822878827262], [77.66841965699494, 12.985822846859463], [77.66857348875762, 12.98589631058072], [77.66860546701305, 12.98591111158531], [77.66880419774297, 12.986003094018427], [77.6688399923052, 12.98601552230767], [77.66916648453858, 12.98612887229358], [77.66923362834662, 12.986152180997552], [77.66925866911204, 12.98615665312942], [77.6693536128474, 12.98617361468663], [77.66943227223983, 12.986187663054752], [77.66948170747695, 12.986189752240058], [77.6697967758803, 12.98620305724062], [77.66982202315349, 12.986204122951905], [77.66993676070427, 12.986199532680175], [77.66999900164409, 12.98619502858345], [77.67016478731901, 12.986183026480123], [77.67021133663103, 12.986179657235535], [77.67055173819105, 12.98613522434063], [77.67084333960592, 12.986081061476412], [77.67099919837561, 12.986046489884664], [77.6711715763594, 12.986222320830175], [77.67129570026364, 12.986175212306916], [77.67149705357379, 12.986066204494593], [77.6717601711801, 12.985945423638011], [77.67190335060035, 12.985998529998035], [77.6721396365086, 12.986089531367574], [77.67219935802554, 12.986112531690614], [77.67261936012363, 12.986274283549111], [77.67271004012187, 12.98630711552412], [77.67302521752808, 12.986431605717646], [77.67312252811853, 12.986468536716998], [77.67350594100762, 12.986614051567342], [77.67373183749056, 12.986699781252973], [77.67448137151165, 12.986623785066863]]]]}}, {"type": "Feature", "properties": {"Ward_No": 86, "Ward_Name": "Marathahalli", "Zone": "Mahadevapura", "Risk_Score": 0.3738, "Alert_Level": "YELLOW", "Severity_Band": "moderate", "Priority_Rank": 29, "Pop_Density_per_km2": 7254.5, "Green_Cover_Pct": 48.6, "Water_Stress_Index": 28.4, "Heat_Intensity_Index": 60.5}, "geometry": {"type": "MultiPolygon", "coordinates": [[[[77.68549279117664, 12.941211989128108], [77.68538905205948, 12.94129061477504], [77.68510841514075, 12.94145822176872], [77.68475916555195, 12.941634021331506], [77.68425099615858, 12.94193873602301], [77.68372756013575, 12.942243609462146], [77.68286121964573, 12.942604419132985], [77.68201953724548, 12.94312968872026], [77.68145889392984, 12.943524785587243], [77.68076609219183, 12.943696627209112], [77.6805453098323, 12.943751307606439], [77.6804173958551, 12.943924825673944], [77.6803204151589, 12.944135460439163], [77.68016752291888, 12.944114572505216], [77.67998369964177, 12.944056567677888], [77.67972499427633, 12.944134097959063], [77.6793828875811, 12.944264897224455], [77.67890355580863, 12.944412078984003], [77.67766272150216, 12.94473180267168], [77.67655275564013, 12.945154995704836], [77.67599749126809, 12.945340387693594], [77.67565594183338, 12.945523586472605], [77.67534476086041, 12.945691496295927], [77.67494150872338, 12.945815429936626], [77.67425640685117, 12.945994665518501], [77.67377682511972, 12.946119380955038], [77.67359491964083, 12.946241041218189], [77.67324581252868, 12.946431801013555], [77.67304020841433, 12.946478831633936], [77.67300348245769, 12.946613976593417], [77.6730072348916, 12.946965833033712], [77.67297122745921, 12.947168354717542], [77.6729124798722, 12.94738608189504], [77.67293753537656, 12.947587977101744], [77.67294700345313, 12.947760083225868], [77.67297913187558, 12.947909496256612], [77.6730265237505, 12.948058750352791], [77.67314721696617, 12.948187978554536], [77.67324002616503, 12.948222643549055], [77.6733731299041, 12.94827235978674], [77.67338944084155, 12.948274248361743], [77.6733975867899, 12.948271979301277], [77.67340966461138, 12.948270710589753], [77.67383107342263, 12.94838816357413], [77.67434946578757, 12.94852838510638], [77.67499408705011, 12.948677015583385], [77.6752941910585, 12.9487564101841], [77.67534128025324, 12.948765628195764], [77.67537837554045, 12.948765247229202], [77.67544004249027, 12.948750058022656], [77.67557074649592, 12.948714756539735], [77.67572123111047, 12.948679249513848], [77.67638767874485, 12.948555970324678], [77.67716282938076, 12.948421866247664], [77.67743342683451, 12.948379027762739], [77.6776464071436, 12.94834772934466], [77.67797429888718, 12.948307971610177], [77.67820756067687, 12.948265550850303], [77.67851707950781, 12.948242354940739], [77.67866733015217, 12.948242630124634], [77.6792904088969, 12.948227127049284], [77.6795426455649, 12.948224532759353], [77.67958912993522, 12.94823497035392], [77.67964496470921, 12.948252589677976], [77.67975632301982, 12.948258719821851], [77.67998070295877, 12.948252773845956], [77.68011423954698, 12.948251400076705], [77.68023713680908, 12.948295618613754], [77.68032112244904, 12.948343872925186], [77.68050065000557, 12.948480294526771], [77.68054744573324, 12.948519835752272], [77.68056977968442, 12.948526883853347], [77.68061802229927, 12.948528207498184], [77.68120828092995, 12.948565795902809], [77.68191739283074, 12.948616715170155], [77.68243896910181, 12.948649547621333], [77.68246185180868, 12.948652568203034], [77.68247411898163, 12.948650936352154], [77.68248539280977, 12.948652325796404], [77.68249617114455, 12.94865522587585], [77.68250488995079, 12.948657143473495], [77.68251609505573, 12.94866312654169], [77.68253626878293, 12.948664627850738], [77.68298595962486, 12.948698102267004], [77.68345193221931, 12.94873514771184], [77.68414433463259, 12.948784412795883], [77.68471805662814, 12.948836716864584], [77.68505592267734, 12.948862343844029], [77.68553317910771, 12.948913822590093], [77.68591194379775, 12.948948122404865], [77.68639098005528, 12.94899230327912], [77.68677901729517, 12.949026506161013], [77.68682993308255, 12.948976095052506], [77.68738440933011, 12.949021315984298], [77.6879194952524, 12.949103120507885], [77.68847243512388, 12.94923568005635], [77.68866113301235, 12.949304078277882], [77.68882280847103, 12.949389736963449], [77.68901896422314, 12.94956335453794], [77.68919440644885, 12.949787094748762], [77.68931964526975, 12.949971566529825], [77.68938103307876, 12.950088877130101], [77.68941492170715, 12.950165193407976], [77.68943071111532, 12.950235797022094], [77.6894527973211, 12.950332873106818], [77.68946282794333, 12.950427125054985], [77.68947912378141, 12.950544905813366], [77.68950064086876, 12.950869030712498], [77.6895201332437, 12.951284588024981], [77.68950766749103, 12.95180367666693], [77.68947998193656, 12.952305230817895], [77.68942900795228, 12.952877792102331], [77.68940666898578, 12.95303725002817], [77.68938663967543, 12.953131812379935], [77.68935164117988, 12.953232426539627], [77.68929011938482, 12.953335775247455], [77.68920329302262, 12.953462479237315], [77.68907250238644, 12.953601431643689], [77.6888115604999, 12.953837894237353], [77.68800295855016, 12.954591355344794], [77.68776882816196, 12.954828604290782], [77.68767979573603, 12.954918816534262], [77.68767264133326, 12.95495987263319], [77.68766936275034, 12.955008340045072], [77.68766956259104, 12.955026963966116], [77.68768499300492, 12.955049158649734], [77.68771170055793, 12.955060059950853], [77.68773848806141, 12.955078411741683], [77.68778038852795, 12.955089153897008], [77.68782984315507, 12.955096094720384], [77.6879375948461, 12.955117019542728], [77.68808487740392, 12.955145621198252], [77.68911625430238, 12.9553287010858], [77.6896286566373, 12.955428749135622], [77.68959083591893, 12.955513798415316], [77.6899016503119, 12.9555631098481], [77.69400241326012, 12.956213668485706], [77.69403550202153, 12.95622109190927], [77.69381619158396, 12.95736844902648], [77.69403791692153, 12.957610372647604], [77.69427956049842, 12.957852085229007], [77.6944007491436, 12.958007129775387], [77.69457036625775, 12.958034679769726], [77.69494902049456, 12.958050297216836], [77.69539780770702, 12.958104264369759], [77.69563787572054, 12.958199463832248], [77.69591767444014, 12.958284483067608], [77.69596831036084, 12.95836210682914], [77.69596339923473, 12.958831051238837], [77.6958944227333, 12.958900147544064], [77.69561599024107, 12.958942105046521], [77.69554638032585, 12.958952594396695], [77.69498877891652, 12.95896813635771], [77.69499091015965, 12.960091504005849], [77.69338476260877, 12.959854144558172], [77.69323739419555, 12.960969294300762], [77.6943550274589, 12.961162868357636], [77.69555517119554, 12.961619335097835], [77.69719889186615, 12.962569394916637], [77.69775012016292, 12.96288604656045], [77.6980102170674, 12.962990803648632], [77.69848962732382, 12.963112825660069], [77.69946794553583, 12.963317585912357], [77.69973757866715, 12.96338317047978], [77.6998479739517, 12.96346017306068], [77.7001883770208, 12.96362270771457], [77.70109208415494, 12.964297127006514], [77.70191844028946, 12.965187256459322], [77.70164668592116, 12.963080069263441], [77.70132683101575, 12.961129675558745], [77.70111257946692, 12.959734992567247], [77.70108834140778, 12.959334734037082], [77.70106694508813, 12.958920066159369], [77.70127751693146, 12.95896389518459], [77.70142419469215, 12.958941240379524], [77.70142437916627, 12.958941291655208], [77.70149077292481, 12.959221753971592], [77.70150486782904, 12.959393656869343], [77.70153185733811, 12.959437388102856], [77.70162617376042, 12.959482423283417], [77.70185752872807, 12.959562043400952], [77.70198960858274, 12.959588772950525], [77.70199002312268, 12.959593100170476], [77.70222571068089, 12.95968874759744], [77.7023450922016, 12.959716499127548], [77.70296349446747, 12.959890128852063], [77.70358741613772, 12.960008183104993], [77.70400857722773, 12.960050321730339], [77.70447900858044, 12.956815331000719], [77.7010587452693, 12.956910757728842], [77.70001462894389, 12.953566055737303], [77.69929237685263, 12.94964071639216], [77.69921615635654, 12.949223521227841], [77.69903371835622, 12.948364259341128], [77.69880393451434, 12.947596345712196], [77.69857127396169, 12.946935114789554], [77.69832140240379, 12.946171355855084], [77.69819506313458, 12.945659135212093], [77.69802637174591, 12.944953788844415], [77.69796435062878, 12.944804321078646], [77.69704851759406, 12.944895405127223], [77.695562133282, 12.945323256262219], [77.69475696578372, 12.945106600616814], [77.69348623418026, 12.944257299647768], [77.6917133397155, 12.942925712157637], [77.68971030622258, 12.941521487566526], [77.68867257971462, 12.941007230405067], [77.68803238776451, 12.941913773745076], [77.68680714759513, 12.941738919368502], [77.68549279117664, 12.941211989128108]]]]}}, {"type": "Feature", "properties": {"Ward_No": 24, "Ward_Name": "HBR Layout", "Zone": "East", "Risk_Score": 0.3689, "Alert_Level": "YELLOW", "Severity_Band": "moderate", "Priority_Rank": 30, "Pop_Density_per_km2": 6930.2, "Green_Cover_Pct": 49.3, "Water_Stress_Index": 27.9, "Heat_Intensity_Index": 60.0}, "geometry": {"type": "MultiPolygon", "coordinates": [[[[77.6366808061539, 13.042510543775691], [77.63680631681494, 13.042604463029093], [77.6369828652335, 13.042701613317984], [77.63715923134028, 13.042781556434358], [77.63740142450645, 13.042874441097187], [77.63743935632604, 13.042912598114556], [77.63762224430654, 13.043053874533056], [77.63783130124858, 13.043160179483037], [77.63810215525237, 13.043252845200032], [77.63847889932316, 13.043318403637524], [77.63880661480304, 13.043349761621402], [77.63905876244918, 13.043347190046303], [77.63932832586801, 13.04331841568411], [77.63953996959887, 13.043251193399694], [77.63978695576657, 13.043179274080185], [77.6399588318967, 13.043116795831494], [77.64033834306137, 13.043026173998383], [77.64060269823656, 13.04292371323842], [77.64077457622376, 13.042861232182478], [77.64086258706251, 13.042816959194289], [77.64106524446501, 13.042736816243739], [77.64119293025361, 13.042679124627915], [77.64131195307039, 13.042638871292997], [77.64138185498831, 13.042555746868697], [77.64144295815075, 13.042477048569387], [77.64148207812094, 13.042411585937296], [77.64152580703282, 13.04236342615964], [77.64159603355914, 13.042310659565077], [77.64166630374201, 13.04226222883041], [77.64171464158427, 13.04223137419685], [77.64177900415399, 13.042186403422098], [77.64172469950454, 13.042005241742114], [77.64158040721402, 13.041744338453599], [77.6414959917942, 13.041631560792613], [77.64143396846366, 13.041482078562659], [77.64142961759066, 13.041455533811606], [77.64142806380436, 13.0414460467694], [77.64140811523876, 13.041324326926553], [77.64139342949898, 13.041079552182309], [77.64140369197555, 13.04098794297818], [77.64142722459687, 13.040777857252627], [77.64144127476675, 13.04065242309376], [77.64147185568503, 13.040252619055797], [77.641476654849, 13.0401898680348], [77.64146939718982, 13.039885763667895], [77.64147451848771, 13.039609183649176], [77.64152634778378, 13.039557298772088], [77.64166684946024, 13.039508461282503], [77.6416972650903, 13.039486774520801], [77.64186345041885, 13.039368261303423], [77.64187479069673, 13.039360173661542], [77.64188999214731, 13.039340291134334], [77.64201785257102, 13.039173047211868], [77.6421178089034, 13.03911606870808], [77.64216603558795, 13.039088575597509], [77.6423347405653, 13.039039449910758], [77.64264876968222, 13.039016491093024], [77.64295373715541, 13.038981864343137], [77.64303107689926, 13.038973084224876], [77.6430911471864, 13.038972470818255], [77.64340977744799, 13.038969216898264], [77.64362407335338, 13.03897938037777], [77.64375242718324, 13.038985470025121], [77.64379668970385, 13.039000496821618], [77.64388231477835, 13.039029569361098], [77.64386357256213, 13.038791469399907], [77.64385767318466, 13.03865272831189], [77.64386509153606, 13.038518189817198], [77.64389928353208, 13.038405066355338], [77.64400105713862, 13.03822661260753], [77.64401951551027, 13.03817806087344], [77.6440561903242, 13.038058635380283], [77.64414226641563, 13.037588994931534], [77.6441480965645, 13.037551180547927], [77.644150078044, 13.03753831325825], [77.64418131538183, 13.037335612100385], [77.64418056434295, 13.037264932091231], [77.64417997145168, 13.03720913500469], [77.64417945758532, 13.037160774754534], [77.64417906232761, 13.037123576696539], [77.64417854846492, 13.037075216446027], [77.64417775793179, 13.037000818016924], [77.64420684517187, 13.036881470040548], [77.64425810412862, 13.036706090139083], [77.64426913070169, 13.036672494236175], [77.6442989317414, 13.036620105514196], [77.64432106155927, 13.036560352880775], [77.64434728964517, 13.036512908202806], [77.64435829187757, 13.03649300604468], [77.64436547543852, 13.036443822482704], [77.64437951492107, 13.03634769739956], [77.64440907638222, 13.036272988942592], [77.64444638571993, 13.03621308356577], [77.64449148006199, 13.036171697395028], [77.64467620818678, 13.036065095927771], [77.64489933904007, 13.035956890167206], [77.64495722611726, 13.035912283474977], [77.64496998936994, 13.035846130145575], [77.64437746949154, 13.035852183000426], [77.64323580662806, 13.03592798918817], [77.6432047251547, 13.035754120748278], [77.6431516099451, 13.0354025356295], [77.6431755506527, 13.035120592526697], [77.64321581094389, 13.034684426790927], [77.64324831340471, 13.034159652757884], [77.64324978868476, 13.034153976202248], [77.64326810885439, 13.034083524659547], [77.64326801875437, 13.034075040275129], [77.64326793467092, 13.034067122441312], [77.64325982904765, 13.034064374441686], [77.64324076250227, 13.034062765177477], [77.6431984624818, 13.034063196998128], [77.64309871992987, 13.034061250310188], [77.6425486551644, 13.034052051950914], [77.64237617740514, 13.034030109287473], [77.64230335024206, 13.034001224447241], [77.64218537192298, 13.033997051344338], [77.64217336124179, 13.03399662579588], [77.64205570028955, 13.034037907908338], [77.64201681209619, 13.034051551890663], [77.64171560528524, 13.034143509370383], [77.64171024326632, 13.034145238475991], [77.64169417600353, 13.034150418662364], [77.64127893704156, 13.034284254272045], [77.6411456164343, 13.034344491126467], [77.64110450892844, 13.034363065188971], [77.64107731513613, 13.034363342579418], [77.64104684859284, 13.034339950427801], [77.64103907209017, 13.034327538826041], [77.64101725419658, 13.034292714628252], [77.64100074134954, 13.034266351698905], [77.6409003711371, 13.034054761451142], [77.64087346635537, 13.033992458661892], [77.64080579835263, 13.03383577378544], [77.64067628724523, 13.03359118223648], [77.64057230018747, 13.033473730365042], [77.64041062178092, 13.033330203526585], [77.6402636437025, 13.033148008520191], [77.64014071022541, 13.03295371792226], [77.64011071764759, 13.03291916658953], [77.64006423156673, 13.0328656156895], [77.63987598938246, 13.03263088929486], [77.6398603434906, 13.032599508084068], [77.63981260803473, 13.032503755991062], [77.63969625170449, 13.032198480508148], [77.63969449267277, 13.032193866083894], [77.63961861399211, 13.031961428323209], [77.63961641008724, 13.031954676864238], [77.63961495324932, 13.031952089916674], [77.63955920473617, 13.031853165429068], [77.63945886952665, 13.031675119677518], [77.63944921830179, 13.031661179901743], [77.63930590393872, 13.031454168318374], [77.63882676341929, 13.031008706255621], [77.63851861245936, 13.030730379786924], [77.63832908673378, 13.030524913609472], [77.63805621217509, 13.030253729450148], [77.6379593173034, 13.030134628830242], [77.6379138150024, 13.030045153235292], [77.63790049690596, 13.03000190240816], [77.63789695928669, 13.0299930437493], [77.63776694425864, 13.029667648777794], [77.63763296172472, 13.029225300897947], [77.63756281539953, 13.028706237712145], [77.63750613341105, 13.028237748193337], [77.63742944741914, 13.027984618585272], [77.63703588832243, 13.027885186967154], [77.63659549761675, 13.027816340591095], [77.63635295729812, 13.027812143897838], [77.6361884802707, 13.027835920414942], [77.63613798644029, 13.027843219781836], [77.63583289199303, 13.027924096429414], [77.63561350188633, 13.028016355831184], [77.63521016141789, 13.028185975889592], [77.63513812490025, 13.028215541365705], [77.6348603990602, 13.028329524963183], [77.63455525633553, 13.028405958041887], [77.63438739308575, 13.028445947728017], [77.63427267964407, 13.028473273525272], [77.63380699789381, 13.02858466930661], [77.63366665547593, 13.028629954694829], [77.63361501260688, 13.028646620242403], [77.63348206500353, 13.028715348399299], [77.63345849367113, 13.028687872418075], [77.63319612355005, 13.028382011373058], [77.63308595468055, 13.028253581957355], [77.63301301032448, 13.028168544641533], [77.63295375281332, 13.028086987583698], [77.6327663057121, 13.027828996207035], [77.63272861413401, 13.027770185197364], [77.63272476251326, 13.027764178890724], [77.63273725011548, 13.027758869167174], [77.6326531034181, 13.027631789275665], [77.63260469723396, 13.027600298604044], [77.63247009119772, 13.027447859014826], [77.63230765131735, 13.02721877872551], [77.63197591676746, 13.026614523269721], [77.63196477440232, 13.026584413817947], [77.6318436825413, 13.02625720275324], [77.63155274347804, 13.025510172195165], [77.63154810859986, 13.025491194812547], [77.63146853263221, 13.02528578447566], [77.63130816720987, 13.024739054896635], [77.63135757339082, 13.024716573013748], [77.63135364224487, 13.024701466911688], [77.63120022796623, 13.024112008349357], [77.63117725597643, 13.024023742932423], [77.63104970326832, 13.02340701119373], [77.63093228149609, 13.023051546639802], [77.63073814672866, 13.02269791768208], [77.63073747543557, 13.02268795434035], [77.63068619630914, 13.022568104527368], [77.6305575349111, 13.022440122355565], [77.63042934429595, 13.02235671772341], [77.63019180800957, 13.02225213279772], [77.63007270934007, 13.022168635668983], [77.62996242016338, 13.02205830007555], [77.62993945432981, 13.022036240776144], [77.62991592387992, 13.021960691531845], [77.62988737583885, 13.02184060846289], [77.62984587556689, 13.021355086460863], [77.62987930033272, 13.020891383276478], [77.62939155280243, 13.021025701520458], [77.62894084929322, 13.02104795921657], [77.6285974266404, 13.020980698568016], [77.62859462826373, 13.020715433844444], [77.62846334065976, 13.020239237721484], [77.62832478189607, 13.019073355203327], [77.62811613587576, 13.018102729714197], [77.6278671299807, 13.016725728987836], [77.62776763323367, 13.015842427940239], [77.62768642141326, 13.015602162734211], [77.62748391655802, 13.015064849113882], [77.62732416236828, 13.014838807323427], [77.62705294304683, 13.014463962646621], [77.62692404306071, 13.014267724255934], [77.62682807905107, 13.014141112261427], [77.62627797758482, 13.013281791628978], [77.62614939002889, 13.013075005699458], [77.6258327552881, 13.01256580041465], [77.62564363635329, 13.012624095160735], [77.62501206736849, 13.01286766936074], [77.62519331963246, 13.013317761531988], [77.62487588693607, 13.013461637876457], [77.62463756579952, 13.013602997101275], [77.62437778358397, 13.013776644081725], [77.62424822859579, 13.013895525568172], [77.62405294096222, 13.013983010750955], [77.62380349582776, 13.01410310762937], [77.62345550425442, 13.01418144811739], [77.6231512239786, 13.014270033135649], [77.62262917939287, 13.014382199500446], [77.62197976448627, 13.014477169502156], [77.62213966258447, 13.014821371965713], [77.62245436317335, 13.015526801073488], [77.62277917857058, 13.01625095050282], [77.62311888966028, 13.01713229789917], [77.62332571236298, 13.018094540476017], [77.62344207198939, 13.019180127539892], [77.62345695770843, 13.019709568318], [77.6234097397782, 13.02053182430214], [77.62334180771988, 13.020968717326435], [77.62328403081483, 13.02134029762489], [77.623278914404, 13.021373190286814], [77.62309241175357, 13.022233381276067], [77.62277458841727, 13.023003592303215], [77.62228196266437, 13.023976452203978], [77.6218526864953, 13.024775182921864], [77.62151315989645, 13.025253423937807], [77.6210611257325, 13.025659757370713], [77.62061715256775, 13.025947307281093], [77.61999354951226, 13.02621902936362], [77.62003827359315, 13.02635872461703], [77.62034140008478, 13.027305487944858], [77.6206249258887, 13.028220197574578], [77.62075293511423, 13.029539317825257], [77.62094611062608, 13.03017723590412], [77.62112723592745, 13.030523609039934], [77.6213186426659, 13.030920737340193], [77.62167753983127, 13.031763120529831], [77.62184410812279, 13.03212059092659], [77.62211892839444, 13.032708423815542], [77.62235330322552, 13.03332060721936], [77.62280028753662, 13.034586151741845], [77.6224491525105, 13.03469834929634], [77.62220834998679, 13.034777786154605], [77.62205192648041, 13.034838599540544], [77.62201481367279, 13.034756054488783], [77.62163545852897, 13.034872431479304], [77.62108174517006, 13.035067571189032], [77.6207565668614, 13.035165629793186], [77.62088472651735, 13.035294888933823], [77.62096567408213, 13.03536094928489], [77.62083443309706, 13.035472433642495], [77.62060568404448, 13.035179002905492], [77.62056936735776, 13.035131485211949], [77.62040354822716, 13.03491451705255], [77.62026275097521, 13.034738254143964], [77.6200682747272, 13.03462768654922], [77.61991004034475, 13.034516749745537], [77.61981906437371, 13.034482135015512], [77.61961973246626, 13.034484151842438], [77.61952912811476, 13.034485068520508], [77.61947187626076, 13.034522182128146], [77.61962558412922, 13.034797864622115], [77.61978045715203, 13.035184428806856], [77.61982321205991, 13.035664542192446], [77.6198249869058, 13.0376236634262], [77.62121961096119, 13.037591059508804], [77.62137073287224, 13.038734357806439], [77.62144593584942, 13.039303288331574], [77.62159583354453, 13.03926492819775], [77.62171304862558, 13.039245319986563], [77.62182299985152, 13.039244206258235], [77.62183549719197, 13.03860913379043], [77.6220360072726, 13.038565304628248], [77.62232823393691, 13.038556372767763], [77.62251060232285, 13.038524670022086], [77.62249044720977, 13.038345743539374], [77.62311175147266, 13.038357364848164], [77.62348314151565, 13.038347627176114], [77.62353863831119, 13.038412746359178], [77.62359577185372, 13.038633091241875], [77.62363997032638, 13.03878192100398], [77.62364122939924, 13.03890132628435], [77.62369761010986, 13.039050027910884], [77.62384665003329, 13.039323182027541], [77.62397679327394, 13.03953681972391], [77.62396897651426, 13.039598598082428], [77.62425276255003, 13.040326630165335], [77.62478419423871, 13.041734052174883], [77.62479244738735, 13.041755907041736], [77.62541296344057, 13.04299486319838], [77.62580868252259, 13.04353259568311], [77.62608527293266, 13.043908444977296], [77.62678433802462, 13.044740540966897], [77.6268101474554, 13.044768297634155], [77.62741550759692, 13.045419328461898], [77.62748255002164, 13.045491431430241], [77.62754931677942, 13.045521142575794], [77.62760955177231, 13.0454363290504], [77.62779857408579, 13.045263154110632], [77.62789061769246, 13.045059030002651], [77.62792499742417, 13.044982784056717], [77.62797830920482, 13.044823672781472], [77.6279709496729, 13.044689755107798], [77.6279702980464, 13.044677869687531], [77.6279824980532, 13.044607975440405], [77.62804877807429, 13.044451903195686], [77.62813846935236, 13.044368534216009], [77.6281461942502, 13.044365139299831], [77.62818878683409, 13.044346419929747], [77.62826403995555, 13.044313344416594], [77.62836410719429, 13.044293301109812], [77.62844162959776, 13.044282999036044], [77.62849125867218, 13.044269185125817], [77.62851258402178, 13.044263246798987], [77.62853422584304, 13.044242836844875], [77.6286544911255, 13.044129396974395], [77.62867586225602, 13.04410301830585], [77.62869736548103, 13.044067042797275], [77.62870446989255, 13.044055159531506], [77.62870437000126, 13.044045708438354], [77.62870373252696, 13.043985394415278], [77.62869989319589, 13.04392834842384], [77.62864760604603, 13.043878136123293], [77.62849128567338, 13.043778239463457], [77.62835753896954, 13.043671771889029], [77.62828866540282, 13.043596223234152], [77.62823869096587, 13.04354140350735], [77.62822190633507, 13.043522991241378], [77.62811140841569, 13.043338101008006], [77.62810737057258, 13.043262027883161], [77.62811653554783, 13.043211193581204], [77.6281614815214, 13.043179022658128], [77.6282484748266, 13.043146424649887], [77.62840482533902, 13.043065285689137], [77.62844793343282, 13.04304291391338], [77.62849924615666, 13.043001163718039], [77.6285405227285, 13.04292780337055], [77.6285560902772, 13.042870557912716], [77.62855455562013, 13.042841632053287], [77.62855205235962, 13.042794487129287], [77.6285447137146, 13.04271210375462], [77.62851682898636, 13.042522102870786], [77.62854776306138, 13.04238858952264], [77.62855345970674, 13.042315590600705], [77.62858553778231, 13.042289891843637], [77.62862754910681, 13.042286294347619], [77.62876056013414, 13.042322999078829], [77.62885475767256, 13.042360098042197], [77.62891971342327, 13.04238481105775], [77.62900477974414, 13.042475916968021], [77.6291772389223, 13.042572478713582], [77.62918926325612, 13.042573478213063], [77.62924522727944, 13.042578129408449], [77.62929697551766, 13.042577603608203], [77.62932918526846, 13.042564591034893], [77.62937079672838, 13.042522941595694], [77.62939953812405, 13.042487762104608], [77.62944394509391, 13.042404855317642], [77.62950415873803, 13.04228690277881], [77.62960065135678, 13.042235178781182], [77.62967490818276, 13.042221738899801], [77.62974282939317, 13.042221048672696], [77.62987651096493, 13.042321174745902], [77.62993846541632, 13.042368117822296], [77.62998091486803, 13.042405739947469], [77.63001389334781, 13.042465662777792], [77.63007585019426, 13.042512603472545], [77.6301995604261, 13.04258746010088], [77.63031319848999, 13.042627533928538], [77.63032219523036, 13.042629093762281], [77.6303650496559, 13.04263652140726], [77.63045244475136, 13.042641974505297], [77.63057228190137, 13.042656612314397], [77.6307915480513, 13.04259095680023], [77.63090111163359, 13.042551787048087], [77.63096896577485, 13.04254475336888], [77.63101097938916, 13.042541155459846], [77.6310402907292, 13.04255988419676], [77.63107037119642, 13.042651548344267], [77.63118555476402, 13.042837492498943], [77.63130773147596, 13.042991667302053], [77.63131017484534, 13.042994748439932], [77.63132683441145, 13.04300845998075], [77.63135463424926, 13.042999583211584], [77.6313715868608, 13.042994170192554], [77.63144257649324, 13.04297759226362], [77.63166207500457, 13.042934131128725], [77.63167484459532, 13.042934001258502], [77.6316911851427, 13.042933835069753], [77.63173322997389, 13.042933407455235], [77.63175907289205, 13.042929973878465], [77.63177743160684, 13.042925920290054], [77.6318042530914, 13.042919999832984], [77.63181941223797, 13.042902928104048], [77.63182982520827, 13.042891196151038], [77.63182321377144, 13.042851782949041], [77.63182292167346, 13.042850037503467], [77.631823608237, 13.04284648280782], [77.63183448099758, 13.04279014537041], [77.63183518768749, 13.04278648639767], [77.63186395991458, 13.042754479428284], [77.63195293625812, 13.042656347695926], [77.6320058673612, 13.042597970507293], [77.63205260549485, 13.042546418696547], [77.6320943170774, 13.042514282411368], [77.63229723754415, 13.04222480046855], [77.63249694736952, 13.041991508554018], [77.63281668042475, 13.041955218591813], [77.63315185982417, 13.041786622368518], [77.63327122119816, 13.042341734408854], [77.63342791763803, 13.042340981640368], [77.63355383088906, 13.042354494687167], [77.63373491825841, 13.042352651670624], [77.63383552260255, 13.042351627715265], [77.63402646525765, 13.042329956713052], [77.63418738133207, 13.042323385680833], [77.63433776547038, 13.042272531495284], [77.63453295296753, 13.042176828522843], [77.63460793483812, 13.042131674872728], [77.63473212411132, 13.041982438306977], [77.63479668072577, 13.041902861922559], [77.6349311152971, 13.041788012820138], [77.63496952205102, 13.041602935271284], [77.63501092679995, 13.041483989350224], [77.63514268484035, 13.041322256338796], [77.63521751194443, 13.041262305090225], [77.63530271193162, 13.041231844006743], [77.63537271705961, 13.041191671594053], [77.63549318076606, 13.041165782057892], [77.63561841408843, 13.041115183425184], [77.63572300362088, 13.041015471741598], [77.63575737670904, 13.040936202617434], [77.63575166890051, 13.040872140757951], [77.63578609661108, 13.040797806409453], [77.63585091388364, 13.04074288999615], [77.63592610641693, 13.040717461381487], [77.63602655551199, 13.040701641533293], [77.63614256284086, 13.040730053390776], [77.63623897163045, 13.040807988061347], [77.63631012627877, 13.0408763185356], [77.63643121685837, 13.040909611476664], [77.6365299012807, 13.040950968091908], [77.63660046490891, 13.040984666991031], [77.6366667783261, 13.04103131410407], [77.63671133683502, 13.041095391736532], [77.63673875775397, 13.041198363392473], [77.63673989761206, 13.04130590445689], [77.636723715111, 13.041435132549541], [77.63670291763353, 13.04154289712835], [77.63665602375752, 13.041672438132649], [77.63658330463271, 13.041849564976873], [77.63655798329586, 13.041944468402624], [77.63655048356063, 13.042065004748943], [77.636569677711, 13.042219684592526], [77.63658873041429, 13.042361460935828], [77.6366808061539, 13.042510543775691]]]]}}, {"type": "Feature", "properties": {"Ward_No": 81, "Ward_Name": "Vignananagar", "Zone": "Mahadevapura", "Risk_Score": 0.3284, "Alert_Level": "GREEN", "Severity_Band": "low", "Priority_Rank": 31, "Pop_Density_per_km2": 4320.6, "Green_Cover_Pct": 54.7, "Water_Stress_Index": 24.2, "Heat_Intensity_Index": 55.5}, "geometry": {"type": "MultiPolygon", "coordinates": [[[[77.68849043065659, 12.992071853786634], [77.68856636128027, 12.992034884277217], [77.68876881379046, 12.991909800238417], [77.68925342324265, 12.9917817967379], [77.68976954751756, 12.99166883575161], [77.69027148762501, 12.991694382985344], [77.6908192896941, 12.991611840562152], [77.69133458406625, 12.9914220204868], [77.69188089831988, 12.991201129342237], [77.69220808934388, 12.991013257416622], [77.69276891289059, 12.990684600967196], [77.69358070538374, 12.990368715238086], [77.69419136966937, 12.990300888780812], [77.69448969507117, 12.990343914624669], [77.69481920433255, 12.990371242252527], [77.69546105145338, 12.990287715024097], [77.69583625885684, 12.990191579708355], [77.69589347968888, 12.986778094468143], [77.69584007213838, 12.984733990186356], [77.69563985712396, 12.982704756818878], [77.69557831913193, 12.982414099815463], [77.69553659751183, 12.982295548258586], [77.69553242777368, 12.982285885441074], [77.69544289190067, 12.982078373011541], [77.69544119396754, 12.982074433728528], [77.69526367123171, 12.981739147977438], [77.6951928305477, 12.981545539229932], [77.69516354240962, 12.981431210957618], [77.69514216404288, 12.981347755085327], [77.69509158555135, 12.98115790460461], [77.69485385472036, 12.981239692659337], [77.69452715465978, 12.98132240526919], [77.6944023087979, 12.981371293389136], [77.69433841730702, 12.981447312574883], [77.69428382647845, 12.981521801505606], [77.6937210358532, 12.981573672762558], [77.69345719539442, 12.9814881760753], [77.69315494470958, 12.981983717018148], [77.69243903277916, 12.981894425660547], [77.69181055959322, 12.981762576168228], [77.69032246427363, 12.981870224347027], [77.68887884384328, 12.978825843865081], [77.68870033858744, 12.978509550677924], [77.68692749625855, 12.97948272495371], [77.68665786150558, 12.979294640972396], [77.68544002542774, 12.97829257646971], [77.6847270822982, 12.97759275623611], [77.68429561987573, 12.976828536307618], [77.6840850873345, 12.976200395098859], [77.6841116528039, 12.97575428762161], [77.6846871454156, 12.975333261669382], [77.68548617110687, 12.974703180908865], [77.6856963257941, 12.974317579514835], [77.68573063263983, 12.974152079667052], [77.68574202680371, 12.974092980452822], [77.68592065635188, 12.97392598991306], [77.6860992856589, 12.973758999295196], [77.68639767785284, 12.973543584330505], [77.68685064298445, 12.97316142900035], [77.68677594665525, 12.972926277132643], [77.68670935042418, 12.972325362757967], [77.68659642354791, 12.971890070001], [77.68643526112048, 12.97144348090476], [77.68624637409384, 12.97065509022371], [77.68606179443132, 12.970267721658717], [77.6860593882757, 12.970043619475234], [77.68621522711406, 12.969994827663738], [77.68639575603402, 12.970004757658998], [77.6862730815453, 12.969781897625193], [77.68639018336319, 12.969485782968514], [77.68665236248607, 12.969258948185479], [77.6873361066152, 12.969086739851186], [77.68792528055684, 12.969073173338986], [77.68814214196868, 12.96716499267986], [77.68856302171054, 12.966945413552619], [77.68863610276243, 12.966452707782656], [77.6889647979727, 12.962241151500015], [77.68796612987651, 12.962162799280964], [77.68637105675589, 12.96206278585565], [77.68162522257727, 12.96166240088616], [77.68186687274827, 12.962789127691476], [77.6820995343539, 12.963478988162855], [77.68215136804373, 12.96411179744332], [77.68169270773305, 12.964174775580613], [77.68109017671354, 12.964246004468253], [77.68067946713855, 12.96427624390104], [77.68039498412087, 12.964331188235482], [77.6795437565851, 12.964704065771432], [77.6790888687974, 12.964942822379568], [77.67852743202936, 12.965137157595247], [77.67809425785528, 12.964927053132637], [77.67756786170793, 12.964678892633144], [77.67734869273336, 12.96464213566939], [77.67665397776047, 12.964772820296561], [77.67621025844883, 12.964816396534346], [77.67566668857621, 12.964821986615348], [77.67515612310399, 12.964814232170493], [77.6744192047718, 12.964717777045966], [77.67392120241261, 12.964644870566216], [77.67372847744419, 12.964601337807776], [77.67355931609588, 12.964620668352989], [77.67356870286892, 12.964768064139523], [77.67359885896583, 12.965214067673314], [77.67360036584087, 12.965903634293989], [77.67357419460782, 12.966378946764127], [77.67356433981548, 12.966919220698394], [77.67354114266793, 12.96712441858942], [77.67347461044575, 12.967295582362626], [77.67275228207447, 12.96700186567252], [77.67266336414748, 12.967090916992262], [77.67160516254282, 12.967304506975793], [77.67108519112641, 12.96742442939656], [77.67002717594698, 12.967655638670532], [77.66975948315333, 12.966151193355845], [77.67028928758384, 12.966110499789142], [77.67026022036664, 12.965070745970502], [77.66866733299943, 12.964866736778376], [77.66852565855474, 12.965908243244003], [77.66806821112046, 12.965992261435682], [77.66739631843406, 12.966193058744805], [77.66693007420726, 12.96629479246184], [77.6665876327719, 12.965364015220288], [77.66657770811312, 12.965275978679006], [77.6664714716286, 12.96542690313891], [77.66597050109897, 12.96564357452811], [77.66555115645521, 12.96592991999408], [77.6654908801643, 12.966177329892215], [77.66548611862021, 12.96657400920052], [77.66551319841781, 12.967428694911979], [77.66556094600126, 12.967692627554948], [77.66549954304013, 12.967834278915282], [77.66556535856287, 12.968106840009364], [77.66541334436461, 12.968178911005833], [77.66547158008977, 12.968583758400891], [77.66573643401566, 12.969823824124775], [77.66590833125105, 12.970773976987411], [77.66604052503457, 12.971371976486044], [77.66603960348606, 12.971514291599982], [77.66608262328442, 12.971510330720275], [77.66612568530739, 12.971509889287898], [77.66617614505894, 12.971530489020681], [77.66623415965623, 12.97158620553528], [77.66635169307197, 12.97174074516708], [77.66635412619642, 12.971741585161418], [77.66643142708725, 12.97182994382321], [77.666552975367, 12.97246746900825], [77.6668233372895, 12.972564578649605], [77.66699136803823, 12.972637416001588], [77.66699232195192, 12.972726878817191], [77.66697854913318, 12.972861228960479], [77.66682842453734, 12.97304171141409], [77.66667461924415, 12.973127585500885], [77.66668137910804, 12.973145631334061], [77.6666831922323, 12.973150469350488], [77.66673824697465, 12.973297443938081], [77.66678335764375, 12.973431830853942], [77.66681076019881, 12.97357432950281], [77.66682839030788, 12.973679648111746], [77.66686086516972, 12.97387365802802], [77.6669132813606, 12.974238004356302], [77.66691671414648, 12.974262263752138], [77.66692202635348, 12.97429978785097], [77.66692244925801, 12.974339445811642], [77.66691950175854, 12.97436644409215], [77.66691805339549, 12.974382323866266], [77.66691172098129, 12.97439508074895], [77.66689733003021, 12.974411090953446], [77.66687810815652, 12.974428739509094], [77.66683943980387, 12.974443416837689], [77.66675071696616, 12.974450131573777], [77.66674245823768, 12.974450755125252], [77.66663897274887, 12.974454989405574], [77.6666212137886, 12.974458344513089], [77.66661919552436, 12.974460365671227], [77.66661481134098, 12.974464756140733], [77.66661007716269, 12.974475910136658], [77.66658610625394, 12.974753454462828], [77.6665841584416, 12.974776016042085], [77.66655497322247, 12.97507298477846], [77.66651145160309, 12.975328941940417], [77.66650930582905, 12.975341563377942], [77.66650949189355, 12.975359012885152], [77.66653397474978, 12.975379383887661], [77.66662659462851, 12.975418096304535], [77.66678473580312, 12.97546426338936], [77.66678458342778, 12.975466117401302], [77.66693629787818, 12.975512657884229], [77.66721286259998, 12.97555776721912], [77.6673046734705, 12.975565722216881], [77.66735371700254, 12.975569971625863], [77.66747480809892, 12.975580461510159], [77.66752894727232, 12.975577822356591], [77.66784927815901, 12.975562211493719], [77.667914586918, 12.975559029808432], [77.66795857838648, 12.975552149188381], [77.66826198903105, 12.975504697184329], [77.66853624880063, 12.975461542635562], [77.66879887148252, 12.975420216322032], [77.6689335709752, 12.975376528071221], [77.66914302972927, 12.975287158024646], [77.6692112662734, 12.975258041796854], [77.66944186971519, 12.975177434560159], [77.66988457915497, 12.9750226791242], [77.67046018411305, 12.974804490899043], [77.6706493355511, 12.974732791306412], [77.67103635683779, 12.974618821043222], [77.67124627136968, 12.974558589045662], [77.67140334100058, 12.974513518155412], [77.67236054136949, 12.974201903248023], [77.67281906781454, 12.974042563706806], [77.67328886601192, 12.973879300943718], [77.67348141714452, 12.973822263870764], [77.67387081851874, 12.973706917115875], [77.6740666756684, 12.973641300389426], [77.67443533168529, 12.973517789768833], [77.67458834235867, 12.973472148375008], [77.67495397458048, 12.973375314641617], [77.67554789106269, 12.973246520538455], [77.6758462837461, 12.973198529267849], [77.67597558676958, 12.9731777307968], [77.6763006689144, 12.973094948019265], [77.67667285810394, 12.973017785416586], [77.6776839167997, 12.972808167178433], [77.67810406665184, 12.972742442124098], [77.67812214746048, 12.972807065670972], [77.67818619922156, 12.973032594910778], [77.67819178134764, 12.973031753433075], [77.67821934738299, 12.973192023042934], [77.67823507183603, 12.973283451338856], [77.67826077142846, 12.973357501389964], [77.67840375002658, 12.973769496080655], [77.6787342261067, 12.974748471090814], [77.67930005040077, 12.976267382451715], [77.6793057624091, 12.97629824370487], [77.67932589177154, 12.976406968968], [77.67932343952586, 12.976502504330782], [77.67931420946226, 12.976615163017305], [77.67926416282756, 12.976813518968445], [77.67926343983733, 12.977011674188704], [77.67926329853503, 12.97705042407926], [77.67926327975053, 12.97705571330115], [77.67928132285557, 12.97731920171029], [77.67929121104044, 12.977463596418612], [77.67930039223172, 12.977597688621069], [77.67933355199685, 12.978095359588947], [77.67937945180135, 12.97848374680737], [77.67942740418638, 12.97873908234537], [77.67957723335891, 12.979412923684334], [77.67964276121263, 12.979685131378465], [77.67968449551749, 12.979910084853502], [77.67980355725983, 12.980551847401646], [77.67980887824258, 12.980580524873265], [77.67981896360229, 12.98062533481595], [77.67985635651107, 12.980791520017444], [77.67993949459367, 12.981084012838364], [77.6801051793142, 12.981614428221008], [77.68025757780295, 12.982130900985382], [77.68034701170218, 12.982433996787956], [77.68037607690773, 12.982549671597514], [77.68039108523799, 12.982628227715761], [77.68039818854882, 12.982665420432392], [77.68040258100193, 12.982750649333452], [77.68037041714265, 12.982848711205028], [77.6803621642754, 12.982873863101837], [77.68030269040202, 12.982967144273598], [77.68025270204564, 12.983045545168622], [77.68014485784231, 12.983206491409916], [77.68008807658487, 12.983301060684866], [77.68006308247499, 12.983342691714855], [77.67997181136417, 12.983466224131215], [77.67988019702337, 12.983557977362384], [77.67981103160413, 12.983634207839033], [77.67980830288296, 12.98363924286096], [77.67980715952898, 12.983664129485138], [77.67907529507707, 12.984032703587525], [77.67862847578316, 12.98414012578977], [77.67848722634082, 12.984300481664592], [77.67820292153972, 12.984452964308122], [77.67792854795552, 12.984642732964991], [77.67758746176695, 12.984833188896848], [77.6770186513039, 12.98511946128081], [77.67650751889703, 12.985451872575807], [77.67570255030874, 12.98593686175391], [77.67488814492128, 12.986431293904348], [77.67448137151165, 12.986623785066863], [77.67426967822416, 12.986753694568584], [77.6741416559997, 12.986922582825267], [77.67466419318241, 12.986934095254986], [77.6760021247232, 12.987477433087923], [77.67583756251271, 12.988574151045528], [77.67585258376388, 12.989976393803245], [77.6758452655605, 12.99012076487164], [77.6756779618672, 12.99012263875632], [77.67574180581927, 12.99066572281432], [77.67579120104158, 12.99106353834446], [77.67547700512227, 12.991224840497562], [77.6755638602638, 12.991508459904741], [77.67602029021867, 12.991383628820309], [77.67628374313743, 12.991302753383614], [77.67662963733714, 12.992567173918381], [77.67635278498476, 12.992648201898994], [77.6759139184462, 12.992650934555394], [77.67587795551526, 12.992686950046172], [77.67587855569296, 12.992742960933656], [77.67586395804452, 12.992834773340412], [77.67580334221735, 12.99299325961779], [77.67578388413806, 12.993115674565223], [77.67581153549402, 12.993273251307679], [77.675860068282, 12.993440797782627], [77.6759604666329, 12.993602717287454], [77.67619176613604, 12.993865132214827], [77.67650177209265, 12.994203120124647], [77.67674881400941, 12.994480651747635], [77.67697617832113, 12.994860230408804], [77.67712391111476, 12.995077675873368], [77.67726361255475, 12.995030405603496], [77.67755350578418, 12.99492492886047], [77.67759540908261, 12.994926053144422], [77.67782228878896, 12.994871967801169], [77.67799318640628, 12.994857712272793], [77.6782551712157, 12.99485322695207], [77.67860954673179, 12.994810311783061], [77.67909998197561, 12.994728522777654], [77.67957859984831, 12.994732506016236], [77.68039429746891, 12.994777619736187], [77.68066744855625, 12.99479621254435], [77.68121181529997, 12.994822712033761], [77.6819880241413, 12.994865369973404], [77.68212821030127, 12.994914298153978], [77.68212799863613, 12.995005460048512], [77.6822779532149, 12.994996004030323], [77.682963223156, 12.995029510625638], [77.68299869153593, 12.995107329852019], [77.6830424380508, 12.99516455271997], [77.6830666232672, 12.995225825955515], [77.68307987035115, 12.995364109812854], [77.68308457687313, 12.995437119783473], [77.68307739733692, 12.995498714825597], [77.68307797577933, 12.995552540167571], [77.68308259730425, 12.995617859174887], [77.68308734514889, 12.995694712323772], [77.6831038964277, 12.9957752894096], [77.68314046359954, 12.995894107271043], [77.68318850133652, 12.995985892071545], [77.68330368855688, 12.996123126937755], [77.68342242070528, 12.996225714128618], [77.68348564872542, 12.996271204681578], [77.68367306192025, 12.996379603447044], [77.68393559733339, 12.995945223935289], [77.6846132895943, 12.995022482193196], [77.68487825448638, 12.994667352019155], [77.68600717092357, 12.993064048790634], [77.68742991110106, 12.991196740709746], [77.68763605441819, 12.991348871666444], [77.68776993303194, 12.991401317309348], [77.68801060331778, 12.991518722537279], [77.68849043065659, 12.992071853786634]]]]}}, {"type": "Feature", "properties": {"Ward_No": 174, "Ward_Name": "HSR Layout", "Zone": "Bommanahalli", "Risk_Score": 0.3161, "Alert_Level": "GREEN", "Severity_Band": "low", "Priority_Rank": 32, "Pop_Density_per_km2": 3545.7, "Green_Cover_Pct": 56.4, "Water_Stress_Index": 23.1, "Heat_Intensity_Index": 54.1}, "geometry": {"type": "MultiPolygon", "coordinates": [[[[77.6546619129143, 12.897985320334822], [77.65401417935801, 12.897940806168666], [77.65328561765843, 12.897991991596323], [77.6527730164266, 12.898062880689672], [77.65225328533178, 12.898163032127554], [77.65162955827093, 12.898278837447497], [77.6515192817389, 12.898404032562528], [77.65116015009082, 12.898918572376823], [77.6507600548384, 12.899075899336772], [77.649975204942, 12.899434187346003], [77.6492121281758, 12.89974116265992], [77.64913773833705, 12.899741916485631], [77.64885251525129, 12.899503951560053], [77.64869407881895, 12.900001860106364], [77.6485838899325, 12.90084231280454], [77.64857623343302, 12.901528456312215], [77.64851635157171, 12.902200531153989], [77.64855938688112, 12.902754785079521], [77.64873324810652, 12.903530140446948], [77.64879444414274, 12.903822203075642], [77.64840317549572, 12.90382997037911], [77.64799641228873, 12.903837894089515], [77.64797000963937, 12.903906578568138], [77.6475982751362, 12.90392935054807], [77.64750900505241, 12.903915051104558], [77.64751012529344, 12.904021470815046], [77.6472513434973, 12.904100115718638], [77.64689598520746, 12.904206341686278], [77.64669100182296, 12.90424262965936], [77.64634658690268, 12.904284126871293], [77.64612094063546, 12.904339798376231], [77.64581532537993, 12.90441487124397], [77.6453130553134, 12.90453185885453], [77.64478486539585, 12.904652625540864], [77.64425667712429, 12.904773391231728], [77.64378700418645, 12.904864708177067], [77.64315602517645, 12.90500093843051], [77.64240831098819, 12.905224912838628], [77.6419680480529, 12.905315931708332], [77.6416304228959, 12.905377054223518], [77.64113088263151, 12.905425386052483], [77.64063164492991, 12.90550256745248], [77.64027946543968, 12.905578266796729], [77.63961861457604, 12.905671505982944], [77.63911892121241, 12.905705411197996], [77.63894290658926, 12.90575046913829], [77.63866455564096, 12.905854272152112], [77.63810800664197, 12.906076307295292], [77.637609976159, 12.906268894825152], [77.6369805002497, 12.906549371263802], [77.63642364510618, 12.906742550491517], [77.63579461990793, 12.907066305068751], [77.63523768732287, 12.90726987633599], [77.63511604670818, 12.907314337360315], [77.63466913714504, 12.90719394026335], [77.63393478747263, 12.906982758008748], [77.6332627906912, 12.906646041118881], [77.63259406194437, 12.906621552799624], [77.63252748128924, 12.906622223586824], [77.6325499642402, 12.906046719678884], [77.63255821581862, 12.905473352714845], [77.6324678718213, 12.90501283914595], [77.63255634913175, 12.904387395220462], [77.63237779540475, 12.90412352485011], [77.63233377022395, 12.904002785397322], [77.63231408505646, 12.903937732054699], [77.6322525696886, 12.903961657094381], [77.6319621440046, 12.903903990552704], [77.63171795983939, 12.903724677407997], [77.63100380849012, 12.903641175733782], [77.63068200866317, 12.904162094426198], [77.6297619346318, 12.90566723391745], [77.6293723360274, 12.906301175684595], [77.62901429966837, 12.906883755073022], [77.62829108147942, 12.908038556933388], [77.62756001673519, 12.909242617378494], [77.62682868877711, 12.910422088168406], [77.62610165800788, 12.911613807125795], [77.6251444953416, 12.913172591332435], [77.62445819914444, 12.914265542287076], [77.62424486602852, 12.914640633310514], [77.624023260833, 12.915024003776013], [77.62326040659987, 12.916388210516976], [77.62277217985643, 12.91724556558696], [77.62277045595691, 12.917248913267716], [77.62274127214218, 12.91730558670894], [77.62273850605546, 12.91731095926614], [77.6227249690305, 12.917337245542008], [77.62277700021454, 12.917368995044624], [77.6228123309276, 12.91730648490921], [77.6229698001567, 12.917356220722338], [77.62338704124313, 12.917433726820889], [77.62365585502086, 12.917476413529425], [77.62398037653439, 12.917536695191497], [77.62439446881784, 12.917608181053291], [77.62457984758315, 12.917636577678266], [77.62477126701688, 12.91765280850602], [77.62507060746309, 12.917664929086131], [77.62536365428439, 12.917665007674785], [77.62557637867683, 12.917653791060161], [77.62577654509182, 12.917621518110876], [77.62608415795656, 12.917539753922728], [77.62687118871943, 12.91728674128895], [77.62767077785368, 12.91705478260679], [77.62816583792926, 12.916904559717528], [77.62833194811203, 12.916860522857558], [77.62844568969908, 12.916823067834546], [77.62852877640088, 12.916804076399279], [77.62864280280128, 12.91679385098347], [77.62896026752976, 12.916769474722484], [77.62995606371949, 12.91671708430481], [77.63115224467265, 12.916653593512027], [77.63139565326705, 12.916626935523576], [77.6319287030465, 12.916570123203046], [77.63286853422498, 12.91647592360761], [77.63360196803714, 12.916408012237882], [77.63480380500131, 12.91629603330155], [77.63599330343338, 12.916184175879625], [77.63675735600978, 12.916094764541784], [77.6374718668688, 12.915987694227777], [77.6379958174319, 12.915946091746342], [77.63812535738202, 12.915944783046735], [77.63820246370263, 12.915944004036383], [77.63821403355135, 12.916458279287003], [77.63828575557312, 12.917707225035455], [77.63834365072249, 12.919315472074855], [77.63840104293094, 12.919995941389994], [77.63846765236977, 12.92034088889946], [77.63865793165621, 12.920976979564617], [77.63868995140004, 12.92109925578692], [77.63883490859928, 12.921532381561374], [77.63905532916333, 12.921959820371564], [77.63939845730998, 12.922615983732788], [77.63978172515476, 12.923458717049405], [77.63997420329699, 12.923835025230094], [77.64045842457503, 12.923670125449082], [77.64088659310849, 12.923504399827813], [77.64110860977308, 12.923418853549059], [77.6412038610779, 12.923391859930938], [77.64127810462509, 12.923385902629404], [77.64134703909892, 12.923379996726158], [77.64143736696869, 12.92338949671111], [77.64154378149269, 12.923414449332393], [77.64212940945458, 12.923585532183763], [77.64286910566739, 12.92377067349342], [77.64404550677658, 12.924097161217547], [77.64474854919031, 12.924329523609636], [77.6449189758272, 12.924385063816734], [77.64507337278043, 12.924430354531468], [77.64521162797053, 12.924454982771657], [77.64542943341569, 12.924473600925648], [77.64565768767011, 12.924476492894533], [77.64586466028841, 12.924474394516801], [77.64631055524927, 12.92448028511462], [77.64680973877991, 12.92450646043906], [77.64751644348961, 12.924582590944173], [77.64805819248684, 12.924618743788084], [77.64855754288534, 12.924660531700919], [77.64906739677983, 12.924691800190866], [77.64932213145522, 12.924689214184244], [77.64968786915111, 12.924643851333574], [77.65004786512715, 12.924556896777705], [77.65018004448292, 12.924508699051767], [77.6502857979632, 12.924471181445266], [77.65056115437825, 12.924411117633058], [77.65086846282728, 12.924361138471964], [77.65129788872473, 12.924315128861284], [77.6514939147598, 12.924281899561906], [77.65156728839344, 12.924272206204568], [77.65162429814774, 12.924264399749084], [77.65165970471824, 12.924259553344012], [77.65169844912276, 12.924253301585454], [77.65172512928855, 12.924235460879345], [77.65174273207661, 12.924205996254114], [77.65175436106675, 12.9241765946422], [77.65174828706657, 12.92404839615613], [77.65165828359665, 12.923559662804875], [77.65159850443216, 12.92327035197694], [77.65157021657946, 12.92313592901934], [77.6515512248459, 12.923033625256823], [77.65153219984282, 12.922928391631855], [77.6515193008978, 12.922837739805454], [77.6515116290652, 12.922676754118028], [77.6515231556259, 12.922354502821275], [77.65154396166933, 12.92178031074633], [77.65155704853979, 12.92132333784585], [77.65156215435147, 12.921241289063037], [77.65156473933197, 12.92120319107261], [77.65158240148203, 12.921179583964358], [77.65161501947605, 12.921158752810477], [77.65166271934999, 12.921152412482574], [77.65193411952855, 12.921126227598615], [77.65269728781888, 12.921021832067735], [77.65297167204501, 12.920995615821514], [77.65312095918875, 12.920997028683278], [77.65326129037926, 12.92099852786811], [77.65345815110392, 12.920981885061776], [77.65357740038836, 12.920966031109607], [77.6536310095942, 12.920953772292947], [77.65366061425843, 12.920930043673888], [77.65367215247142, 12.920891857013856], [77.65367496457212, 12.920854309487662], [77.65367274662069, 12.920803267611575], [77.6536723985868, 12.920770326732901], [77.65367203313397, 12.920735737075857], [77.65367185913011, 12.920719267792663], [77.65367336359199, 12.920702779133418], [77.6536748878068, 12.920687936916048], [77.65369493235885, 12.920677850973215], [77.65370829535993, 12.920671123927368], [77.65374350559931, 12.920665826044873], [77.65379397373137, 12.920662662612695], [77.65486769305247, 12.920574611358463], [77.65687048875044, 12.91911442887706], [77.66051264079867, 12.916531967976105], [77.66220899451945, 12.91831443129581], [77.66280682142568, 12.92031377016368], [77.66283984252026, 12.920956202440918], [77.66284266233734, 12.921222167112935], [77.66211967767745, 12.921413712453608], [77.66142150446052, 12.921568168831916], [77.6613363478727, 12.921585780963904], [77.66128870480352, 12.921599659504478], [77.66126843637032, 12.92161995647393], [77.66124155607656, 12.921660413483588], [77.66121805151204, 12.921697489615301], [77.66121154371156, 12.92172769259702], [77.6612817282703, 12.92190779908969], [77.66155404169434, 12.922602006080432], [77.66156418111967, 12.922628385257502], [77.661759002719, 12.923135205636218], [77.66197495622178, 12.9238629908143], [77.66226070259346, 12.924734053641252], [77.66249687569031, 12.925690473970166], [77.66283605939947, 12.926492331098235], [77.66327655897116, 12.927533688397672], [77.66339418548986, 12.927758288761366], [77.66348628373616, 12.927858551555742], [77.66356643520838, 12.927976792494228], [77.6635877841154, 12.928107407611533], [77.66369029525245, 12.928170873276827], [77.66395970328549, 12.92798371849118], [77.66422527081772, 12.927981006686363], [77.66453281788401, 12.927977865875913], [77.66471372830112, 12.927976018167223], [77.66484950470053, 12.927983505102182], [77.6649039645583, 12.928000696337797], [77.66498584626598, 12.92804422640161], [77.66513245819998, 12.928220201486555], [77.6652987632334, 12.928546824409157], [77.66558736907453, 12.92931588036673], [77.66577272429043, 12.92981901751759], [77.66578507879956, 12.930022564237817], [77.66579585320902, 12.930072683194398], [77.66584604242455, 12.9302178320206], [77.66589559154667, 12.93030271434532], [77.66592156503589, 12.930337608542755], [77.66593745995662, 12.930387672839888], [77.66603611966099, 12.930562747178437], [77.66609180545451, 12.93069527957586], [77.66616699766975, 12.93074775349109], [77.66627625101415, 12.930813188673815], [77.66644706470966, 12.930890316449384], [77.66665969309398, 12.930966757587912], [77.66703274782147, 12.93105559618003], [77.66748796536956, 12.931064979167209], [77.66804273090241, 12.931014383789348], [77.66835481571242, 12.931022421709619], [77.66875574430401, 12.93104078060306], [77.668867026029, 12.93104503515311], [77.66911578118572, 12.930998292298732], [77.66927303697058, 12.93095336209463], [77.66925736791394, 12.930229857143805], [77.66930823837129, 12.929813067099552], [77.66930211232331, 12.92979283377126], [77.669321752926, 12.92888328068087], [77.6693504505854, 12.928831340437466], [77.66933009692978, 12.92856757330262], [77.66927103449233, 12.927414722774971], [77.66927590716855, 12.927322857495012], [77.66927541906482, 12.927276953617918], [77.66930996783606, 12.927224953545196], [77.66810915392233, 12.924334206680953], [77.66769331995081, 12.92379421349547], [77.66706768312604, 12.922806765075425], [77.6662151692385, 12.922034599486468], [77.66485493751748, 12.920672993617657], [77.66417278045756, 12.919772763107554], [77.66314123914272, 12.918069240129254], [77.66272155325173, 12.918039242142177], [77.6620012541125, 12.91602400631221], [77.66123104690807, 12.915894735492964], [77.6611928362746, 12.915586593791833], [77.66118811697348, 12.91514098915075], [77.66093117375237, 12.913978051577631], [77.66017124500227, 12.911517558259993], [77.65702530672083, 12.91144673497343], [77.65557400451782, 12.906387878941514], [77.65477452012276, 12.903482101621385], [77.65480584381919, 12.90313896948138], [77.65504645568852, 12.90275943490869], [77.65594371841756, 12.901687601224737], [77.6560409503318, 12.901601339414174], [77.65638748113967, 12.90120012873144], [77.65675828904197, 12.900911718034624], [77.65706335985286, 12.900738927767453], [77.65717723105747, 12.900425757389081], [77.65707102444165, 12.90024790351486], [77.6570162552421, 12.899713049881958], [77.65682052815643, 12.89949608439432], [77.65660741724969, 12.899746400277378], [77.65643631786781, 12.899748138920552], [77.65625018788828, 12.899735432415945], [77.65602655267719, 12.899693913615556], [77.65586143132914, 12.899556919360148], [77.65578318793725, 12.899192786384102], [77.65590464581345, 12.898717148471176], [77.65587134488617, 12.89838175444934], [77.65583958702682, 12.8981923154018], [77.65549908689025, 12.898356342403432], [77.65536533919571, 12.898372296252742], [77.65521624832212, 12.898344617178036], [77.65464995986778, 12.898262785528047], [77.6546619129143, 12.897985320334822]]]]}}, {"type": "Feature", "properties": {"Ward_No": 7, "Ward_Name": "Byatarayanapura", "Zone": "Yelahanka", "Risk_Score": 0.3116, "Alert_Level": "GREEN", "Severity_Band": "low", "Priority_Rank": 33, "Pop_Density_per_km2": 3270.8, "Green_Cover_Pct": 57.0, "Water_Stress_Index": 22.7, "Heat_Intensity_Index": 53.6}, "geometry": {"type": "MultiPolygon", "coordinates": [[[[77.60976706184456, 13.06665723278798], [77.60970917426006, 13.06646656210958], [77.60964126575755, 13.065863637853512], [77.60957367501648, 13.065290889417854], [77.60945224231321, 13.064477240067813], [77.60936947284164, 13.063924767958428], [77.60922058846465, 13.063428291418282], [77.60913850245795, 13.06342912031954], [77.60892323888811, 13.0634514125789], [77.60856971995521, 13.063500254012384], [77.60828781216557, 13.063528251128085], [77.60819975030896, 13.06344865612709], [77.60812681601129, 13.063343761785738], [77.60801267910121, 13.063224190233294], [77.60793472243377, 13.063129406995843], [77.6078520554675, 13.063074910927428], [77.60769232510033, 13.063011132058177], [77.60750181637418, 13.062947661351952], [77.60724492779798, 13.062915041769914], [77.60698196073962, 13.062791943363703], [77.60674369150995, 13.06257805328021], [77.60657867511345, 13.062499236179345], [77.6062538258827, 13.062346579575935], [77.60600656561286, 13.06225350308402], [77.60583171309419, 13.062215024343065], [77.60573841638215, 13.062125422861696], [77.60555261463693, 13.062021663302632], [77.60494401543004, 13.061720962536633], [77.60406123812743, 13.061206728713193], [77.60379822126374, 13.061078596679325], [77.6036221546826, 13.06092443472044], [77.60331582762541, 13.060580443997464], [77.6030099230806, 13.060276688308036], [77.60275314246083, 13.06025412308897], [77.60225999779072, 13.060198728063849], [77.60204944187011, 13.060180726953686], [77.60147987141286, 13.0601764002201], [77.60094647512733, 13.060196859544494], [77.60043862333025, 13.060207000208479], [77.60018142133796, 13.060144196717713], [77.60012335621603, 13.059988846958106], [77.59997252127349, 13.05979418821165], [77.59979111896578, 13.059619957915807], [77.59961971235647, 13.059420477830585], [77.59949358558607, 13.059135029763178], [77.5993891867376, 13.05896505485821], [77.59924025227164, 13.058951461784346], [77.59895305817018, 13.058964410277914], [77.59884474182216, 13.058910168612648], [77.59877536468522, 13.058654328761511], [77.5987878097182, 13.058372517133977], [77.59870575192079, 13.0578854186855], [77.59856265536499, 13.057449234250278], [77.59835218711818, 13.056948337765872], [77.59804413425908, 13.056438358786714], [77.59785502888313, 13.056017729095425], [77.59792511466146, 13.055851030023593], [77.59843117040643, 13.055669888917741], [77.59889534274257, 13.055408685783451], [77.59943688607137, 13.05518694632476], [77.59924798795541, 13.05478643460008], [77.5995601427936, 13.054707846659879], [77.60085440631998, 13.054342720322152], [77.6013151250233, 13.054242512570655], [77.60193964144065, 13.054105446189343], [77.60223645552239, 13.054032035328913], [77.60277270573616, 13.053795254685092], [77.60335549188554, 13.05359321180886], [77.60384577744067, 13.053377010806374], [77.60431067620068, 13.053186213713067], [77.60435436974781, 13.052949358220324], [77.60425896959337, 13.05265857302643], [77.60514385293258, 13.052398153629458], [77.60608479571532, 13.052101957081758], [77.60681137814917, 13.051913549147343], [77.60702668517746, 13.051896287890148], [77.60713315287828, 13.051774493078382], [77.60742256504017, 13.051484860031135], [77.60772884237389, 13.051335896811436], [77.60806584818735, 13.051181595464234], [77.6082488949839, 13.051023816292188], [77.60832458008919, 13.050902331607213], [77.60873916979631, 13.0508076054074], [77.60908743526137, 13.050748764066663], [77.60950710167505, 13.050648957580254], [77.60982924234848, 13.050545104399061], [77.61023288341518, 13.050385097961085], [77.61032924670707, 13.050278492607468], [77.61038335327123, 13.05005662279549], [77.61042603741069, 13.04972420526261], [77.61058501950747, 13.049717570374955], [77.61099955061503, 13.049617816017104], [77.61130127615813, 13.049524227908194], [77.6117650895331, 13.04947449000879], [77.61203398447851, 13.04874884057449], [77.61223256954243, 13.047910937089835], [77.6115584582476, 13.047352948631849], [77.61136938787918, 13.046903021586285], [77.6114822191058, 13.046675963556565], [77.61173234430618, 13.046357155581784], [77.61207201995565, 13.045788931107166], [77.61222547205391, 13.045041852071519], [77.61226467274176, 13.044386295097903], [77.61255636568107, 13.043637820386998], [77.61289651369741, 13.043114775196123], [77.6133528088483, 13.042680925271009], [77.61367383745419, 13.042135197225509], [77.61356573890937, 13.042162855572778], [77.61356450577033, 13.0421631339934], [77.6133305455523, 13.042215708945845], [77.61291000455556, 13.042320978872429], [77.61249002538665, 13.042426108364722], [77.61226615889174, 13.042476045754972], [77.61199488075266, 13.04253655670521], [77.61197201852919, 13.04241011103043], [77.61173796587919, 13.041321149581385], [77.61171834635572, 13.04122987122215], [77.61171779000966, 13.041226759244323], [77.61167558689596, 13.040991719029437], [77.61165316725611, 13.040924466048844], [77.61156926388425, 13.04067280159505], [77.61151051284449, 13.040496575109987], [77.61144602208921, 13.04032657925125], [77.61138876830582, 13.040175666886503], [77.61137396000957, 13.040136638234033], [77.61131829259169, 13.03999639244499], [77.61128146077506, 13.039941311129331], [77.6112494699432, 13.039893473080761], [77.61099745382022, 13.039569567827256], [77.61095505372397, 13.039499960687802], [77.6108526982933, 13.039331921500763], [77.61071016784992, 13.039112518743657], [77.61065483559769, 13.039004150656618], [77.61050165000252, 13.038702858718153], [77.61046669197631, 13.038634103803455], [77.6104142946855, 13.038530484179395], [77.61033274565114, 13.038369219336804], [77.61030896798525, 13.03832220024843], [77.61029308639552, 13.038286512672572], [77.6102930211359, 13.038286363001474], [77.61026217357679, 13.0382170462156], [77.61026010802708, 13.038212402214123], [77.61026051087191, 13.038207180572385], [77.61025838616278, 13.038202518665384], [77.61025666465856, 13.038198740791056], [77.61022999239874, 13.038264352073327], [77.61013122522787, 13.038507317909483], [77.61002838628121, 13.03871855676432], [77.60999217007551, 13.038792953306112], [77.60994583523083, 13.03888813023843], [77.60985232324005, 13.039035297218454], [77.60972530199157, 13.039235192945307], [77.60947751287149, 13.039540347968885], [77.60947728224693, 13.039540849849748], [77.60947633684725, 13.039541798360958], [77.60947184780997, 13.039546288739984], [77.60902977146667, 13.039988728647208], [77.60858727792333, 13.040315712387628], [77.60856186199496, 13.040334493757786], [77.60850959902999, 13.040361779136896], [77.60821365161449, 13.040516291480548], [77.60806598625224, 13.040593386017814], [77.60778892515158, 13.040693367022577], [77.6076770882327, 13.04073372294357], [77.6071008659104, 13.04087935086551], [77.60706802262631, 13.040887649181807], [77.60696268954553, 13.040897223520384], [77.6067398064284, 13.040917482676086], [77.60651585745615, 13.040938684423788], [77.60520421360467, 13.040978374792461], [77.60520542459949, 13.04098386466962], [77.60424758481668, 13.041011426582306], [77.6024128585041, 13.041064111508021], [77.60107422569878, 13.041104461864652], [77.5994015066467, 13.04115060808568], [77.59798560168517, 13.041194160998899], [77.59743027876738, 13.04120881276251], [77.59678900598021, 13.041225729640006], [77.5954568759061, 13.041261940860094], [77.5952209772891, 13.041268351620149], [77.59502639524656, 13.041260522068075], [77.59478934656725, 13.041245786636711], [77.59471733172666, 13.041236813489355], [77.59458959979183, 13.041220896255865], [77.59418756217015, 13.041166251286961], [77.59377307973406, 13.041114172685717], [77.59358829177917, 13.04108913388298], [77.5935009876502, 13.041081863168008], [77.59343106029569, 13.041076039552909], [77.59314661438962, 13.041059330598742], [77.59300195128085, 13.041056649427635], [77.5928897225926, 13.041054570647931], [77.59269025612312, 13.041056568997313], [77.59228429986977, 13.041104643280931], [77.59213988815695, 13.04112564667038], [77.59197346551174, 13.041158901548691], [77.59192090712915, 13.041169402985496], [77.59183448159519, 13.041189187136732], [77.59137361955045, 13.041294679062522], [77.59100783716521, 13.041369244594078], [77.59075158112788, 13.041425596266293], [77.59022416065987, 13.041543337362357], [77.58995301166215, 13.041599187472285], [77.5899383798984, 13.041602201764503], [77.5900044659917, 13.041850570031826], [77.59014077371931, 13.042307186709802], [77.59016488337507, 13.042369381459416], [77.5902258096475, 13.04252655012189], [77.59026033486631, 13.04263208634616], [77.5903308696583, 13.042826214287379], [77.59043846436424, 13.043122337545908], [77.59045256994524, 13.043175929362908], [77.59059416136078, 13.043664480772815], [77.59063395160315, 13.044250316476365], [77.59070862884782, 13.044951398266399], [77.59082403400213, 13.045519963313794], [77.59106557789653, 13.046070749282245], [77.59146987410426, 13.046884126535836], [77.59172732077667, 13.047343926606457], [77.59215413304433, 13.048166061544284], [77.59193973502484, 13.048370099966775], [77.59117184490488, 13.048597036354803], [77.59032713697027, 13.048605496915322], [77.58970602684361, 13.048611716170154], [77.58861439613511, 13.048768804661783], [77.58754912907247, 13.049071786614313], [77.58626177694816, 13.049523147079599], [77.58502410670795, 13.049974003065229], [77.58503065037738, 13.050193355020307], [77.585050818842, 13.050313701035323], [77.58505187939222, 13.050415689401948], [77.58494891285869, 13.050518717525629], [77.58476082949389, 13.050622598625214], [77.58459175979218, 13.050735559292512], [77.58464174332569, 13.05099469672602], [77.58473013341492, 13.051309086924915], [77.5851374600578, 13.052278651994593], [77.58520529918772, 13.052435609379694], [77.58373093174227, 13.053451800459525], [77.58357905743603, 13.053122474414108], [77.58351665170588, 13.053155907294645], [77.58235450577881, 13.053703442755154], [77.58193796058283, 13.05426789021226], [77.58318018527474, 13.05664279319823], [77.58353181727396, 13.057004682972178], [77.58662353398543, 13.05563395310132], [77.58719345282375, 13.05548208888555], [77.58735854723167, 13.0568617541902], [77.58877975356113, 13.056710458348093], [77.58894130982495, 13.057737104341031], [77.5886833892137, 13.057782504086587], [77.58854569758894, 13.057806876721791], [77.58793025735281, 13.057915810183287], [77.58773362351893, 13.059060818015602], [77.58740281788597, 13.06088811285127], [77.58709893878591, 13.062247450210455], [77.58708846416938, 13.062345962055891], [77.58389962363032, 13.064692972757971], [77.58128026645863, 13.066665562349094], [77.58211569257304, 13.067217643904279], [77.58331433510887, 13.067968369432162], [77.5840418062528, 13.068501954225196], [77.5850923150697, 13.069207294070107], [77.58628776537199, 13.070007960568557], [77.5869025189275, 13.070497969103286], [77.58771116655375, 13.0713807058583], [77.58838849265227, 13.072354965670984], [77.58877598829874, 13.07311224041886], [77.58916478083972, 13.07399354050253], [77.58950680166032, 13.07480201176612], [77.58996068418806, 13.075857440850717], [77.5900242853663, 13.076074403466212], [77.59003930988206, 13.076069048962552], [77.59025581452327, 13.076577877230047], [77.59045008386816, 13.07704421115339], [77.59065379238284, 13.077523309131912], [77.5907716986508, 13.077800610352666], [77.5911995628374, 13.078824525599375], [77.59165974375888, 13.079898746348082], [77.59213253941134, 13.0810390513922], [77.59256017268567, 13.082039596179518], [77.59295144738496, 13.082982086465968], [77.59337499367992, 13.083970985517622], [77.59343951879836, 13.084121622706633], [77.59350394497285, 13.08429842763016], [77.59365077197019, 13.084696546482464], [77.59412963202523, 13.08462384282231], [77.59415628954483, 13.084623329631508], [77.5942052696195, 13.08460531091544], [77.59427645744087, 13.084573923063303], [77.59449259872855, 13.084512598037822], [77.59515422915719, 13.084308772735389], [77.59576194923669, 13.084079198997486], [77.59602699809379, 13.083993281670002], [77.59659987974699, 13.083851690036225], [77.59719519980534, 13.083718632157488], [77.5973848242818, 13.083686053658516], [77.59787858836324, 13.083672319508281], [77.59821822963288, 13.08366670705458], [77.5983264689295, 13.08366361652145], [77.59833664165157, 13.083663326743821], [77.59870243489526, 13.083593918511735], [77.59940692698251, 13.083429084317391], [77.59973449919086, 13.083338153241968], [77.59995079801332, 13.0832921584295], [77.60048660514863, 13.083238563118378], [77.60135502536187, 13.083148751533912], [77.60156485119246, 13.083124727214374], [77.60225154155808, 13.083031076381657], [77.6023169587364, 13.083337972570053], [77.60241396521238, 13.083797058339098], [77.60258665946893, 13.084597107448424], [77.60270564906611, 13.085366743998982], [77.60274826378583, 13.085543864860815], [77.60285081452167, 13.085970120014666], [77.60287396276267, 13.085937838509675], [77.60343495825411, 13.085155552348311], [77.60464967371966, 13.084227811033704], [77.60754908033691, 13.081675877537684], [77.60757689360597, 13.080373582353948], [77.60767786766571, 13.080108089293994], [77.60775787776554, 13.079822467372844], [77.60773498662257, 13.079619259472816], [77.60762823808832, 13.079335522210252], [77.60741787609845, 13.079234496268437], [77.60740339161907, 13.079236874406456], [77.60737092559684, 13.07921194709595], [77.60715877398553, 13.079049058877828], [77.60661528601801, 13.078436114680338], [77.60642869214402, 13.077996498193079], [77.60600639748773, 13.077022796012834], [77.60567777320821, 13.076707214001997], [77.60521747450669, 13.076244136512567], [77.60483788888234, 13.07520622094853], [77.60441427280966, 13.074104969317325], [77.60411741882821, 13.072683533394562], [77.60381534964465, 13.071502095818145], [77.60368940014395, 13.070871639116513], [77.6035147416491, 13.070148087273399], [77.60346038776302, 13.069516908429028], [77.6034262925175, 13.068821156458078], [77.60580287839713, 13.06796804539757], [77.60810341323467, 13.067194152630677], [77.6082192962561, 13.067139067621337], [77.6091832776392, 13.066824872334788], [77.60963780765536, 13.066671224008331], [77.60968295795539, 13.066658082438593], [77.60970236690865, 13.066657886364132], [77.60973471437704, 13.066657559578076], [77.60976706184456, 13.06665723278798]]]]}}, {"type": "Feature", "properties": {"Ward_No": 12, "Ward_Name": "Shettyhalli", "Zone": "Dasarahalli", "Risk_Score": 0.3098, "Alert_Level": "GREEN", "Severity_Band": "low", "Priority_Rank": 34, "Pop_Density_per_km2": 3156.0, "Green_Cover_Pct": 57.3, "Water_Stress_Index": 22.5, "Heat_Intensity_Index": 53.3}, "geometry": {"type": "MultiPolygon", "coordinates": [[[[77.52514294817013, 13.08564830031532], [77.525339795245, 13.085521775910259], [77.52597322913867, 13.085531607765965], [77.52610568562898, 13.085547227329158], [77.52639768663344, 13.08541468216139], [77.52709539429954, 13.08501879605234], [77.52737635025139, 13.084931466363905], [77.52747993254516, 13.084936090476843], [77.52759501837738, 13.084940601850343], [77.52768123273871, 13.0849341184007], [77.5277383433448, 13.084894089490131], [77.52781800112562, 13.08480873146479], [77.52787309972955, 13.084571377639143], [77.5279437369327, 13.084447579939951], [77.52794220400774, 13.084297236617733], [77.52782676987854, 13.084007672595924], [77.52816372722364, 13.08373445061796], [77.52828325760544, 13.08383012451876], [77.52845162251224, 13.08349162162113], [77.52971821689447, 13.082502432908493], [77.53020480899741, 13.081970891878688], [77.53078743955705, 13.081236875594758], [77.53095764608358, 13.080326070829651], [77.53108716532974, 13.078359890573903], [77.53135608159153, 13.075395228300946], [77.53122087119885, 13.07387155116726], [77.53138748898621, 13.072608856349769], [77.53162200431271, 13.072137324685537], [77.53138409473534, 13.071840323823379], [77.53089167141046, 13.071742247815896], [77.53041494078808, 13.0717721970024], [77.53009329122182, 13.071838543406326], [77.52978453855101, 13.07190476309792], [77.52973165075386, 13.071493109081015], [77.52973218485049, 13.071444820083206], [77.52971046317228, 13.071140030529035], [77.52970695630303, 13.070795965549165], [77.52974878869679, 13.069943121537987], [77.5297751939245, 13.069663931390478], [77.52988524900042, 13.069243152863203], [77.52992367839386, 13.068856906450122], [77.52999537271218, 13.068696952912452], [77.53018470054795, 13.068487857107344], [77.53038828547334, 13.068307946601912], [77.53086782103358, 13.067808601661904], [77.53125048029075, 13.067392321990342], [77.53170446768172, 13.066930373588376], [77.53209705364044, 13.066510087064213], [77.532584580533, 13.066012616128216], [77.53275238637691, 13.065844786038351], [77.53282750494104, 13.065779531823527], [77.53287530266071, 13.06577319776133], [77.53302103527614, 13.06578740866533], [77.53314918787099, 13.065801042483223], [77.53351983433994, 13.065806546224522], [77.53380508928099, 13.065803457318111], [77.53380746287652, 13.065840234244364], [77.53407074734147, 13.065843517393764], [77.53424084315479, 13.065313967019954], [77.53438946087596, 13.064829594285955], [77.53452031473357, 13.064558504314338], [77.53459768316146, 13.06432313173234], [77.53473515554626, 13.06391903032322], [77.53512171170372, 13.063304913854099], [77.53478400152042, 13.062457744962423], [77.53450552183307, 13.061551342033868], [77.53416512463882, 13.060440254441945], [77.5339207500159, 13.0599440909226], [77.5341857626572, 13.059530917387123], [77.53450850585632, 13.058911886589698], [77.53498020198923, 13.058232740359736], [77.53541173038055, 13.057615056852061], [77.53512098610791, 13.057535387167071], [77.53486238361612, 13.057464523937623], [77.53486998309442, 13.057343178301617], [77.5349483471508, 13.057229800487852], [77.53510684251758, 13.057176273572871], [77.53514951366246, 13.057028596528225], [77.53513034291173, 13.056881528251992], [77.53513785154594, 13.056751519481724], [77.53517999242843, 13.056551874977442], [77.53519562831734, 13.056352490392998], [77.53515834506365, 13.05616228646719], [77.53512159443419, 13.05602404997149], [77.53509394080449, 13.055911714066202], [77.53509226189465, 13.055747146160526], [77.53516175715484, 13.055503554757722], [77.53539439050037, 13.05483589347494], [77.53467698847663, 13.054887244399806], [77.5343356505741, 13.054886429534774], [77.53383012918535, 13.054880492786777], [77.53352434857844, 13.054852630804904], [77.53337579968007, 13.05481052094433], [77.53313614533384, 13.054731187308887], [77.53290159726953, 13.05466352045799], [77.53274061406378, 13.054617075079056], [77.53235174560358, 13.054611805919297], [77.5318681260735, 13.054574794537183], [77.53139528186912, 13.054505000307579], [77.5312595268825, 13.05444643028518], [77.53117693862966, 13.05433651177537], [77.5310109561514, 13.05403681631365], [77.53067108417446, 13.053388487568721], [77.5304706107767, 13.053156292949275], [77.53030453371659, 13.053029039472598], [77.5299535280735, 13.052812532232721], [77.5294461629195, 13.05244316402797], [77.52875245818016, 13.05187554031274], [77.52836808665529, 13.051624367249559], [77.52805433868646, 13.051520944378428], [77.52733808202633, 13.051324641905646], [77.52689568235428, 13.051193429383659], [77.52663387375038, 13.051018502885201], [77.52608287836455, 13.050565650259365], [77.5255919807087, 13.050196109481742], [77.52501176160273, 13.049782261737152], [77.52434972508927, 13.049414390954606], [77.52393873638962, 13.049134426544073], [77.52377211243429, 13.048932748726935], [77.52351739868504, 13.04848345097308], [77.52320658842062, 13.047695865059577], [77.52299042236852, 13.047152605883527], [77.52259541847816, 13.046501373215435], [77.52219874227953, 13.045888788226316], [77.52189909860317, 13.046077765824476], [77.52045219926336, 13.047094980742386], [77.51922915577391, 13.047954804417454], [77.51859443977578, 13.048424932885675], [77.51936430330964, 13.050075841214117], [77.51995290156016, 13.052665919445095], [77.52005243911567, 13.053239245393764], [77.51883948795489, 13.053779416228531], [77.51943639134203, 13.054876247441268], [77.51979504722195, 13.055584878789809], [77.51954408087911, 13.056253505328325], [77.51926618861314, 13.056577820256672], [77.5193571402563, 13.056961035390227], [77.51947243100447, 13.056997468723875], [77.51967035757141, 13.057207697580301], [77.51977483153178, 13.057348117861192], [77.51979625906587, 13.057428731047388], [77.51974576362151, 13.05753025080394], [77.51969782930051, 13.057884314501818], [77.52010798512052, 13.058698641563222], [77.52036009855154, 13.059171015068971], [77.52010198491764, 13.0591230156788], [77.51959718493585, 13.059166261655758], [77.5192642845539, 13.05948775032991], [77.51879561755483, 13.059795347544842], [77.518399911226, 13.060078310829361], [77.51797899420237, 13.060281777262718], [77.51769097929646, 13.060373521177146], [77.51723794451021, 13.060517832336807], [77.51609640157206, 13.060730733018595], [77.51573079812458, 13.06077416426424], [77.51543847764756, 13.060824856677872], [77.51516266932046, 13.060899312816879], [77.51471694206157, 13.061063139184927], [77.51433620210841, 13.061218357721037], [77.51415679408431, 13.06123477388946], [77.51394573308767, 13.06106318526615], [77.51350773750163, 13.060712404215774], [77.51337247598023, 13.06061597830185], [77.51295039721676, 13.060315088037614], [77.51226756348566, 13.059943652759026], [77.51201449777211, 13.059789951408742], [77.511680266363, 13.059900044646026], [77.51164584207926, 13.059920751320503], [77.51148614699544, 13.059977410629301], [77.51147967513532, 13.059899424201166], [77.51137959945103, 13.059408273024895], [77.51132890493548, 13.059097949081275], [77.51126256992194, 13.05880849614913], [77.51094613647406, 13.058868555827365], [77.51058743655983, 13.058929023358365], [77.51015383584276, 13.059010779636731], [77.50968630846938, 13.059204356539825], [77.50933497635762, 13.05928173931046], [77.50868153113655, 13.059329178194593], [77.50804557864763, 13.059397599699999], [77.50752744002057, 13.060201889143425], [77.50712848722026, 13.0608485527515], [77.5069839722496, 13.061061399623197], [77.50684859614482, 13.06132490563255], [77.50666577491471, 13.061588871810228], [77.5063856788057, 13.06188023425908], [77.50605528206668, 13.06237943093752], [77.50551712103098, 13.063231487074665], [77.50530509459233, 13.063569885959177], [77.5039602607549, 13.06574838235724], [77.50273982546999, 13.06764585688763], [77.50105471969914, 13.070092567498895], [77.49953716764927, 13.072202423491321], [77.4989915007733, 13.072836028937573], [77.49884421490334, 13.073132064113514], [77.49869172454227, 13.074218483575141], [77.4985848835211, 13.074515311595558], [77.49866714126341, 13.074511289032467], [77.50085749628415, 13.077026867198269], [77.50087258243455, 13.07710457194127], [77.50162480926106, 13.077989063048793], [77.50167843569204, 13.077987791638312], [77.5016949604111, 13.077988656117451], [77.50329512525876, 13.079826339934412], [77.50384247855527, 13.080524698494198], [77.50385096266265, 13.080522782036393], [77.50385419308314, 13.080539641981398], [77.50456095579614, 13.081441383703341], [77.50470585382382, 13.081446430489285], [77.50493991215338, 13.08142543099531], [77.50533338542813, 13.081324165780833], [77.5056285595718, 13.081214808583018], [77.5057482843618, 13.08115143320507], [77.5059256201194, 13.080966666778124], [77.50607338525998, 13.080603803414116], [77.506185690813, 13.080315505979163], [77.50626647315825, 13.080019183506314], [77.50676863587677, 13.079543488807582], [77.50726097943357, 13.078789598417353], [77.50802845640975, 13.07794535640874], [77.50993537956907, 13.077033846918889], [77.51170123197532, 13.076541745485011], [77.51245926173378, 13.076416174922578], [77.51443255765776, 13.075710311563888], [77.51654262386462, 13.074955502335994], [77.51677994733983, 13.074961647339276], [77.51687117235211, 13.075024191782783], [77.51699610716113, 13.075433171989227], [77.51708916505675, 13.075922401421936], [77.51749969564581, 13.07737626517415], [77.51764934710229, 13.078635494799816], [77.51733848748908, 13.08009188538169], [77.51730222398899, 13.080952976550607], [77.51865431916119, 13.082507577154095], [77.52064786598356, 13.085226655541266], [77.52164512364494, 13.087009561229147], [77.52410084104596, 13.086098541769625], [77.52410809361047, 13.085950191372437], [77.52432026493716, 13.085886095256006], [77.52514294817013, 13.08564830031532]]]]}}, {"type": "Feature", "properties": {"Ward_No": 82, "Ward_Name": "Garudacharpalya", "Zone": "Mahadevapura", "Risk_Score": 0.3085, "Alert_Level": "GREEN", "Severity_Band": "low", "Priority_Rank": 35, "Pop_Density_per_km2": 3076.5, "Green_Cover_Pct": 57.5, "Water_Stress_Index": 22.4, "Heat_Intensity_Index": 53.2}, "geometry": {"type": "MultiPolygon", "coordinates": [[[[77.74472715201591, 12.986340520816665], [77.74359062486148, 12.983765884214943], [77.74373479538015, 12.983147520526193], [77.74385705777026, 12.982825471492847], [77.7438805906826, 12.982677181360614], [77.74375074203701, 12.982308447092173], [77.7421309380231, 12.979142636283548], [77.742000553507, 12.978724558580941], [77.74189505668619, 12.978281543396193], [77.7417882076275, 12.977715175235188], [77.74152960918347, 12.977076385146948], [77.7412156576138, 12.976032632313016], [77.74116866941205, 12.976046246791785], [77.73992756871344, 12.976700565608907], [77.73892260329774, 12.977206657561588], [77.73708554120583, 12.977721508936233], [77.73619656470122, 12.977964044331904], [77.73550262050395, 12.97663217443985], [77.7351379410067, 12.976282128425785], [77.73488356802055, 12.976119655772719], [77.7346061778377, 12.976051797906022], [77.73401582522007, 12.975963638324815], [77.73330623786322, 12.975971099347108], [77.72993912780339, 12.97623407445114], [77.72699413902349, 12.976554144855601], [77.72542514821303, 12.976623800793256], [77.72112865428895, 12.97702777443821], [77.71877034082975, 12.977267830703342], [77.71675835016173, 12.977378606884132], [77.71416446164366, 12.977836465097035], [77.71436012431413, 12.979001076748018], [77.7148254408608, 12.981401317393635], [77.71530221489623, 12.981486078754585], [77.71539741939434, 12.981826107251578], [77.7149609477799, 12.982081946168645], [77.71439364453195, 12.982087872241703], [77.71388319083472, 12.98227268572941], [77.71341264790777, 12.982762211623976], [77.71334236968084, 12.983032172491242], [77.71288895747014, 12.983413826293907], [77.71199867321816, 12.984015420475727], [77.71154252828525, 12.98414582177372], [77.71116016835069, 12.984329296591495], [77.71033470975937, 12.984158423158794], [77.70941716197645, 12.98393465832651], [77.70838981654857, 12.9837120390048], [77.7080843484305, 12.984235730841373], [77.7080195122608, 12.985008197024305], [77.70732893645769, 12.987151278241555], [77.70708089629177, 12.987907703535228], [77.70616780839514, 12.988096702932003], [77.70580179371169, 12.988100515716813], [77.705728590761, 12.988101278212065], [77.70580901423506, 12.987077370836204], [77.70421763904791, 12.987165735887237], [77.70254689842197, 12.984993383179138], [77.7023315302821, 12.984791868563182], [77.70004863034522, 12.984631540980065], [77.69982581828903, 12.984615889561528], [77.70029428767747, 12.983973859832053], [77.70064103271699, 12.983799310299318], [77.70068772660741, 12.983721121254662], [77.70044031315017, 12.9828223428854], [77.70109210598518, 12.982477747260326], [77.7004022425989, 12.982232196843098], [77.69984039144458, 12.98090901739712], [77.69975182723586, 12.980700442368592], [77.69733811878066, 12.981704559384687], [77.69544289190067, 12.982078373011541], [77.69553242777368, 12.982285885441074], [77.69553659751183, 12.982295548258586], [77.69557831913193, 12.982414099815463], [77.69563985712396, 12.982704756818878], [77.69584007213838, 12.984733990186356], [77.69589347968888, 12.986778094468143], [77.69583625885684, 12.990191579708355], [77.69546105145338, 12.990287715024097], [77.69481920433255, 12.990371242252527], [77.69448969507117, 12.990343914624669], [77.69419136966937, 12.990300888780812], [77.69358070538374, 12.990368715238086], [77.69276891289059, 12.990684600967196], [77.69220808934388, 12.991013257416622], [77.69188089831988, 12.991201129342237], [77.69133458406625, 12.9914220204868], [77.6908192896941, 12.991611840562152], [77.69027148762501, 12.991694382985344], [77.68976954751756, 12.99166883575161], [77.68925342324265, 12.9917817967379], [77.68876881379046, 12.991909800238417], [77.68856636128027, 12.992034884277217], [77.68849043065659, 12.992071853786634], [77.68855184347787, 12.992142648236307], [77.68867906420984, 12.992310439926964], [77.68890315389743, 12.992738576562383], [77.68903567454639, 12.993398262695475], [77.6891642230895, 12.993689028169547], [77.68948683660592, 12.994531225724167], [77.68966439794596, 12.99500596141971], [77.68988998305765, 12.995572443114954], [77.69028932364877, 12.996260109455612], [77.69056193884241, 12.996826100361039], [77.69065517678911, 12.997290279575877], [77.69098966149264, 12.99712192226951], [77.69164205261335, 12.996872478890221], [77.69166322761467, 12.996866089258324], [77.69218074469218, 12.996709865863949], [77.69233480222861, 12.996652952560344], [77.6925340389393, 12.996567021269108], [77.69264571115659, 12.996460583174683], [77.6928650181941, 12.996379794920601], [77.6930935402727, 12.996309613732924], [77.69369186636781, 12.996108907938419], [77.69386750603317, 12.996028572020807], [77.69406860042015, 12.995946186520921], [77.69446153496918, 12.99576723998787], [77.69505018055011, 12.99551309712979], [77.69516794559323, 12.995465481203853], [77.69546730877839, 12.995383859998753], [77.69557080399406, 12.995363158308852], [77.69587236059421, 12.995307357415626], [77.69644726201832, 12.995222080775044], [77.6975252291048, 12.995073594857201], [77.69786933469972, 12.994985424068132], [77.69891193773984, 12.99460801848373], [77.70005277924638, 12.994274702154499], [77.70127472012122, 12.9939945093397], [77.7015517236864, 12.996883444591042], [77.70192252008381, 12.996957333190053], [77.70229472153784, 12.997160788882429], [77.7026126673072, 12.997235228834601], [77.70297366497415, 12.997467194177364], [77.70315275777442, 12.997696247581414], [77.70334720470296, 12.997704809787464], [77.7034425309977, 12.997792826880664], [77.70358438345501, 12.997872885019785], [77.70374584625472, 12.998094536127649], [77.703841940862, 12.99828850621257], [77.7038907346307, 12.998454611806848], [77.70396125096107, 12.998957261681095], [77.70397390052744, 12.999123743741487], [77.70399274315488, 12.999194447246015], [77.70402084072997, 12.999527964963285], [77.70432037676318, 12.999509550989703], [77.70432043416405, 12.99951484856485], [77.70434644262006, 12.999507947346029], [77.70449677888499, 12.999468047216462], [77.70538497553974, 12.999365738769365], [77.7060699929214, 12.999278833968315], [77.70754291187737, 12.998919779992724], [77.70856941804561, 12.998651336206633], [77.70853601255928, 12.998469447616825], [77.70849850930824, 12.998300466739753], [77.7084897404931, 12.99818457230338], [77.70848692471178, 12.998098075908871], [77.70847520324917, 12.998055854580814], [77.70846160478334, 12.998013652835986], [77.7084591685139, 12.997962130492187], [77.70846254304152, 12.997927117268807], [77.70847721955838, 12.997895667774111], [77.70849754939907, 12.997865997806215], [77.70851188636118, 12.997803255493737], [77.70850523667917, 12.997709433482811], [77.70847612285742, 12.997621368335318], [77.70843412498331, 12.997557372975674], [77.70837730844114, 12.99751194047788], [77.70830002462108, 12.997483291250893], [77.70825670898225, 12.99747085505792], [77.70821696999137, 12.997441814102176], [77.70811067004131, 12.997334302714522], [77.70800470731929, 12.997258086433217], [77.70783035150967, 12.997107102649485], [77.70772199282291, 12.996983045069078], [77.7077628323346, 12.9969402754388], [77.70789844988288, 12.996808150548052], [77.70788700580626, 12.996791700161621], [77.70775234930781, 12.996666076048562], [77.70766517930386, 12.996591504367396], [77.707617710549, 12.996542292481879], [77.70754589836254, 12.99649885695373], [77.7074064496547, 12.996450604289652], [77.70725749385029, 12.996391403399802], [77.70711810513396, 12.996348674730614], [77.70700719075673, 12.996335102331253], [77.70680255675714, 12.996335395163706], [77.70664471505216, 12.996322311879482], [77.706546704918, 12.996286514789352], [77.70629618244608, 12.996209963832523], [77.70612865413322, 12.996169366429948], [77.70581077229107, 12.996113768516521], [77.70562081748703, 12.996082610957895], [77.70542904787655, 12.99605699234233], [77.7052409301914, 12.996022131368859], [77.70514222191471, 12.99574885292702], [77.70504400016391, 12.995444707657443], [77.70496259207673, 12.995261468053066], [77.70481791394747, 12.994121079187028], [77.70478602823776, 12.993024303272017], [77.70509583850449, 12.992987612722365], [77.70613128820368, 12.992928150820216], [77.70740563541051, 12.992872280975089], [77.70882896156495, 12.99282397411835], [77.71003869807998, 12.992817436345693], [77.71063373177695, 12.992765596014223], [77.71085959709927, 12.992711524040978], [77.7108599288802, 12.992712325359626], [77.71115043207396, 12.992641563673146], [77.71164594999823, 12.992521460982026], [77.71137182410023, 12.991678324059551], [77.71114928736502, 12.990895813678717], [77.71111041581877, 12.990744120257654], [77.71137039679346, 12.99068969437925], [77.71155357242024, 12.990643560634314], [77.71188702389412, 12.99055957544706], [77.71306598899334, 12.99029173756481], [77.71354896633032, 12.99015118584326], [77.71449073548817, 12.990948733506608], [77.7153556645764, 12.99175494281117], [77.71535668599776, 12.99175453667928], [77.71578698577561, 12.992147917248941], [77.71608118674526, 12.992197567278115], [77.71626315213067, 12.992195664034474], [77.71638308373895, 12.992194409555502], [77.7165279607168, 12.992205062885947], [77.71652684844514, 12.992200585797946], [77.7165335005671, 12.992203358375962], [77.71714986202151, 12.992187782269136], [77.71788481510475, 12.992166403152012], [77.71813281429787, 12.992162195617142], [77.7181330851268, 12.99216324500631], [77.71831371320347, 12.99216135432579], [77.71862273041448, 12.992176941553813], [77.71912687355285, 12.992164818055166], [77.71927325872781, 12.992147885795184], [77.7194178105158, 12.992122416117208], [77.71953063497081, 12.992068191021419], [77.71953073514784, 12.99206851142063], [77.71953681536068, 12.992059477258701], [77.71966536248324, 12.992006798769935], [77.72003819991842, 12.991794139897026], [77.72057376817477, 12.991463418650063], [77.72083726523233, 12.991304947845812], [77.72119621581892, 12.991099276073555], [77.72119848312347, 12.991103484328857], [77.7214356284079, 12.990972924429784], [77.72169253626289, 12.990850454770442], [77.72195664713053, 12.990748442751528], [77.72208354356884, 12.99070433478851], [77.72229767247535, 12.990659312429191], [77.72241952060901, 12.990632367962336], [77.72252572071739, 12.990610723700492], [77.72284558780424, 12.990501281194451], [77.72294122754097, 12.990471188663522], [77.72294688013758, 12.990490867201684], [77.7231285985933, 12.990421531999852], [77.72374089994409, 12.990247803839104], [77.72437171190283, 12.990064754824049], [77.72437535122361, 12.99006740385547], [77.72438181356851, 12.990057967850344], [77.7247271776736, 12.989940272864555], [77.7250442049517, 12.989784088388014], [77.72532411126782, 12.989637418492167], [77.7257628338816, 12.989333940853161], [77.72589005350571, 12.989266445525102], [77.72614521447692, 12.98919760504722], [77.72668115372024, 12.989061934687376], [77.72693183860738, 12.989009111076001], [77.72698298360484, 12.988996183402904], [77.72742433069632, 12.98888609654189], [77.72868722250085, 12.988637587371993], [77.73051164857529, 12.988302052743506], [77.7315523838063, 12.988135292923456], [77.73160783710945, 12.9881245669154], [77.73159539212978, 12.987902144218866], [77.73158050533085, 12.987761567779364], [77.73157882357495, 12.987607763405292], [77.73159020366502, 12.98742763659501], [77.7316079727641, 12.987221262143079], [77.7315896065483, 12.987067633203909], [77.73158735237008, 12.986861466981459], [77.73160590631625, 12.986727085750452], [77.73164466244323, 12.986608858067122], [77.731665428697, 12.9865098819547], [77.73167385659467, 12.986492178587937], [77.731669611133, 12.986489952297116], [77.73213543584129, 12.985793358906237], [77.73226010499944, 12.985697209905695], [77.73252087805967, 12.985666015973587], [77.73328506609354, 12.98562774778485], [77.73339022541114, 12.985626641443073], [77.7334264095121, 12.98561914733678], [77.73348762846176, 12.985579381767703], [77.73351219411872, 12.985504439369892], [77.73350615565423, 12.985284000857709], [77.73351677106163, 12.9849282437698], [77.73446300478807, 12.984900503392497], [77.7360407331349, 12.984915904250618], [77.73604088426303, 12.984919584238533], [77.7370671693174, 12.984926431209459], [77.73705778397672, 12.985075839744912], [77.73732456303013, 12.985056665623869], [77.73787182495074, 12.98505089933465], [77.73792876809604, 12.985069935113028], [77.7380362326549, 12.985130984698358], [77.73845277928167, 12.985148369574233], [77.7384881476695, 12.986337602554103], [77.7396263022764, 12.986729987965], [77.74000748919893, 12.98689000801643], [77.74019784147858, 12.986948015344105], [77.7404045103788, 12.987005850392869], [77.74055481507192, 12.987132296356146], [77.7405863106596, 12.987213985314558], [77.74059499559213, 12.987261906678714], [77.74058947168395, 12.98731597667623], [77.74059243288512, 12.987399967008821], [77.74118259531794, 12.987228673334064], [77.74120791587428, 12.987237362617757], [77.7420864942, 12.987006169723143], [77.74377921789964, 12.986594717080846], [77.74472715201591, 12.986340520816665]]]]}}, {"type": "Feature", "properties": {"Ward_No": 26, "Ward_Name": "Ramamurthynagar", "Zone": "Mahadevapura", "Risk_Score": 0.3039, "Alert_Level": "GREEN", "Severity_Band": "low", "Priority_Rank": 36, "Pop_Density_per_km2": 2795.3, "Green_Cover_Pct": 58.1, "Water_Stress_Index": 22.0, "Heat_Intensity_Index": 52.7}, "geometry": {"type": "MultiPolygon", "coordinates": [[[[77.68335663986353, 13.051920535446891], [77.68384062060302, 13.050669064827378], [77.68413129133475, 13.046872512715323], [77.68408801255832, 13.04286265087652], [77.68378243790751, 13.040156148449439], [77.68342920419384, 13.038154654094136], [77.68280917720334, 13.036849602341563], [77.6825135130629, 13.036500426571473], [77.68241421907379, 13.035620854768954], [77.68238743177201, 13.034723420364601], [77.68234393266516, 13.033265978456685], [77.68227080623953, 13.030646951565766], [77.6820659951809, 13.026224054400327], [77.68171717154834, 13.023238192124687], [77.68168159977512, 13.022933699012588], [77.68255272880313, 13.023050112670434], [77.68674894062089, 13.023081894944115], [77.68876365905166, 13.024767687407506], [77.69171309926699, 13.027598992724961], [77.69339496340054, 13.027405393108145], [77.69434350569645, 13.027257463255511], [77.69420613821576, 13.0265871347289], [77.69420353898457, 13.02546555425811], [77.69418766842495, 13.023998282975557], [77.69345333925146, 13.023968527220434], [77.69307339401905, 13.024093986218354], [77.69286481466834, 13.024198968523104], [77.69270277859907, 13.024200652550284], [77.69244472112852, 13.024137905668224], [77.69204389205518, 13.024095337160132], [77.69203564947415, 13.022450395543142], [77.6916286479864, 13.022430713256634], [77.69101542065911, 13.022456575304743], [77.69097981621736, 13.021064977409747], [77.69110324742434, 13.021063695717741], [77.69119233292272, 13.01978731071384], [77.68996005951615, 13.019800103088315], [77.69011146726716, 13.018676036833824], [77.68863941798776, 13.01865923879516], [77.68871407494535, 13.017387506936894], [77.68817099859379, 13.017350364861146], [77.68675848001642, 13.017277119638232], [77.68631024443822, 13.017270779990607], [77.68623959543767, 13.016952914730428], [77.68619063760838, 13.016568910024029], [77.68568733637692, 13.016651026604606], [77.68558883586836, 13.015828088365188], [77.6855168843744, 13.015389389489542], [77.68537866496624, 13.015039266226454], [77.68505662148915, 13.014624824288806], [77.68439422622407, 13.0143785444661], [77.68347521139731, 13.01427555245806], [77.68267001781244, 13.01408699819956], [77.68270044782707, 13.011583423665993], [77.68253385602715, 13.011341639966547], [77.68246283409472, 13.011269443216053], [77.68240851300364, 13.011213282984544], [77.68227991002982, 13.011165989883414], [77.6821389122828, 13.011118827210142], [77.68191537186816, 13.01108062385636], [77.68176237147445, 13.011070048472405], [77.68162189664304, 13.01107150103054], [77.68151447705986, 13.011072611734711], [77.68140709869802, 13.011077776027246], [77.68119809977755, 13.011104846291017], [77.68101104305482, 13.011136418913326], [77.68086018736047, 13.01116168758111], [77.68072772128806, 13.011210477595126], [77.6806830046607, 13.011020523821344], [77.68012151038101, 13.011289857323735], [77.67884717417188, 13.011698266331834], [77.67806875715043, 13.011692675335864], [77.67695460029033, 13.011486116722658], [77.6768274556463, 13.01146676329768], [77.67692948784492, 13.011926008050402], [77.67710575269903, 13.01247315325964], [77.6772045580474, 13.012607386090082], [77.67733556147228, 13.012717417593482], [77.67762216213387, 13.01296109520842], [77.67792575715194, 13.01327620104646], [77.67818059307042, 13.013583854499016], [77.67733983626644, 13.01387099823526], [77.67635338776121, 13.014191467819463], [77.67593390365552, 13.014418565686364], [77.67510979427811, 13.014745311238707], [77.67502909175954, 13.014785923795266], [77.67516606949371, 13.01545281800703], [77.67563542873768, 13.015336590402082], [77.67567889677775, 13.015606647826498], [77.67576293213554, 13.01587628421753], [77.67578863598777, 13.01600331640911], [77.67579956664476, 13.016265751752323], [77.67583406868684, 13.016456341851866], [77.6758695102297, 13.016734435200025], [77.67589009342062, 13.017139981673704], [77.67550177589834, 13.017247418396948], [77.6755716341905, 13.017708147315393], [77.67564960547955, 13.018168792410506], [77.67583185206216, 13.018516976854423], [77.67612341427734, 13.0192220535756], [77.67550245949577, 13.019578529860684], [77.67509859606383, 13.01974977592701], [77.67454134857628, 13.01999420630768], [77.6748111339043, 13.020182368483345], [77.6751629024936, 13.020449243868605], [77.67548042734221, 13.020549392477827], [77.6755209929426, 13.020548973702047], [77.67548162860326, 13.022172413561108], [77.67283115808262, 13.022438444650826], [77.67269963816219, 13.022280681338351], [77.67103776533803, 13.023936763748852], [77.66978281808264, 13.025707988715869], [77.66882250741553, 13.026959029845711], [77.6661383197008, 13.030145236750757], [77.66558399777276, 13.031423916504231], [77.66539242366558, 13.031720262834382], [77.66521596812989, 13.031913024167855], [77.66500756858572, 13.032153852221988], [77.66466123642223, 13.032396099573157], [77.66428954246203, 13.032543133703369], [77.66357074771085, 13.032860816668522], [77.66328930075129, 13.033871038240493], [77.66293570336117, 13.03545778710408], [77.66260987200708, 13.039639515992056], [77.66301173439625, 13.045033529289539], [77.66372608829275, 13.04500022263697], [77.66406989202702, 13.044970729922404], [77.66449448971375, 13.04507016831491], [77.66468171209094, 13.045249909104074], [77.6651592463296, 13.045348798713949], [77.66545178517582, 13.045475548435924], [77.66571701936155, 13.045524721021167], [77.66627284534928, 13.045518993221217], [77.66658934602592, 13.045411920409203], [77.66690584871968, 13.045304847236974], [77.66703512729691, 13.045018037439354], [77.66735107020745, 13.044859064276704], [77.66769515071435, 13.044855516651424], [77.66804118228231, 13.045033617040907], [77.66833511134554, 13.045290109893608], [77.66873240887607, 13.045311964539096], [77.6689720104433, 13.045439256014355], [77.6691064427347, 13.045571758064384], [77.66913075021567, 13.045880274708212], [77.66919726393232, 13.046208943125064], [77.66934841582787, 13.046598488374439], [77.66937239255195, 13.046876134356266], [77.66951194233854, 13.047162876658184], [77.66960840225033, 13.047347143413573], [77.66969557967697, 13.04764471733381], [77.66981535451137, 13.048044881761314], [77.6698494964363, 13.048291544057795], [77.66989402609269, 13.048527805480598], [77.6699492727439, 13.048784543502801], [77.66999368980163, 13.049010514716255], [77.67008937729297, 13.049122740605943], [77.67016396036354, 13.049224893011633], [77.67023920673788, 13.049388793345061], [77.67036638433271, 13.049500693964795], [77.67049378316975, 13.049633179460544], [77.67055753909091, 13.049704567246293], [77.67064217614367, 13.049765445767363], [77.67067554551788, 13.049940069617813], [77.67073974384417, 13.050052622620758], [77.67090879720145, 13.050153799112538], [77.6711000635068, 13.050367961963115], [77.67128072132468, 13.050571940570276], [77.67147209652245, 13.050796393198734], [77.6717049072413, 13.0509689564205], [77.67184269517465, 13.051091040025886], [77.67204213335529, 13.051088979402119], [77.67218875787465, 13.051056588157772], [77.67230356043586, 13.050993647159917], [77.67262222696739, 13.051340290361729], [77.67269193201221, 13.051445803839181], [77.67306904088232, 13.051523063828174], [77.67474685949068, 13.051758399438189], [77.67597777160027, 13.052377372591016], [77.67731281429322, 13.053690142313405], [77.67796344210909, 13.054144188718105], [77.6798197070485, 13.05323366956302], [77.68090597293386, 13.052882779925548], [77.6827617968527, 13.052328684600472], [77.68335663986353, 13.051920535446891]]]]}}, {"type": "Feature", "properties": {"Ward_No": 3, "Ward_Name": "Attur", "Zone": "Yelahanka", "Risk_Score": 0.2969, "Alert_Level": "GREEN", "Severity_Band": "low", "Priority_Rank": 37, "Pop_Density_per_km2": 2366.5, "Green_Cover_Pct": 59.1, "Water_Stress_Index": 21.4, "Heat_Intensity_Index": 51.9}, "geometry": {"type": "MultiPolygon", "coordinates": [[[[77.56862025574898, 13.127049491899554], [77.57063708466617, 13.126543233543174], [77.57192771994512, 13.125913342710605], [77.57174885177041, 13.125223356192363], [77.57176851940835, 13.123446980761694], [77.57202193874181, 13.122135682786658], [77.57202117535458, 13.120228634379828], [77.57219888132728, 13.118974185926398], [77.57217768400581, 13.116936464363931], [77.57259245720137, 13.114632634313734], [77.57271061044591, 13.113154420403937], [77.57263764219843, 13.11164072253254], [77.57234923525462, 13.109586975170727], [77.5722570094712, 13.108054771853396], [77.57267719662275, 13.108106665576459], [77.57325956648386, 13.107927820032891], [77.57351971183665, 13.108520889195928], [77.57406115293965, 13.10834507806174], [77.57503494576588, 13.10795194844717], [77.57572914900672, 13.107838509755364], [77.57624952185054, 13.107726805649351], [77.57672577205108, 13.107551643850845], [77.57729686092064, 13.107304952625622], [77.57730430784186, 13.107331241739399], [77.5780207114419, 13.108352383028315], [77.57871571277019, 13.109149377824533], [77.57924546518198, 13.108732749023721], [77.58002277396844, 13.108276246522983], [77.5806862295629, 13.10787697281147], [77.58098910941656, 13.107560595908712], [77.58108240629188, 13.10736232642277], [77.58129657102319, 13.107069371822304], [77.58183549579502, 13.106420037985492], [77.5825264168394, 13.10561339006328], [77.58319712236873, 13.104900415224554], [77.58410452699253, 13.104024083555247], [77.5850651716457, 13.103173181310986], [77.5859111620258, 13.102505182299376], [77.58651391149253, 13.1020326990065], [77.58407091177376, 13.101432061812794], [77.5786770805105, 13.100012052892591], [77.57574678377436, 13.099105902562917], [77.57264683290698, 13.09856992232439], [77.5702125556248, 13.098083961798924], [77.56988032272548, 13.098121023025215], [77.56978411427467, 13.098121982223534], [77.56938859292231, 13.098125925194589], [77.56861817112124, 13.098060248206444], [77.56792235853041, 13.097972869108036], [77.5670662031649, 13.097887082643952], [77.5662745079272, 13.09783208964344], [77.56547210031182, 13.097739730727623], [77.56517901771379, 13.09772578938669], [77.56503621080653, 13.097710093308093], [77.56502690261269, 13.097713063086251], [77.56115785795447, 13.098947843676903], [77.55929868577535, 13.099894187193303], [77.55859850562277, 13.093663385476585], [77.55848715129751, 13.089526588992113], [77.55910098856747, 13.088888336823471], [77.56001774509005, 13.08800426703784], [77.56001719541014, 13.087998791080201], [77.56006991850157, 13.087953951629418], [77.56037533080818, 13.08777223086068], [77.56053773690854, 13.087675598393105], [77.56107431283817, 13.087360065368646], [77.56184342254484, 13.08690145647912], [77.56232659662984, 13.08661787844903], [77.56212225188222, 13.086400938643257], [77.56209718201191, 13.08637685897864], [77.56213936566307, 13.08634168282234], [77.56215283055255, 13.086272034694428], [77.56195564504894, 13.086061975937753], [77.56182589525875, 13.085858199690671], [77.56097814965578, 13.08514019563155], [77.560362791241, 13.084607568237274], [77.56012227885961, 13.084321472941848], [77.56008635666039, 13.084276645875255], [77.56005083155821, 13.084270045990683], [77.5598743926119, 13.084351737370508], [77.55894481677932, 13.084979634949296], [77.5588917442044, 13.084990587600895], [77.55884565565474, 13.084991044714755], [77.55879218851592, 13.084963770098613], [77.5586879392483, 13.084825777173547], [77.55862032710553, 13.084802116670962], [77.55855303778868, 13.08480973635807], [77.55817175761884, 13.08496992269318], [77.55804470336125, 13.08501858635154], [77.55801224825271, 13.085031015839052], [77.55781968669937, 13.08510476400509], [77.55756780191373, 13.085198354506714], [77.55703740001789, 13.085412202186859], [77.55609183836768, 13.08579342592137], [77.5556473502906, 13.086013323740815], [77.55554481930368, 13.08604214439506], [77.55550943726809, 13.086049447284683], [77.55548462109256, 13.086049693109342], [77.55540658853099, 13.086046989871598], [77.55481533906882, 13.085788691569197], [77.55425288232634, 13.085571816421337], [77.55377558858434, 13.085361044664472], [77.5534330518669, 13.085152419027988], [77.55287228221457, 13.084754784138099], [77.55268359188909, 13.08468018614203], [77.55255925621478, 13.084657085151111], [77.55243864294866, 13.08465132830313], [77.55236046521634, 13.084634722980468], [77.55227151161063, 13.084604321715595], [77.55210370056889, 13.084491280729816], [77.55183171557478, 13.084247197173447], [77.55146916600167, 13.083816316657877], [77.55126382824982, 13.083502055951813], [77.55112427531422, 13.083378310700615], [77.5509671722211, 13.08327211759417], [77.55083871704088, 13.083193443911615], [77.55068859852716, 13.083076752911346], [77.55054109651122, 13.08286966831226], [77.55026654126786, 13.082375352996962], [77.5501944193916, 13.0822578907274], [77.55008394419497, 13.082203372330241], [77.54986753797594, 13.08219160824996], [77.54938505323106, 13.082165094054227], [77.54921122760307, 13.082156382639454], [77.54893791691497, 13.082127801132675], [77.54883130925666, 13.082104525254412], [77.5487811392494, 13.082052884486107], [77.54851528486724, 13.081714889512254], [77.54844763837086, 13.081687750136345], [77.54820043201562, 13.081784035276206], [77.54805894022282, 13.081816713734666], [77.5471707821514, 13.081992319610475], [77.54727102125898, 13.082311380600421], [77.54747929022034, 13.083376089064036], [77.54749439956531, 13.083466310018096], [77.5475136615528, 13.083597642571615], [77.547192400143, 13.083607308717454], [77.54650363039573, 13.083628032949946], [77.54646144555008, 13.083577397625323], [77.54513328653782, 13.083564974829901], [77.54514862011887, 13.084171053542233], [77.5451321705551, 13.084424593943057], [77.54511091970123, 13.084772377443347], [77.54503221547702, 13.084791129345527], [77.54463988667611, 13.084825683792246], [77.54369065887008, 13.084925414473751], [77.54349906579712, 13.084913398445957], [77.54331484969785, 13.084929119381954], [77.54240814825468, 13.085372522244034], [77.54110277252916, 13.086011017050234], [77.54058660317854, 13.086326040775525], [77.53858551758296, 13.088769042163397], [77.53671797501944, 13.090956915785332], [77.5367742935215, 13.09107904336346], [77.53694179585158, 13.091502107871259], [77.53691604563498, 13.091545567905742], [77.53709291779798, 13.091883787249733], [77.53816168763433, 13.094583122394548], [77.53938403464305, 13.096814238965344], [77.54050880646554, 13.099073976165737], [77.54176469246065, 13.1006787577565], [77.54429237532587, 13.101284235305261], [77.5462570968831, 13.101264830132099], [77.54947462711542, 13.101110081762824], [77.55427598027696, 13.100488834936689], [77.55459116154765, 13.10226770512934], [77.554650834231, 13.10282235915892], [77.55465150074477, 13.102824982248979], [77.55486380719782, 13.104785771882497], [77.5567513905408, 13.10943861048474], [77.55824629151545, 13.112497159138185], [77.55959517917255, 13.116991067858327], [77.5603809031048, 13.120027890068348], [77.56125928319346, 13.122397918850103], [77.5612353976465, 13.122410662048887], [77.56130753717966, 13.12252811780064], [77.56298086186753, 13.127420749915357], [77.56298315984054, 13.127450051288859], [77.56311317805934, 13.127869097229981], [77.5631371337141, 13.127870812848355], [77.56315309142227, 13.127870653829946], [77.56318328261071, 13.127860403213607], [77.56441802483957, 13.127616094630126], [77.56469037582328, 13.127568524394183], [77.56606405899723, 13.127328577318828], [77.56610051404398, 13.127328213641732], [77.56611370156838, 13.127328082081155], [77.5661623900246, 13.12733183112017], [77.56616781522185, 13.127335923877027], [77.56675253962311, 13.127377317480011], [77.56862025574898, 13.127049491899554]]]]}}, {"type": "Feature", "properties": {"Ward_No": 9, "Ward_Name": "Vidyaranyapura", "Zone": "Yelahanka", "Risk_Score": 0.2968, "Alert_Level": "GREEN", "Severity_Band": "low", "Priority_Rank": 38, "Pop_Density_per_km2": 2363.2, "Green_Cover_Pct": 59.1, "Water_Stress_Index": 21.4, "Heat_Intensity_Index": 51.9}, "geometry": {"type": "MultiPolygon", "coordinates": [[[[77.56502690261269, 13.097713063086251], [77.56505192513208, 13.097675917620828], [77.56737741471359, 13.097470242860036], [77.5690940785157, 13.09741257699483], [77.56960040388415, 13.097356828597121], [77.56975440561341, 13.097243750920054], [77.56976539557205, 13.097223681764213], [77.56969136000573, 13.096440523402316], [77.56950121259156, 13.09497336666331], [77.56931377867237, 13.093311547138812], [77.56905825257022, 13.091515840905538], [77.56918437949768, 13.091131979654364], [77.56896120645976, 13.089263350896271], [77.57072361040552, 13.089015108237442], [77.57209180085508, 13.088844934349826], [77.57328684386634, 13.088997785928916], [77.57572925509871, 13.088676819128873], [77.57693819074146, 13.08854940171565], [77.57703106032895, 13.088589664905545], [77.57754257321407, 13.088477454761174], [77.58011283827044, 13.087830067215206], [77.57987395681488, 13.086914730526425], [77.57984116398084, 13.086783046162532], [77.5790733814833, 13.085202992113674], [77.57980624500898, 13.084970011818417], [77.58078013464466, 13.084703946455026], [77.58145772110848, 13.084528474497391], [77.58206183664312, 13.084380028085192], [77.58244284498102, 13.084268866325882], [77.58298648777455, 13.084107877292524], [77.58349029025135, 13.083984529088857], [77.5842377588443, 13.083760258525722], [77.58443587393974, 13.083703967481775], [77.58446478690593, 13.08369053427076], [77.58447584779724, 13.083679470090162], [77.58448913801271, 13.083668381266078], [77.58449116893598, 13.083648644362261], [77.58449096343301, 13.083628929859959], [77.58449075790628, 13.083609213045074], [77.58435692257837, 13.083205257378085], [77.58415100735243, 13.08253255288786], [77.5838990288225, 13.081728861584649], [77.58372964690594, 13.081130276332372], [77.5835315107806, 13.08056046072546], [77.5832633491958, 13.07970435089308], [77.58302004277238, 13.078874283538275], [77.58296910302482, 13.078703910052369], [77.58294454080654, 13.078626924644245], [77.5828488618877, 13.078281191587285], [77.58284870982007, 13.078266587798945], [77.58288121039689, 13.07823997302372], [77.58291975881254, 13.078222060912333], [77.58297330058919, 13.078212761944764], [77.58301501332332, 13.07821234452598], [77.58304778761341, 13.078212016549363], [77.58308645767279, 13.078205787444624], [77.5831429461377, 13.078193537893554], [77.58346077940698, 13.07809688302139], [77.584262684624, 13.07784348676981], [77.58515695365072, 13.077589163303307], [77.5862710258767, 13.077268369393618], [77.58639314035507, 13.077231750945595], [77.58734931515272, 13.076945008764538], [77.58851081208277, 13.076600364735414], [77.58956841837478, 13.0762947318139], [77.58982834246726, 13.076223214913755], [77.58983075688944, 13.076219684509539], [77.58987758568071, 13.076151181824219], [77.5899207474811, 13.076111315824674], [77.5900242853663, 13.076074403466212], [77.58996068418806, 13.075857440850717], [77.58950680166032, 13.07480201176612], [77.58916478083972, 13.07399354050253], [77.58877598829874, 13.07311224041886], [77.58838849265227, 13.072354965670984], [77.58771116655375, 13.0713807058583], [77.5869025189275, 13.070497969103286], [77.58628776537199, 13.070007960568557], [77.5850923150697, 13.069207294070107], [77.5840418062528, 13.068501954225196], [77.58331433510887, 13.067968369432162], [77.58211569257304, 13.067217643904279], [77.58128026645863, 13.066665562349094], [77.58109376993617, 13.066542317119646], [77.57949374046002, 13.065484933287504], [77.57771841556585, 13.064241844540005], [77.5759908953505, 13.06301383128766], [77.57479197488176, 13.062231933326844], [77.57301508145966, 13.06083316220871], [77.57198452652496, 13.059442517041104], [77.57136997443767, 13.058359037655148], [77.57070586556223, 13.05708926299833], [77.5692496483965, 13.054622565408488], [77.56920466056202, 13.054651554987675], [77.56913392492193, 13.054693490863572], [77.56907784596807, 13.054716452402161], [77.56905651331721, 13.054725187121658], [77.56905692488137, 13.054725976330346], [77.56888597050123, 13.054803785301765], [77.56855368374133, 13.054892718874376], [77.5681144897618, 13.054966854940405], [77.5678180127388, 13.05507763275581], [77.56731955532966, 13.055364849283608], [77.56692806940782, 13.055673206105121], [77.56631633856013, 13.05626918638864], [77.56616251383795, 13.05641026237139], [77.56606599844379, 13.05646196613384], [77.56597278012553, 13.056519976601113], [77.56569933811878, 13.05666858140211], [77.56522786242053, 13.057063362681248], [77.56468682861598, 13.057614237091443], [77.56447223094766, 13.057822517868395], [77.56398203398865, 13.058284081248578], [77.56375129291577, 13.058495694956433], [77.56347212934223, 13.058717301432315], [77.56337567543595, 13.058775343295915], [77.56307285377976, 13.05889886559817], [77.56288582957288, 13.05895781002236], [77.5628116914123, 13.058983916889217], [77.56277973866395, 13.059022291355943], [77.56229698109492, 13.059128835172158], [77.56192412281754, 13.059189741385618], [77.56135204235183, 13.059172527935482], [77.5603700893707, 13.05902206287314], [77.55928345763037, 13.058906959796735], [77.55932094148957, 13.059146878621133], [77.55933567803848, 13.059444230708383], [77.55927956511066, 13.0596621930838], [77.55973635945193, 13.059817861255956], [77.56025657496002, 13.059765175212895], [77.56040952909096, 13.060567437570622], [77.56089117679878, 13.060505926999562], [77.56091153803402, 13.060609744997517], [77.56113307175065, 13.06057918282785], [77.56132431506686, 13.061352695333387], [77.56119932553872, 13.061391760485389], [77.56135043192306, 13.062014371920966], [77.56145652275583, 13.062013320368965], [77.56172688734458, 13.063051979718267], [77.56184695174966, 13.06302368299271], [77.56242716926928, 13.062697547161505], [77.56315685668166, 13.062152521636136], [77.56389608448356, 13.061401437800413], [77.5644867833536, 13.060960769544526], [77.56475059536427, 13.060511902868639], [77.56479565658645, 13.06017021863483], [77.56498193846572, 13.059906398210094], [77.56525869285055, 13.059569195755373], [77.5650421852435, 13.059306534907108], [77.5651835297334, 13.059209987040058], [77.56522083916622, 13.059063725874017], [77.56532974229037, 13.05895798263517], [77.56556502381619, 13.058873188147786], [77.56563311678627, 13.05888836901273], [77.56564638286348, 13.058919953136746], [77.56557712739831, 13.059418573833007], [77.56543170328544, 13.059746685709085], [77.5653174452655, 13.059960313163046], [77.5652739355357, 13.060445992501483], [77.56525368308571, 13.060677716843657], [77.56526744884191, 13.06107085345062], [77.5653019256462, 13.061276662814059], [77.56542060349805, 13.06149114665689], [77.56571180707328, 13.061808582251215], [77.5659996743035, 13.06211653554038], [77.56625160443085, 13.062389960911894], [77.56645098884579, 13.062587785784965], [77.56660367989689, 13.062649700796255], [77.56699636422339, 13.062769492376779], [77.5671360159885, 13.062822019288225], [77.56742793297646, 13.062895236398006], [77.56758993559527, 13.06291900071479], [77.56772582882031, 13.06292082126792], [77.56807158732626, 13.062882496318162], [77.56822045440155, 13.062887360868153], [77.56829358642214, 13.063076928426089], [77.56809925908586, 13.063186248814285], [77.56728892447751, 13.063530925740544], [77.5663537562925, 13.063822484392814], [77.56615718661637, 13.063897383231039], [77.56613843495659, 13.063960998715661], [77.56622240253236, 13.064130326308813], [77.56631403832183, 13.064362042483038], [77.5662983569559, 13.064409770748206], [77.56626002965425, 13.064457723941763], [77.56620180601948, 13.06445830223292], [77.56608048080263, 13.064434887189428], [77.56605594341208, 13.064430149057564], [77.5660560491593, 13.064431706852073], [77.56591665037026, 13.064413561754838], [77.56582931019108, 13.064414429114647], [77.56572929563858, 13.064440794012553], [77.56568132901833, 13.064495186944807], [77.56560295067463, 13.064709025153116], [77.56548745711973, 13.065144106869791], [77.56542188523511, 13.065373110322954], [77.56540293440682, 13.06541770015121], [77.56538711941282, 13.065452743871159], [77.56536473786656, 13.065478340136751], [77.56534229311212, 13.065497590631393], [77.56531330984544, 13.06551056427659], [77.5652874952001, 13.065517164684769], [77.56524547708015, 13.06552075277931], [77.56517861172274, 13.065520678896375], [77.56511608322546, 13.065522037520738], [77.56507426166924, 13.065544653580773], [77.56502296229023, 13.065589564566244], [77.5649276882136, 13.065761773041782], [77.5648325099659, 13.065943497838497], [77.56476187436137, 13.066099403720061], [77.56458180406266, 13.066414031419972], [77.56436064421287, 13.06692819222931], [77.5641426805445, 13.067437801999624], [77.56403512708384, 13.06768416821123], [77.56400673100698, 13.067754026901364], [77.56398706739526, 13.067788116588575], [77.56398739903626, 13.067820226926393], [77.56398592793109, 13.06785413603635], [77.56398260359894, 13.06788449947197], [77.56396284551779, 13.067909671828717], [77.56393942907461, 13.067933094992874], [77.5639178153514, 13.06795471707114], [77.56389987839802, 13.067979871348989], [77.563832960869, 13.06819639882509], [77.56373932316933, 13.068468495883286], [77.56370082011485, 13.068616949995958], [77.56367764545175, 13.068663563803897], [77.56364886232011, 13.068695960806634], [77.5636290672995, 13.068717564824658], [77.56359668345772, 13.068753568569994], [77.5635714297087, 13.068775226763355], [77.56353707730204, 13.068796975258062], [77.56337040501916, 13.068944649911968], [77.56267665066399, 13.069017727241008], [77.5618468903857, 13.068997591638546], [77.56125478701458, 13.068969557573185], [77.56094499788416, 13.068906535448871], [77.56072612854841, 13.06885875283072], [77.5605149111538, 13.068751586142913], [77.5602967696234, 13.068341568963495], [77.5579968809475, 13.068874992930704], [77.55802377208362, 13.06893890788295], [77.55864459574889, 13.070353937193259], [77.55814636892241, 13.070604348023345], [77.5582431412039, 13.07104266443642], [77.55797293015092, 13.071678411064612], [77.55758278813448, 13.07218614799602], [77.55692775140508, 13.072567307863654], [77.55658565831601, 13.072622375422673], [77.55610140514914, 13.071671100962904], [77.55554365176664, 13.070507282698454], [77.55528555636067, 13.070059417253725], [77.5551777592749, 13.069835747109659], [77.55128046839619, 13.071418966200202], [77.55170002637131, 13.072270891725797], [77.55238001287806, 13.073776396612212], [77.55304598853455, 13.075072652438218], [77.55342302134312, 13.075964623962733], [77.5519969221961, 13.076909326964653], [77.55157348821555, 13.077274120278354], [77.55199546859535, 13.07792136921174], [77.55224822758848, 13.078267844037013], [77.5525566221096, 13.078790976246703], [77.55232240888304, 13.078935858510452], [77.55304112357989, 13.080347190626421], [77.55317013576631, 13.080303612438021], [77.55317105256164, 13.080306036481087], [77.55329940467138, 13.081246998723104], [77.55343722715867, 13.081955217979841], [77.5545016337448, 13.081607341593314], [77.55542389332521, 13.08128413378677], [77.55581424657376, 13.08116394152236], [77.55614521626963, 13.081090660789748], [77.55614288228571, 13.081121965066048], [77.55614583419512, 13.08115061041572], [77.55650775018199, 13.081433771225392], [77.55680810805553, 13.081678440443248], [77.5568330579946, 13.081777252119577], [77.55677104400948, 13.081952518247553], [77.55672695265193, 13.082002010405695], [77.556683837279, 13.082231290664177], [77.55655002611823, 13.082668246553501], [77.55718493697603, 13.083150144563483], [77.55802424156217, 13.083824801376647], [77.5581880807315, 13.083982189118782], [77.55815923536565, 13.084021575921055], [77.55810371930967, 13.084053407451451], [77.5579237219155, 13.084126434281886], [77.55764790659012, 13.08420651442977], [77.55772863320293, 13.084410048687948], [77.55801224825271, 13.085031015839052], [77.55804470336125, 13.08501858635154], [77.55817175761884, 13.08496992269318], [77.55855303778868, 13.08480973635807], [77.55862032710553, 13.084802116670962], [77.5586879392483, 13.084825777173547], [77.55879218851592, 13.084963770098613], [77.55884565565474, 13.084991044714755], [77.5588917442044, 13.084990587600895], [77.55894481677932, 13.084979634949296], [77.5598743926119, 13.084351737370508], [77.56005083155821, 13.084270045990683], [77.56008635666039, 13.084276645875255], [77.56012227885961, 13.084321472941848], [77.560362791241, 13.084607568237274], [77.56097814965578, 13.08514019563155], [77.56182589525875, 13.085858199690671], [77.56195564504894, 13.086061975937753], [77.56215283055255, 13.086272034694428], [77.56213936566307, 13.08634168282234], [77.56209718201191, 13.08637685897864], [77.56212225188222, 13.086400938643257], [77.56232659662984, 13.08661787844903], [77.56184342254484, 13.08690145647912], [77.56107431283817, 13.087360065368646], [77.56053773690854, 13.087675598393105], [77.56037533080818, 13.08777223086068], [77.56006991850157, 13.087953951629418], [77.56001719541014, 13.087998791080201], [77.56001774509005, 13.08800426703784], [77.55910098856747, 13.088888336823471], [77.55848715129751, 13.089526588992113], [77.55859850562277, 13.093663385476585], [77.55929868577535, 13.099894187193303], [77.56115785795447, 13.098947843676903], [77.56502690261269, 13.097713063086251]]]]}}, {"type": "Feature", "properties": {"Ward_No": 1, "Ward_Name": "Kempegowda Ward", "Zone": "Yelahanka", "Risk_Score": 0.2923, "Alert_Level": "GREEN", "Severity_Band": "low", "Priority_Rank": 39, "Pop_Density_per_km2": 2088.4, "Green_Cover_Pct": 59.8, "Water_Stress_Index": 21.0, "Heat_Intensity_Index": 51.3}, "geometry": {"type": "MultiPolygon", "coordinates": [[[[77.61515413023336, 13.131169443600198], [77.61493577613862, 13.130732383070745], [77.61464673017375, 13.129645921459483], [77.61463732749229, 13.129465635160484], [77.6145457181502, 13.12907702992404], [77.61437047802515, 13.128486382905407], [77.61395959442594, 13.127738877685742], [77.61351379140221, 13.126762397256151], [77.61321386675496, 13.126058354382572], [77.61286006571692, 13.125176490262813], [77.6122651721597, 13.12362182908219], [77.61200003893202, 13.123134016086272], [77.61180070005814, 13.122721977839737], [77.61157422180864, 13.122201918270818], [77.61149314285265, 13.121909712011803], [77.61145452540518, 13.12178225781362], [77.61141233093792, 13.121642982468787], [77.61147977892529, 13.121260087116232], [77.61141530070441, 13.120693793277207], [77.61131725529357, 13.120025915038687], [77.61127641946236, 13.119236423369072], [77.61123773700741, 13.118650757317019], [77.61106370308703, 13.117556844183174], [77.61093838824614, 13.116768211342123], [77.61096213649449, 13.115939843681966], [77.61102187723583, 13.115442360758268], [77.61112209031779, 13.11508461274191], [77.61117042195599, 13.114122219704331], [77.61115278463234, 13.11368285452418], [77.6110772671808, 13.113301406926976], [77.61092294260672, 13.112673176709425], [77.61083943258062, 13.112490768491165], [77.61064216952867, 13.111942760650582], [77.61045957509022, 13.111524938593059], [77.61027468224444, 13.111141021319252], [77.61007715535875, 13.11081979859422], [77.61002234947128, 13.11066655871065], [77.60982200505457, 13.110582568828892], [77.60974173487075, 13.110536461278508], [77.60973841609987, 13.110473935091399], [77.60976697946789, 13.110408479346637], [77.60982890163307, 13.110227989459835], [77.60983213239655, 13.110029851403946], [77.60973043331104, 13.110020019022087], [77.6098599539692, 13.108602650539046], [77.60989532260767, 13.108313307405146], [77.60989439846479, 13.10822568676516], [77.60980367824152, 13.108101005305539], [77.60942406852567, 13.10771051393049], [77.60924330884643, 13.107525398672287], [77.60873889615024, 13.107451643050245], [77.60868710208872, 13.107445155350547], [77.60869944895471, 13.107222835194978], [77.60869839511149, 13.107002214172804], [77.60872523954933, 13.106721528347178], [77.60875624897115, 13.105988040270322], [77.60877295117655, 13.105593533419123], [77.60886845659321, 13.105038988804935], [77.60889946019347, 13.104590343689795], [77.60863397207774, 13.104584620525202], [77.60835395050351, 13.104575422457867], [77.60837087482066, 13.104484699986333], [77.60844799233136, 13.103601771400928], [77.60846970339895, 13.103116664932172], [77.60849577987803, 13.103046294531662], [77.60850163578566, 13.102466514235346], [77.6085020026239, 13.102430119389787], [77.6085026146809, 13.102369523751305], [77.60850180174153, 13.10237074617503], [77.60850400445865, 13.102206951061127], [77.60850615271116, 13.102067768790667], [77.608272942184, 13.102061109765243], [77.60795101671961, 13.102051916294089], [77.60658848526423, 13.102018016083774], [77.60476082388605, 13.102111174094995], [77.60405779709018, 13.102147006492078], [77.60379672025707, 13.102160311205994], [77.60348073912846, 13.102176416086992], [77.6032041496956, 13.102190510638932], [77.60310336174577, 13.10218603140635], [77.60231018807099, 13.102921859576764], [77.60139740786106, 13.103123244115329], [77.60120045439521, 13.10307217774768], [77.600459854011, 13.102906926886046], [77.60041934498872, 13.102875826619655], [77.60014659712023, 13.10286269041853], [77.60009344690646, 13.102628596794089], [77.59999743579415, 13.102205709827745], [77.5998417058235, 13.101640764674233], [77.59972402707947, 13.10121840132055], [77.59951289348653, 13.100441085201803], [77.59935461217444, 13.099840948542326], [77.59950631444855, 13.0998216008909], [77.60134058787332, 13.099352395596007], [77.6017062524163, 13.099311880774724], [77.6021954125815, 13.099353678679371], [77.60237318729972, 13.099006872901414], [77.60232493402816, 13.098958609415039], [77.60220616560308, 13.098839813248725], [77.60217635477196, 13.098624120785189], [77.60228375447471, 13.098359793307713], [77.60236737194774, 13.098279926638611], [77.60243374261114, 13.098216532117386], [77.60254192210859, 13.098026445617771], [77.60253965253467, 13.097810475138532], [77.60242083014987, 13.097642928829984], [77.6023242205102, 13.097623653667858], [77.60200749563545, 13.097626851088707], [77.60178006603978, 13.09760889857449], [77.60160239222782, 13.09763898393615], [77.60152573317647, 13.097651964413714], [77.60125046181496, 13.097668242124108], [77.60101636058603, 13.097670604505945], [77.60090513210393, 13.09757047868886], [77.60073207399986, 13.09748447856733], [77.60046809298446, 13.0972643972099], [77.60028303167132, 13.097077394472143], [77.60016685142115, 13.097013018027596], [77.60008814383215, 13.097014931322118], [77.59992263317409, 13.097003454974264], [77.59978377855137, 13.096976373726775], [77.5997299629645, 13.096959390339899], [77.59968480577682, 13.096916032720166], [77.59968904651723, 13.096894081118716], [77.59969998973547, 13.09687206192193], [77.59972851442629, 13.096821388324212], [77.59988476541514, 13.09658978014126], [77.60002113634633, 13.09638028125188], [77.60007845905409, 13.096305218160275], [77.6001291688682, 13.09623898251726], [77.60016600911516, 13.096129071423503], [77.60030454829167, 13.095700473910526], [77.60043923973826, 13.095331066487434], [77.6005307286846, 13.095104494094794], [77.600626182186, 13.094829683685637], [77.60073790588645, 13.094401356660534], [77.6007929258455, 13.094107235493558], [77.60082028063138, 13.093732340251387], [77.60085044209298, 13.093412182968176], [77.60087304684008, 13.093223547892459], [77.60091120317188, 13.093025992883607], [77.60099534494478, 13.092738153178558], [77.60115424655477, 13.092333447005593], [77.60129153787058, 13.091999065636394], [77.60137705895347, 13.091842657957072], [77.60144313283477, 13.091749978079628], [77.60151372561724, 13.091661635292137], [77.6017120182345, 13.091390170048633], [77.60208446183994, 13.090889108020848], [77.60241301546611, 13.090465163619466], [77.60266174064489, 13.090101175812682], [77.60284164731854, 13.08978170001535], [77.60296204735282, 13.089541689920717], [77.60314778358455, 13.089138905044189], [77.60321077312513, 13.088965198412328], [77.60328634109324, 13.088712497349212], [77.60336145092526, 13.088203482212043], [77.60341794485069, 13.08783705169005], [77.60344330884016, 13.087698777039664], [77.60346284732456, 13.087643811338262], [77.60349362518141, 13.08759530506241], [77.60352228633494, 13.087557771073019], [77.60357764599827, 13.08750901667842], [77.60375676574454, 13.087327564984554], [77.60396450025499, 13.087104199292014], [77.604081015849, 13.08699049803938], [77.60411610703711, 13.08690387552192], [77.60414184122959, 13.086800651649057], [77.6041769553311, 13.086526450178784], [77.60404046013814, 13.086560560575748], [77.60384217856017, 13.08656256207662], [77.60365982691073, 13.08650770530739], [77.60334485840464, 13.086413690322864], [77.60321156582818, 13.08630974234865], [77.60301200867902, 13.0861902643419], [77.60287050622458, 13.08605197351571], [77.60286327539492, 13.086021915804562], [77.60285081452167, 13.085970120014666], [77.60274826378583, 13.085543864860815], [77.60270564906611, 13.085366743998982], [77.60258665946893, 13.084597107448424], [77.60241396521238, 13.083797058339098], [77.6023169587364, 13.083337972570053], [77.60225154155808, 13.083031076381657], [77.60156485119246, 13.083124727214374], [77.60135502536187, 13.083148751533912], [77.60048660514863, 13.083238563118378], [77.59995079801332, 13.0832921584295], [77.59973449919086, 13.083338153241968], [77.59940692698251, 13.083429084317391], [77.59870243489526, 13.083593918511735], [77.59833664165157, 13.083663326743821], [77.5983264689295, 13.08366361652145], [77.59821822963288, 13.08366670705458], [77.59787858836324, 13.083672319508281], [77.5973848242818, 13.083686053658516], [77.59719519980534, 13.083718632157488], [77.59659987974699, 13.083851690036225], [77.59602699809379, 13.083993281670002], [77.59576194923669, 13.084079198997486], [77.59515422915719, 13.084308772735389], [77.59449259872855, 13.084512598037822], [77.59427645744087, 13.084573923063303], [77.5942052696195, 13.08460531091544], [77.59415628954483, 13.084623329631508], [77.59412963202523, 13.08462384282231], [77.59365077197019, 13.084696546482464], [77.59493490337154, 13.087560673463582], [77.59587248458803, 13.08981733455602], [77.59630522829774, 13.0917804379377], [77.59611339140541, 13.093995764380129], [77.59559477426446, 13.095810346952884], [77.59522417839706, 13.096358643675032], [77.59444113868659, 13.095171993597525], [77.5936059267772, 13.095847931721831], [77.59229387222348, 13.097196193805827], [77.59301001508199, 13.09884025577689], [77.59359815484538, 13.10023966853676], [77.59282592616668, 13.101916158331386], [77.59357187615538, 13.102079387498653], [77.59424519575047, 13.102335548935082], [77.59461145969628, 13.102379668528696], [77.59469918332127, 13.102605871805473], [77.59473801353124, 13.102820612662276], [77.5947412702618, 13.103131328725707], [77.59470757555519, 13.103406561975724], [77.59472239875944, 13.103657399488839], [77.59505158776918, 13.103654084131257], [77.5954399813312, 13.10348284752683], [77.59578110961507, 13.103455506201241], [77.59648825247125, 13.103448381035092], [77.59684307738107, 13.103564322098471], [77.59723422748603, 13.103655993971534], [77.59703109871485, 13.10405245428317], [77.59672754878571, 13.104175033184605], [77.59628875743458, 13.104191405393225], [77.59608813413641, 13.104237508435242], [77.59600970554759, 13.104539169404113], [77.5959743082152, 13.104675308868094], [77.59549448909756, 13.105045267430981], [77.59548764750006, 13.105050542407009], [77.59532703020068, 13.105328522906024], [77.59533390021402, 13.10548482252863], [77.59535665294835, 13.10600255478475], [77.59530635352367, 13.106583426226623], [77.59509864025658, 13.107210101503668], [77.59480920443836, 13.10757229266067], [77.59461730475316, 13.108093790179005], [77.59418393170198, 13.108711685611162], [77.5937730514835, 13.109323824303345], [77.59338559595727, 13.11001863976079], [77.59259209921906, 13.110712013242171], [77.59177448161992, 13.111256391228746], [77.5911267979259, 13.111802709204317], [77.59092792239538, 13.111775800578155], [77.59074896079906, 13.11184364025547], [77.59064894448439, 13.11194370744925], [77.59062798637693, 13.11208700299425], [77.59065843947843, 13.112339356133909], [77.59049103016194, 13.112551639740264], [77.58970917052373, 13.11274190653063], [77.58956713071933, 13.112102165225867], [77.5904291131736, 13.111485493232955], [77.59046470549698, 13.111114806032962], [77.58972037847337, 13.110988706248794], [77.58946344512705, 13.111550809478484], [77.58852102562324, 13.111223328351993], [77.58834368591633, 13.111550214144193], [77.58835128563862, 13.111558278750813], [77.58833929446168, 13.111558311394257], [77.58833104623207, 13.111573512961757], [77.58823750781913, 13.111745927490002], [77.58784687265369, 13.112388591149342], [77.58742567223557, 13.113148403546061], [77.58724714185145, 13.113555249331693], [77.5870582368764, 13.114110201350616], [77.58698227576839, 13.114445913646856], [77.58690040471451, 13.114976419487526], [77.58677865698003, 13.115873432921362], [77.58666481238184, 13.116766472257984], [77.58654351462575, 13.11770632560371], [77.58643667917134, 13.1185097135013], [77.58631656000524, 13.119562502262484], [77.58629092454204, 13.119767561612791], [77.586816223792, 13.12006093659743], [77.58744503304857, 13.12068988357929], [77.58792229099026, 13.121701510635019], [77.58794410516019, 13.123784966563958], [77.58778232806026, 13.125666982490722], [77.58777862785696, 13.126667887503963], [77.58806454313243, 13.127175087938], [77.58831811103543, 13.1292721826555], [77.58788495496418, 13.130297990498898], [77.58661662560007, 13.130821473202163], [77.58510038206806, 13.13163118237267], [77.5832496732538, 13.134811272173394], [77.58362926772946, 13.134824854441227], [77.58431824370973, 13.134835051087045], [77.58485427644392, 13.134864663820437], [77.58521211853825, 13.134931071331996], [77.58581957356576, 13.134959966075492], [77.58646274075521, 13.134988497749676], [77.58703411650633, 13.134982748600354], [77.587569782058, 13.134977357612158], [77.58817686955113, 13.134971246478198], [77.5886192151796, 13.134986793697554], [77.5890192753205, 13.135024434415275], [77.58943651573092, 13.135078569627769], [77.58980265232638, 13.135124886015134], [77.59013425587396, 13.135121545248003], [77.59061872910958, 13.135099995440143], [77.59099284256004, 13.135096225189983], [77.59125668622393, 13.135118569298186], [77.59161914948324, 13.134814893265755], [77.5923333686527, 13.13480769237906], [77.59317512219869, 13.134799203121597], [77.59432752856429, 13.134816745048703], [77.5951350096488, 13.134783594188024], [77.59568172394471, 13.134826605928025], [77.59571134108006, 13.13480878305567], [77.59579770347202, 13.134802066701102], [77.59586028623407, 13.134801434791626], [77.59651309078255, 13.134809449827765], [77.59778871097974, 13.134808244860457], [77.59903434665777, 13.134789815197458], [77.59972385002847, 13.13479877161249], [77.59987576351216, 13.134788756785735], [77.60054235454609, 13.134780405049876], [77.60191902009517, 13.134751872922756], [77.6034658274014, 13.134747894962807], [77.60364659607393, 13.13474281485532], [77.60401937069068, 13.134618750652487], [77.60480799278272, 13.134410750086744], [77.60501906034582, 13.13426693461935], [77.60532175263435, 13.13416059377977], [77.60533688084598, 13.134144001437443], [77.60541352465799, 13.134128351433528], [77.60544967089149, 13.134121315149288], [77.60555780055218, 13.134122358617109], [77.6056320425763, 13.134119952576977], [77.6057487203657, 13.134116168190793], [77.60653281901821, 13.134108219897472], [77.60765598735092, 13.134096830340214], [77.60785320252263, 13.134095984022377], [77.60843470083925, 13.134089876782673], [77.60972547443349, 13.134076777648408], [77.61009425713578, 13.134116310005052], [77.61026456816663, 13.134114580907514], [77.61059281434316, 13.134091374643438], [77.61098171391814, 13.134051654211596], [77.6114468290157, 13.134044020808863], [77.61180045002334, 13.133873832704683], [77.61232291044772, 13.133595917364646], [77.61246359469718, 13.133501918176473], [77.61244924117291, 13.13349442735632], [77.61310516122258, 13.133042749181428], [77.61366598281005, 13.132613170239763], [77.61366639555058, 13.13262340684726], [77.61393279920297, 13.132398248044781], [77.61442898742142, 13.131984373942087], [77.61457614045511, 13.131861632499895], [77.61511385968464, 13.131217673576506], [77.61517120146893, 13.13120607254803], [77.61515413023336, 13.131169443600198]]]]}}, {"type": "Feature", "properties": {"Ward_No": 160, "Ward_Name": "Rajarajeshwarinagar", "Zone": "Rajarajeshwarinagar", "Risk_Score": 0.2917, "Alert_Level": "GREEN", "Severity_Band": "low", "Priority_Rank": 40, "Pop_Density_per_km2": 2051.3, "Green_Cover_Pct": 59.9, "Water_Stress_Index": 20.9, "Heat_Intensity_Index": 51.3}, "geometry": {"type": "MultiPolygon", "coordinates": [[[[77.53433480373748, 12.936494214078476], [77.53374357990293, 12.936042565822513], [77.53362245789643, 12.93541639017501], [77.5327704830582, 12.935497053172885], [77.53354281510066, 12.934025729517867], [77.53359160416049, 12.933985041204528], [77.53364834759122, 12.933920147464422], [77.53368057584845, 12.933863533824688], [77.53369583730564, 12.933750784470107], [77.53368924822894, 12.933619697954374], [77.53369704651392, 12.933619499612037], [77.53378026767633, 12.93337524019038], [77.5338962492266, 12.93315674503376], [77.53393995134778, 12.933095456569202], [77.53396051666272, 12.933083664529073], [77.53397324693866, 12.933042276454461], [77.53397482223524, 12.933037154273306], [77.53398935956635, 12.933013828557332], [77.53400244804601, 12.933010481843242], [77.53402472553734, 12.93300478846422], [77.53404490804441, 12.932955323049462], [77.53405178173396, 12.932933151911968], [77.5340614366642, 12.932901988964748], [77.53409355527677, 12.932798343619291], [77.53408678899748, 12.932677271389887], [77.53407688323676, 12.932508463714756], [77.53417437707172, 12.93241904588467], [77.53422170387003, 12.932233595964732], [77.53422024206085, 12.932088839027655], [77.53421829297065, 12.931895825921021], [77.53421691240271, 12.931759110132793], [77.53420725268705, 12.931614428210546], [77.534204897672, 12.93138120701603], [77.53425092508566, 12.931067082478968], [77.5342479204831, 12.930769522805118], [77.5342460527704, 12.930584550836691], [77.53433372157136, 12.930334368872176], [77.53444655933468, 12.930140240599593], [77.53459251325832, 12.929977965263545], [77.53472174640245, 12.929783677639612], [77.53482638581916, 12.929589628946296], [77.53485779890642, 12.929452594565024], [77.53483587593095, 12.929289519427565], [77.53484469542414, 12.929275813091], [77.53514492356574, 12.929465890789562], [77.53508996270494, 12.928895373238033], [77.5350624407025, 12.928606096181458], [77.53499360256428, 12.928285045844577], [77.53497476827168, 12.928043940590328], [77.53499635923322, 12.927746139739153], [77.53497841835994, 12.927593498691166], [77.53500193689614, 12.927370996259405], [77.53509681000162, 12.92731226598628], [77.53527178590997, 12.927125691525587], [77.53551401942354, 12.927041373412248], [77.53578376618962, 12.926958321173876], [77.53629054933181, 12.926800580456135], [77.53660892019953, 12.926660754368577], [77.53674716307204, 12.926546811868933], [77.53681145187078, 12.926417497491663], [77.53680958294429, 12.926232528143144], [77.53678222236513, 12.925959333809512], [77.5367288875047, 12.925549660626825], [77.53673302513825, 12.925147475291851], [77.53673099394058, 12.924946419005938], [77.53672888156598, 12.924737323887722], [77.53673456066271, 12.924487936437288], [77.53667767585152, 12.924175619588947], [77.53671554572337, 12.92402454334741], [77.53680876951589, 12.923759060696232], [77.53681793508866, 12.92373295618035], [77.53683808605695, 12.923675564768532], [77.53688115879046, 12.923548205251876], [77.5369972081077, 12.923438294913241], [77.53710305764952, 12.923387027642448], [77.53717002265087, 12.923386376685142], [77.5372764187219, 12.92338920954567], [77.53743027893891, 12.92341089820045], [77.53762364831749, 12.92344379715394], [77.53773862418453, 12.923516102007355], [77.53784977993472, 12.923600036158454], [77.53813203414734, 12.923852333984902], [77.53819966314911, 12.923917369337637], [77.53828036103938, 12.924105936292374], [77.53850423356857, 12.924428361531517], [77.53863964602648, 12.924573887471563], [77.53873130179225, 12.92467733267729], [77.53880949488341, 12.924776440301445], [77.53881883019787, 12.924783702163095], [77.53885639969249, 12.924812934729083], [77.53888497955892, 12.92481405830097], [77.53890073669615, 12.924814677511439], [77.5389427475953, 12.924805574646015], [77.53902654626377, 12.92476507018275], [77.53904609765236, 12.924726317152068], [77.53911215258601, 12.924684375527194], [77.53935538183494, 12.92463201353497], [77.53942185665301, 12.924631366710328], [77.53952879045538, 12.924612257879463], [77.53966955978666, 12.924583309142747], [77.53985254493156, 12.924490234035224], [77.54016088296619, 12.924302472649336], [77.54019705988158, 12.924291703285263], [77.54025146508441, 12.92427550392483], [77.54028897978148, 12.924259924598546], [77.54033511508833, 12.924220348409467], [77.540367603671, 12.924146128468367], [77.54035704815277, 12.923978859083782], [77.54032653091087, 12.923682250701154], [77.5402896176885, 12.923323490172693], [77.540285776237, 12.92328615128985], [77.54022844822813, 12.923095428770868], [77.54014814957556, 12.922824499081912], [77.5400738379569, 12.922488303803762], [77.5400280286589, 12.922340942132603], [77.53999110380153, 12.92219566347808], [77.53989718512534, 12.922111803065762], [77.53986565992135, 12.922062116727393], [77.5397312415039, 12.921917788945946], [77.53971824561702, 12.921910171839768], [77.53969111765343, 12.921894268690298], [77.53961137073843, 12.921897218700797], [77.53953388630876, 12.921904492594805], [77.53949622040828, 12.921904859044298], [77.53945848623165, 12.921898706116766], [77.53944765475475, 12.921887344186173], [77.53943384907765, 12.921872861034092], [77.53939655113716, 12.921690637434228], [77.53931131878258, 12.921397993240943], [77.53927029169472, 12.921257130271469], [77.53920845419906, 12.921116751886986], [77.53919981955119, 12.921097150869869], [77.5391206018803, 12.92091731938313], [77.53908690474722, 12.920871999940017], [77.53906224815204, 12.920843983181065], [77.53905502836106, 12.920787537926444], [77.53902548735932, 12.920612674681239], [77.5390220291668, 12.920592227670689], [77.53902035949335, 12.920427045704328], [77.53899515700003, 12.920236310820906], [77.53899396738417, 12.920227322933492], [77.53899596390367, 12.920205569282755], [77.53897409728303, 12.920194400216566], [77.53896255013039, 12.920188503630188], [77.53889395286312, 12.92019786492882], [77.53855365169544, 12.920292468707146], [77.53805171383532, 12.920399509577853], [77.53761852668414, 12.920467605196762], [77.53759521729229, 12.920527879102352], [77.53631157162702, 12.92052156150425], [77.53421254273536, 12.920511217413445], [77.5311094961485, 12.920689886926612], [77.5304273803318, 12.920794569189777], [77.52981189250902, 12.921027261753348], [77.52889159967167, 12.921401356710264], [77.52837499416059, 12.921593297123554], [77.52834177993088, 12.921595792967457], [77.52829075320547, 12.921589767113703], [77.52826392034822, 12.92156611616585], [77.52823233161969, 12.921509906215125], [77.52820530424167, 12.92146669456773], [77.52819150849535, 12.921416832365166], [77.52817892028645, 12.921266971454795], [77.5282585839575, 12.921212124113646], [77.52841085312927, 12.921192992562892], [77.52844174170018, 12.921179650893267], [77.52847249898709, 12.921153268006764], [77.52848312055897, 12.92110751758314], [77.52850409408566, 12.920989936690198], [77.52864758245796, 12.920495118112393], [77.52882566294392, 12.920134735244607], [77.52898529225752, 12.919922342013743], [77.52916880859631, 12.919661895663122], [77.52919283424251, 12.919626883733113], [77.52920437612725, 12.919599722475875], [77.52811062346693, 12.913868726188193], [77.52847248488882, 12.913822140719448], [77.52811747581735, 12.912738010391545], [77.52797911475022, 12.912200275076916], [77.52778490177387, 12.911617432449981], [77.52752903548662, 12.910852595621297], [77.52736314680361, 12.910221654173256], [77.5272367488842, 12.9095512075556], [77.52718172653235, 12.909147433652782], [77.52710147772665, 12.908659128547791], [77.52702454009204, 12.908279477357633], [77.52702682575435, 12.90811207214641], [77.52684139345777, 12.906670268330291], [77.52656795618526, 12.906666493912807], [77.52652582918591, 12.906669933449425], [77.52455719291882, 12.906688959790603], [77.52450447865978, 12.90646661960134], [77.52457870199869, 12.906317334709051], [77.52555556089013, 12.905565059258393], [77.52562879119195, 12.905316740193589], [77.52570003225456, 12.904870348497823], [77.52569749057017, 12.904617250031027], [77.52569419239968, 12.904288813370966], [77.52573673499137, 12.904191791819457], [77.52583316167872, 12.904126963391546], [77.52588540231176, 12.90408988210557], [77.52590895878562, 12.90408192700309], [77.52651713341915, 12.904234487867683], [77.52798743728565, 12.904722634846351], [77.52870749597747, 12.905032542133942], [77.52888214780236, 12.905082663671928], [77.5291451754738, 12.905074678412644], [77.52938502136013, 12.905029850584123], [77.52981322839554, 12.904913640913067], [77.53019771980273, 12.904759207469182], [77.53073048928428, 12.904464225723078], [77.53085468868666, 12.904394956550744], [77.53096928184655, 12.904315069289838], [77.53109895186209, 12.904282899252014], [77.53116981258951, 12.904278348136954], [77.53125646740983, 12.904277508903478], [77.53138301697325, 12.904326519547148], [77.53159313529545, 12.904459736104092], [77.5318440845912, 12.90473553603162], [77.53199122143712, 12.904873227156685], [77.53215075127257, 12.905026662302632], [77.53216337944461, 12.905030654605115], [77.53259143962649, 12.90492746597395], [77.53365021524012, 12.904793396440743], [77.53409771178, 12.904710629658435], [77.53404983304426, 12.903438484927534], [77.53441722273207, 12.903361733380796], [77.53448634746648, 12.903271752776412], [77.53444691601301, 12.902138603424488], [77.53442399766526, 12.90055874670808], [77.53454237403861, 12.899361958944587], [77.53457043908605, 12.899078201570457], [77.53433289344312, 12.899026248197423], [77.53411888649354, 12.898958565383536], [77.53405404656625, 12.89879642567682], [77.53375158115954, 12.898574582177009], [77.53370339727533, 12.89849754374498], [77.533623540856, 12.898413057043165], [77.53351215862914, 12.898336628625682], [77.53329924471662, 12.898377446557394], [77.53312404001596, 12.898239627360786], [77.53302063579427, 12.898170871941863], [77.53284566543486, 12.898056306480932], [77.53278145064675, 12.897956166846782], [77.5326454334593, 12.897786965472918], [77.53253350579509, 12.89765628570772], [77.53237144455716, 12.89740187916982], [77.53222801782434, 12.897042885181516], [77.53193987779242, 12.896435903203024], [77.53176680941073, 12.896077824828845], [77.5315172037699, 12.895639919360407], [77.53128154690539, 12.895230609408973], [77.53128132459632, 12.894916865771028], [77.53123143004234, 12.894669324111588], [77.53111176321694, 12.894554219340439], [77.53094622454634, 12.89456064371775], [77.53066383580071, 12.894600789830168], [77.53048155583237, 12.894738587178834], [77.53022976859657, 12.894841785035052], [77.52996217930507, 12.894945133232188], [77.52968218627076, 12.894947152341736], [77.5294647854612, 12.895049251374864], [77.52930550452557, 12.895124057880857], [77.52915879395471, 12.8951931801947], [77.52908769404668, 12.89519386776202], [77.52892985049176, 12.89521089523527], [77.52872445043343, 12.895212881313771], [77.52832983894146, 12.895255451629046], [77.5282113382012, 12.895256597201536], [77.5279980382544, 12.895258659083375], [77.52776886094054, 12.895253121369235], [77.52750010238762, 12.895240217720616], [77.527215702312, 12.895242966081474], [77.52698668053338, 12.89525292963105], [77.52663954445465, 12.895302789298364], [77.52634817786381, 12.895398615578191], [77.52618258949131, 12.89543121741313], [77.5260414757756, 12.895541090852047], [77.52600322148447, 12.895665474225908], [77.5259254636213, 12.89579023915249], [77.52578365435207, 12.89583036400594], [77.52564865127195, 12.895761910307423], [77.5255606603806, 12.89565424962176], [77.52548816035358, 12.89551543234986], [77.52540040761755, 12.895431021027267], [77.52530506149026, 12.895377685315555], [77.52513110425187, 12.895363863813099], [77.52494963833131, 12.895388867606304], [77.52477630299609, 12.895437046856156], [77.52465842373202, 12.89550018951921], [77.52451011138629, 12.895679891650751], [77.52442492168467, 12.895851233836275], [77.52442600997277, 12.895959736174332], [77.5244662084986, 12.896029105728509], [77.52455334402754, 12.896051516336714], [77.52466402110127, 12.89605820078625], [77.52475990926897, 12.89616578557097], [77.52482427849584, 12.896281427511697], [77.52492102212148, 12.896474264999592], [77.52497850018062, 12.89669073330952], [77.52497974428894, 12.896814735259657], [77.52495736674058, 12.896946715877043], [77.52491120963235, 12.897071175519407], [77.52485676388496, 12.897156959958718], [77.52475483908404, 12.897235452229491], [77.52455811637537, 12.897314862021881], [77.52442435652253, 12.897370409780859], [77.52418743241395, 12.897380447518215], [77.52404313998676, 12.897378808107051], [77.5237432298971, 12.897524220233057], [77.5235705955232, 12.89759286847807], [77.52340810423621, 12.897625351082434], [77.52327681272236, 12.897626618045585], [77.5231927835058, 12.89762742889297], [77.5230880075965, 12.897654201197367], [77.52303029210336, 12.897659911275348], [77.52296706355732, 12.897639910921416], [77.5229192307083, 12.897583694335804], [77.52282361675542, 12.897476416125837], [77.52270184646515, 12.8973796942664], [77.52261730321192, 12.897328984946997], [77.52253847481471, 12.897324592207188], [77.52249651188181, 12.897330150195085], [77.52229304881996, 12.897375822411908], [77.52214639988865, 12.897441598573206], [77.52213351684621, 12.897450708532066], [77.52210397318348, 12.897450993486377], [77.52204784682321, 12.897451534826729], [77.5219829168566, 12.897457957243978], [77.52191233578411, 12.897490521588342], [77.5218566159818, 12.897531634550646], [77.52179782608466, 12.897561182436183], [77.52169486820875, 12.897605649023744], [77.52160057108509, 12.897629745420142], [77.5215237650181, 12.897630486075322], [77.52146172843841, 12.897631084289129], [77.52139167656247, 12.897645415269183], [77.52132203545692, 12.897658153293362], [77.52127335792748, 12.897665145092809], [77.52123569512241, 12.897665508238795], [77.5212069157944, 12.897667959873559], [77.52115371910935, 12.897666298635416], [77.52108924872222, 12.897645181067233], [77.52105110687815, 12.897597726812466], [77.52101307158246, 12.8975611422598], [77.52098622284866, 12.897535315963163], [77.52095718224247, 12.897511684941737], [77.52094345306577, 12.897468343600524], [77.52089153623022, 12.897373202426923], [77.52084683351664, 12.897334505655346], [77.5208152503655, 12.897278293843168], [77.5207255402287, 12.897170472057278], [77.5206984085666, 12.897116391459356], [77.52066445709892, 12.89704498803595], [77.52057174743757, 12.896858941935559], [77.5205622980082, 12.896800342577713], [77.52055525816728, 12.896761285015158], [77.52062345692777, 12.896491088786716], [77.52074098595503, 12.896279105190068], [77.5208590349638, 12.89611928917197], [77.52087625989421, 12.896069126982244], [77.5208847079171, 12.89602774598898], [77.52089089639009, 12.895982038480879], [77.52089728314262, 12.895955891766901], [77.52090588355918, 12.8959297260273], [77.52091003017907, 12.895901426759226], [77.52090648622956, 12.895768865653768], [77.52091925737065, 12.895716572249647], [77.52094758167678, 12.895668477217688], [77.52095781029018, 12.895583605356029], [77.52098120189356, 12.895485564036594], [77.52101108671354, 12.895372243404541], [77.52114079977402, 12.894840406146232], [77.52114959691262, 12.89467029143142], [77.52114274722915, 12.894510629302646], [77.52112616689092, 12.894428349607082], [77.52113195680526, 12.89402318067701], [77.52113461899172, 12.893895631995191], [77.52112577533639, 12.893799106435052], [77.52112117584464, 12.893733456809628], [77.52105660928184, 12.893579506475843], [77.52097737162403, 12.893533898387002], [77.52091438932436, 12.893538370304258], [77.52084372667379, 12.893562236078814], [77.52077279080878, 12.893559054825252], [77.5207093828687, 12.893521021567498], [77.52066964681227, 12.893486625064824], [77.52060253415422, 12.893471814541241], [77.52019834966391, 12.893232255362147], [77.52004365700316, 12.89312554481754], [77.51973485449378, 12.892970079683444], [77.51961248119926, 12.892944208803135], [77.51949041961895, 12.892949247114503], [77.51938403772026, 12.89294640917634], [77.51918250691361, 12.892882656109165], [77.51902559285898, 12.892838750635844], [77.51894668771395, 12.89280252447773], [77.51885284597086, 12.892843494974551], [77.51879728993647, 12.892942657782816], [77.51873276903143, 12.893088137699511], [77.51869633566358, 12.89321485530101], [77.51864382708978, 12.893304741671432], [77.51856298184731, 12.893388736934186], [77.51847545555701, 12.893432729665191], [77.51840317193506, 12.893430342501714], [77.51817326512028, 12.893373997270137], [77.51788308498851, 12.893259668671103], [77.51774098313497, 12.893211678613534], [77.51764350679503, 12.893178757885554], [77.51737001590337, 12.893113373801915], [77.51731089021098, 12.893103895454905], [77.51723556337583, 12.89310462037156], [77.51718921106558, 12.893122455042995], [77.51714279355946, 12.893133770185756], [77.51712309350475, 12.893157870829418], [77.51710152282682, 12.893216768998737], [77.51705986323935, 12.893260643717003], [77.51703167102112, 12.89332177744415], [77.51700345472086, 12.893380739560945], [77.51690282283751, 12.893509957560301], [77.51686122837656, 12.893560354096914], [77.51680416780356, 12.893615245443621], [77.51666289448835, 12.893668772908569], [77.51659201879568, 12.893671628996458], [77.5165389748948, 12.89368517965084], [77.5165105000797, 12.893718061308258], [77.51650852310485, 12.893741991406374], [77.51649097373385, 12.893759548863692], [77.51644227725687, 12.893764365681651], [77.51639798630544, 12.893766965951507], [77.51634924400193, 12.893767434883383], [77.51626937630648, 12.893757334778584], [77.5162339516354, 12.893759847411935], [77.51617851792618, 12.893756034685842], [77.51614750097151, 12.89375206801813], [77.51602349455766, 12.893764046099854], [77.51592379629048, 12.893765005107582], [77.51588604702701, 12.893756673901471], [77.51585048966926, 12.893746147450527], [77.51582592301521, 12.893726820969615], [77.51581903610318, 12.893702976122468], [77.5158090449647, 12.893590039243684], [77.51580867568718, 12.89355308908366], [77.51577476959034, 12.893486030243483], [77.51575878452793, 12.893438361809153], [77.51572620154633, 12.893282168335668], [77.51571649052066, 12.893197488149744], [77.51574012549935, 12.893123355717812], [77.51582583534159, 12.892831252289595], [77.51584034569764, 12.892731122371579], [77.51588396078613, 12.892661143771557], [77.51588765424506, 12.892587203136827], [77.51589571212833, 12.89250669805759], [77.51588207108887, 12.892472049699306], [77.51585285775536, 12.892431028641944], [77.5158327642943, 12.892416007427906], [77.51580380926254, 12.8924010691253], [77.51578830213946, 12.892401218264663], [77.51575509128217, 12.892403711822308], [77.5156998774081, 12.89242163376295], [77.51563141105878, 12.892444026827755], [77.51557391604096, 12.892455450525919], [77.5153370079057, 12.892472943155763], [77.51529747717652, 12.892508102841683], [77.51526930392824, 12.892571412728673], [77.51525959047301, 12.892649764211955], [77.51507385055783, 12.892832486278506], [77.5149771768427, 12.892914567355943], [77.5149273063121, 12.89294982641982], [77.51479894870522, 12.892982419239345], [77.51479126528636, 12.892988573810396], [77.51477407019547, 12.892988739124057], [77.51448820589981, 12.892991487258833], [77.51423154090988, 12.892971079500533], [77.51402150122195, 12.892950227993621], [77.51383568764611, 12.89302063163879], [77.51383705788633, 12.893157851846604], [77.5141021765139, 12.894024451403633], [77.51414146569185, 12.894134083849169], [77.51415441239472, 12.894246992504879], [77.51411757031168, 12.894403853667663], [77.51397916353552, 12.894744283403638], [77.51395335772733, 12.894822784969227], [77.51394235264779, 12.894904044688863], [77.51390197877423, 12.894982785739979], [77.5138668783398, 12.895038090017799], [77.51386725460611, 12.895075764108059], [77.51388228687048, 12.895101702583025], [77.51393001215155, 12.895147615868549], [77.51398362101827, 12.895190576792377], [77.51404600235092, 12.895224756741126], [77.5141140646045, 12.895235694894662], [77.51414653568507, 12.895230143951927], [77.51422052503405, 12.89524626389448], [77.51427123561245, 12.895295048821842], [77.51428638372046, 12.895332578575257], [77.5143088871136, 12.895514954492663], [77.51429504170794, 12.895607833940907], [77.51425940997015, 12.895761234909152], [77.5141227356817, 12.8960827607129], [77.51410714900854, 12.896110138418326], [77.51403342667537, 12.896332021486812], [77.51397825786381, 12.896428196306072], [77.51396102420499, 12.896477632106393], [77.5139423129884, 12.896674894809362], [77.5139785438101, 12.896752800014491], [77.51398202116677, 12.896804937131062], [77.51398103344034, 12.897002029444874], [77.51397309808624, 12.89709484977201], [77.51393307267338, 12.897228556724274], [77.51386356599917, 12.89736834331073], [77.51376810615784, 12.897572140053262], [77.51369526670722, 12.897674278645546], [77.51364553752623, 12.897724029140322], [77.51357255562047, 12.897811678546521], [77.51345729115688, 12.897881207769004], [77.51343201300702, 12.897922160719068], [77.5133643183496, 12.897964391043603], [77.51331742953123, 12.898002519450428], [77.51327653536765, 12.898049284555855], [77.51325941730236, 12.898110313981858], [77.51327122547265, 12.898182627739326], [77.51329046398409, 12.898260726426782], [77.51332935941399, 12.89830962270745], [77.5134126240088, 12.898363891013446], [77.51346374279235, 12.898453245586351], [77.51355109033948, 12.898620505393893], [77.51357895178118, 12.898747761208808], [77.51354758285926, 12.898861098201296], [77.51350390840722, 12.898925281041347], [77.51342596466873, 12.899038806712829], [77.51323750922653, 12.899266504142759], [77.51295698246564, 12.8995204385418], [77.51290517619852, 12.899617929431077], [77.51287027644729, 12.899673331237551], [77.51283242276251, 12.89972876374568], [77.51277090619404, 12.899781523254925], [77.51267220193014, 12.89984049188341], [77.5125842082006, 12.899947096551532], [77.51246851213409, 12.89997281805506], [77.512421970096, 12.900045722676534], [77.51237948163923, 12.900228723432749], [77.51238029191491, 12.90030986733213], [77.51242196308299, 12.900376516584334], [77.51254708514327, 12.900444484787087], [77.51265398200644, 12.900498523798827], [77.51272832754853, 12.900547079406767], [77.51279986389915, 12.900610154844301], [77.5128892397812, 12.90068465121398], [77.51302101787162, 12.900863076459734], [77.51308029359713, 12.90095418215036], [77.51311427643422, 12.90105953347551], [77.51315938484065, 12.90112021451676], [77.51323420888559, 12.901186431525998], [77.51335658390575, 12.901260920358158], [77.51358821077379, 12.90139524665718], [77.51366057368477, 12.901400599181583], [77.5137438322878, 12.901420168601588], [77.51384209883167, 12.901457056323492], [77.51393754506171, 12.90150852410417], [77.51400652512808, 12.901583526045371], [77.51405230031821, 12.901711134446167], [77.51405006239825, 12.901757569605254], [77.51399757011714, 12.901874634720276], [77.5139658703065, 12.9019680652263], [77.51387161614566, 12.902035907964214], [77.51380359554797, 12.902056934416708], [77.51342399294765, 12.902069315935123], [77.51331415151411, 12.902061640720392], [77.51323406193966, 12.902062410743417], [77.51318383579282, 12.902083265961375], [77.5131335829053, 12.902101209443112], [77.51307131929782, 12.902104720023923], [77.51303569404627, 12.902102150529409], [77.51297628224829, 12.902093990355876], [77.5129139023595, 12.902085861013802], [77.51287533807812, 12.902086231735542], [77.51271224885913, 12.902093618809245], [77.51254319667768, 12.902098153423811], [77.51247209387414, 12.902107568169676], [77.51238025273045, 12.90212009189056], [77.51231483078179, 12.902147083508897], [77.51216394526661, 12.902147164353648], [77.51199541544032, 12.90220236773169], [77.51192125726251, 12.90220308036064], [77.51182037346052, 12.902201140103099], [77.51168043054706, 12.90214741837446], [77.51136216461498, 12.90214758505957], [77.51120404512696, 12.90227399581946], [77.51103920975065, 12.902403628185073], [77.51097179632423, 12.902485765206556], [77.510939775765, 12.902547185251768], [77.5109493144447, 12.90261111807034], [77.51103600633851, 12.902677221725419], [77.5110842523701, 12.90275533338512], [77.51111522199685, 12.902885996735403], [77.51109006495061, 12.903040481314662], [77.51099708759102, 12.903236359831999], [77.51098888743799, 12.903306284715025], [77.51098077207955, 12.903384940125354], [77.51094927434242, 12.90349874090317], [77.51090157721781, 12.903772759568488], [77.51089736973869, 12.903919308435963], [77.51180900049107, 12.904013632044805], [77.51221326569784, 12.904014638497069], [77.51224804612164, 12.904526503874965], [77.51224577280995, 12.905486902981705], [77.51222715710713, 12.906296126069678], [77.51215628259843, 12.906625662942236], [77.51209137175772, 12.90666120996812], [77.51193714785757, 12.90666560217856], [77.51151600924285, 12.906678381409979], [77.5110535139326, 12.906709017743056], [77.51080486467133, 12.906704162832675], [77.51075338024353, 12.906734420391603], [77.51063545084547, 12.90680978257048], [77.51052174045164, 12.906891147882755], [77.51046051091464, 12.906938855311154], [77.51044594409946, 12.906956531955931], [77.51041732883377, 12.90699988071866], [77.51039544821555, 12.907046851604667], [77.51038077800288, 12.907096447793888], [77.51037362358622, 12.907147611652972], [77.51037413912563, 12.907199252306652], [77.51038231361265, 12.907250266588095], [77.5103953020103, 12.907292706816248], [77.51045035318067, 12.907346920555153], [77.51054316637794, 12.90744642656167], [77.51063034985827, 12.907550718884645], [77.51064023679976, 12.907563303415635], [77.51069434511038, 12.907643979214171], [77.51076146651592, 12.907731538156726], [77.51083440121305, 12.907814500915658], [77.51091282251863, 12.9078925005551], [77.51091854359578, 12.907897800028886], [77.5109290956991, 12.907905213362124], [77.51096653028446, 12.90793729951659], [77.51099853286676, 12.907974616532082], [77.51102435434458, 12.908016288067417], [77.51104338845708, 12.908061339265483], [77.51105518842579, 12.908108710470684], [77.51105948146986, 12.90815729409619], [77.51105615953792, 12.908205950903385], [77.51104644941152, 12.908249795743965], [77.51102691367251, 12.90836015563481], [77.51099504176209, 12.908502376833587], [77.5109559256381, 12.908642845057244], [77.51090966553424, 12.90878121008771], [77.51087268190729, 12.908877637990656], [77.51083110258743, 12.908955384514107], [77.5107720269605, 12.909051888251488], [77.51070670838502, 12.909144436715081], [77.5106728237126, 12.90918782923376], [77.51066749964035, 12.909192302732544], [77.51061871482717, 12.909227794030835], [77.5105657788695, 12.909257008577546], [77.51050952887908, 12.909279482677185], [77.51045085022943, 12.909294863191906], [77.51039066950584, 12.909302909922383], [77.51033026824932, 12.909303511096962], [77.51031446031739, 12.909304814826578], [77.510251875423, 12.90931459620042], [77.51019090669335, 12.909331569149074], [77.51013241473963, 12.909355498738158], [77.51007721667533, 12.909386044056555], [77.51002701956882, 12.90942202529851], [77.50987482676152, 12.909547874949665], [77.50979651811485, 12.909613697143143], [77.50976006467162, 12.909650152309878], [77.5097186154442, 12.909681220056358], [77.5096730804265, 12.909706179253334], [77.50962438597585, 12.909724530656714], [77.50958167762136, 12.909734574296364], [77.50958097302058, 12.909734849365528], [77.50950466609139, 12.909760758683142], [77.50942624717193, 12.90977964536547], [77.50934638672845, 12.909791357254631], [77.50927897140855, 12.90979556437329], [77.5092753759998, 12.909858901760568], [77.50940561698151, 12.91028475133206], [77.5096262147182, 12.910985453617771], [77.50979536168653, 12.911435642738507], [77.50990575285557, 12.911572090945853], [77.51008375992052, 12.911795195860087], [77.51042830068597, 12.912206592368134], [77.5104799499648, 12.912254114880087], [77.51049805516156, 12.91228449940539], [77.51053962756406, 12.912436887883851], [77.51064705120223, 12.912944417123441], [77.51076456994316, 12.913571897558953], [77.51090100562286, 12.914087878929735], [77.5109547098785, 12.914286749331314], [77.51123506547195, 12.914226211902513], [77.51165095247354, 12.914353652260898], [77.51183386044603, 12.914356875265543], [77.51220269245509, 12.914347087455338], [77.51339061389234, 12.91430285620314], [77.5133866125957, 12.915070480750597], [77.51341461370873, 12.916118483178785], [77.51241706054748, 12.91621571266672], [77.51242628074036, 12.916247637278584], [77.51242383852747, 12.91630004410536], [77.51236302376932, 12.916449050187671], [77.51220001585054, 12.91705885540224], [77.51207484273213, 12.91729870127761], [77.5117622840881, 12.917787715819918], [77.5116012499702, 12.918001710263017], [77.51156672784143, 12.91810972103081], [77.51154092899203, 12.918200185228129], [77.51149844110023, 12.91869824505795], [77.51144044957196, 12.919129515373015], [77.51145100801891, 12.919295297518417], [77.51154140140804, 12.91973096206295], [77.51157717822261, 12.919768480627113], [77.51159924834657, 12.919789711524155], [77.51163299150132, 12.919812257198851], [77.51166813693116, 12.919829074115496], [77.51170467751436, 12.919840157716559], [77.51175330311851, 12.91985697214056], [77.51181583543193, 12.919879654819333], [77.51184590717874, 12.919920105516006], [77.5118856378766, 12.920332977539685], [77.51188619076535, 12.920388267540487], [77.5118909580355, 12.920444342708006], [77.51189141888507, 12.920490428115317], [77.5118876135337, 12.920518520623322], [77.51187782077967, 12.920560696375736], [77.51186378422915, 12.920586884327161], [77.51185789703364, 12.92061098855163], [77.51184181633529, 12.92063719385843], [77.51179995931963, 12.920665569228312], [77.5117792800269, 12.920674497213474], [77.51169926937222, 12.92068399836749], [77.51163109822836, 12.920690473603855], [77.5116753304864, 12.921075783073592], [77.51172548783717, 12.921315780896833], [77.51169749048465, 12.921381635854015], [77.51171715709384, 12.921756220638176], [77.51175450193358, 12.921997889054623], [77.51174620623814, 12.922212870543563], [77.51163320773286, 12.922780483392186], [77.5114912951821, 12.923717967540783], [77.51107114066875, 12.923735110688721], [77.51099400771352, 12.923735852781295], [77.51052284488732, 12.923792768697076], [77.51048433775733, 12.92379896075586], [77.51045784012655, 12.923819585660757], [77.51044018709715, 12.923834306142481], [77.51045933856183, 12.923939284194233], [77.51052069237849, 12.924171118654378], [77.5105267130939, 12.924476634269427], [77.51042596702771, 12.924786088911548], [77.51039230206777, 12.924782045921223], [77.51021189389806, 12.924710764156776], [77.50781132470324, 12.924825333611674], [77.50578585035791, 12.925142129687696], [77.50535835331245, 12.925279080333693], [77.50513639444551, 12.92539793152729], [77.5051271624883, 12.925504001575169], [77.50504177287642, 12.925711734965097], [77.50488410669882, 12.92589492790549], [77.50474681508287, 12.926057737841264], [77.50464553809256, 12.92622020437491], [77.5044780374605, 12.926448913182979], [77.50439673232377, 12.926550625823989], [77.5042583854651, 12.926607468884384], [77.50399636990981, 12.926701520455678], [77.50358401925418, 12.927004261189794], [77.50340764376557, 12.927153727568152], [77.50286615367077, 12.927612599858902], [77.5025879678302, 12.92783867118872], [77.50264598141062, 12.927904625885189], [77.50277435325519, 12.928058574849736], [77.50289691042617, 12.928217018047832], [77.50301348342131, 12.928379746636216], [77.50302098460408, 12.928390661174273], [77.50304385950795, 12.928430141152294], [77.5031091003957, 12.928532487662368], [77.50318058228316, 12.928630742802047], [77.5032580350525, 12.928724539085751], [77.50334117700295, 12.92881352995572], [77.5034296935616, 12.92889738304753], [77.50352325621479, 12.928975786947403], [77.5035410986981, 12.928989676135993], [77.50359992748089, 12.929020519116158], [77.50372356327064, 12.929079194026064], [77.50385025713277, 12.929131217554058], [77.50397963731592, 12.92917643598479], [77.50411132048663, 12.929214716531396], [77.50424492589924, 12.929245949512497], [77.50433895465058, 12.92926349730324], [77.50443547778792, 12.929288804172735], [77.5046110561991, 12.929340626314515], [77.50478436194277, 12.929399341902482], [77.50495511582182, 12.929464854163035], [77.50512304326172, 12.929537057027245], [77.50526902698897, 12.929606415091685], [77.50531391718616, 12.929628923785614], [77.50538598693106, 12.929671617875927], [77.50545392955921, 12.929720392985308], [77.50556877901505, 12.92959447431988], [77.50620101450623, 12.929516758156284], [77.5069792784037, 12.929158060595356], [77.50760948396521, 12.929010956390238], [77.50820631335358, 12.92912108135173], [77.50848899403273, 12.929143549140054], [77.5089254252404, 12.929134314937812], [77.50983403237942, 12.929095352499932], [77.50985270991266, 12.928908787158086], [77.51097220549187, 12.928903052771318], [77.51095811391293, 12.9295479790309], [77.51096516386038, 12.92973933194652], [77.51096667549946, 12.929890439907565], [77.51091215521303, 12.930087423001272], [77.51090762904134, 12.930661731182974], [77.51091135797402, 12.931034463986153], [77.51093054823383, 12.931925901547917], [77.51094902831076, 12.932233006206403], [77.51093609190522, 12.932479964755498], [77.51081873822734, 12.932556655701074], [77.51064520315266, 12.932664110508957], [77.51051767945007, 12.932750974385426], [77.51031302990202, 12.932828505377994], [77.51009302464074, 12.932911221583632], [77.5099398767381, 12.933003369404279], [77.5097501289348, 12.933030383184537], [77.50960155963773, 12.93306707345748], [77.50922724701371, 12.933126085822405], [77.50902958355807, 12.933176031703004], [77.50910749668107, 12.933257729132361], [77.50910778752603, 12.933258045519684], [77.50921725135234, 12.933364740595362], [77.5094291350324, 12.933563434859487], [77.50964608268656, 12.933756797415953], [77.50986795632814, 12.93394470699497], [77.51009461091876, 12.934127044707994], [77.5102234935676, 12.934226615823835], [77.51030565384936, 12.934298844362436], [77.5104599925976, 12.934427007968466], [77.5106190008826, 12.934549559268604], [77.51078246716125, 12.93466633144753], [77.51095017059662, 12.934777171657565], [77.51112189035045, 12.934881927051638], [77.51129739633707, 12.934980463375808], [77.51147645375401, 12.935072646422249], [77.51165568464864, 12.935156942864014], [77.51282164311412, 12.935495342465403], [77.51378138625077, 12.935768501287418], [77.51392751680393, 12.935820195103963], [77.51431991912649, 12.935959006213611], [77.51498156403204, 12.936077466006521], [77.51576015540851, 12.936194795763173], [77.5166558600498, 12.936327860953746], [77.51759182794005, 12.936359313711545], [77.51833177105419, 12.936396033156008], [77.51908267782105, 12.936496747130999], [77.51980408602716, 12.936742831006134], [77.52038082991655, 12.936970063712057], [77.52064045662843, 12.937132883707982], [77.52107191282862, 12.937621319810367], [77.52160989293532, 12.938098605652845], [77.52211944542462, 12.938485063908537], [77.52263158888393, 12.938787146136216], [77.5229537758096, 12.939013462597936], [77.52349271503931, 12.939585205001608], [77.52419191561093, 12.94035783631879], [77.52447415602026, 12.940716123223847], [77.52496081916229, 12.941561665658117], [77.52529043855424, 12.94208875560966], [77.52594192372244, 12.943018171704457], [77.5265869374382, 12.943911659169498], [77.5269286854225, 12.944246039439438], [77.52702831040276, 12.944343517674202], [77.5274841510353, 12.94477434667815], [77.52797538328616, 12.9452387800856], [77.52810409786073, 12.945360471534622], [77.52810363290736, 12.94536089930693], [77.52813031752663, 12.94537937726424], [77.5281750318302, 12.945350566432445], [77.52817812916766, 12.945348572726745], [77.52818883389499, 12.945341675870784], [77.52821649185645, 12.945323854904105], [77.52824942153462, 12.945298213742786], [77.52827918957358, 12.94527239971753], [77.5282916330564, 12.945261609560994], [77.52831219514856, 12.945247738485556], [77.52867555445582, 12.945113827506184], [77.52894635960587, 12.944999342962392], [77.5289647945871, 12.944991547668607], [77.52919600428328, 12.944906286747875], [77.52922653410126, 12.944886575934765], [77.52925072646698, 12.944870955704477], [77.52928268122457, 12.944857152087586], [77.52939990097096, 12.944778848990092], [77.52945851080297, 12.944739696270123], [77.5295949434482, 12.944616195224887], [77.52961733119935, 12.944586960239413], [77.52961920710737, 12.944584508857098], [77.52968515026343, 12.944526860337342], [77.52997654726019, 12.944121177284524], [77.53010731343916, 12.943924601754482], [77.53017999863148, 12.943818164120458], [77.53035141813952, 12.94356713208756], [77.5303834258209, 12.94350952844941], [77.53038495888833, 12.94350722147974], [77.5304306217529, 12.943438577618364], [77.53086292854145, 12.942648958238552], [77.53088169714185, 12.942612796509273], [77.53093271691898, 12.942520983150919], [77.53140983957611, 12.941662302159932], [77.5314195909827, 12.941645554578765], [77.53143443481444, 12.941620061038016], [77.53147251040701, 12.941564891722212], [77.53212028739082, 12.940460169496566], [77.53238987227334, 12.940014172725197], [77.53250973257906, 12.939815875394293], [77.53267219186519, 12.939562070957711], [77.53290497877894, 12.939198395919515], [77.53298389132412, 12.939075115030425], [77.53312413476935, 12.938835348185071], [77.53337601879977, 12.938404711740828], [77.5338035157419, 12.937725267987135], [77.53386205767136, 12.937622429722634], [77.53391964727108, 12.937521261367438], [77.53409126927878, 12.936960233367774], [77.53418713050607, 12.936696223660327], [77.53419476096843, 12.936675201601442], [77.53424918381344, 12.936600447210388], [77.53425317952279, 12.936594963818889], [77.5342645036474, 12.936579408240007], [77.53427094133617, 12.936570563605757], [77.53429676190987, 12.936535094186375], [77.53433480373748, 12.936494214078476]]]]}}, {"type": "Feature", "properties": {"Ward_No": 84, "Ward_Name": "Hagadooru", "Zone": "Mahadevapura", "Risk_Score": 0.2916, "Alert_Level": "GREEN", "Severity_Band": "low", "Priority_Rank": 41, "Pop_Density_per_km2": 2043.8, "Green_Cover_Pct": 59.9, "Water_Stress_Index": 20.9, "Heat_Intensity_Index": 51.3}, "geometry": {"type": "MultiPolygon", "coordinates": [[[[77.77849901505554, 12.977076664368402], [77.77848382360904, 12.976986374227543], [77.77848400890086, 12.97698310240568], [77.77842996144406, 12.976882747405412], [77.77829180913011, 12.976623235481027], [77.77816348891805, 12.97645445938599], [77.77809619657629, 12.97635280050716], [77.77803679791822, 12.976300084078199], [77.7778979328084, 12.976241006455364], [77.77774304041597, 12.976195079927903], [77.7776848381958, 12.976202720158406], [77.77767694271914, 12.976194782530966], [77.77756496744122, 12.976183183947475], [77.77745207108457, 12.976211786025218], [77.77736148494589, 12.976263221312736], [77.77732800933532, 12.976293858528752], [77.77721093025767, 12.976475350786647], [77.77717182834287, 12.976529119695217], [77.77713843275178, 12.976566966351347], [77.77710193459917, 12.97659042784277], [77.77707109237554, 12.976593640971737], [77.77701518067764, 12.976589911583561], [77.77689427853502, 12.976559480453902], [77.7768690922864, 12.976542447512754], [77.77684386035276, 12.976521088407795], [77.77682506722351, 12.976459097325753], [77.7768206980464, 12.976418772730435], [77.77681451665504, 12.976391921495885], [77.77678677637995, 12.97636530284549], [77.77676898653701, 12.976352034228738], [77.7767392846299, 12.976325434211002], [77.77672549871173, 12.976319814131765], [77.77662390702521, 12.976174785160843], [77.77656056346731, 12.976119707791081], [77.77647925698246, 12.976035980988192], [77.77643521427056, 12.975953780181541], [77.77643489411207, 12.97592494697442], [77.77644037104206, 12.975888360549574], [77.7764576081887, 12.975851646220853], [77.77648457992785, 12.975809060606892], [77.77652523083694, 12.975762485562859], [77.77653656415363, 12.975723912611986], [77.77653017174853, 12.975677839968425], [77.77650036325402, 12.975641630373566], [77.7764048655725, 12.975515759801159], [77.77632756564117, 12.975439683736647], [77.77620867573889, 12.975325597503812], [77.77615683661169, 12.975247325510324], [77.77609016598275, 12.975069241006539], [77.77603830560147, 12.974989045213713], [77.77597159244726, 12.974807113132972], [77.77595311990777, 12.974732330472227], [77.77596411187744, 12.974663000557536], [77.77599289586992, 12.974606939324671], [77.77602934847373, 12.974535415904468], [77.7760370834682, 12.974525720336711], [77.77609935942715, 12.974484679509567], [77.7761874611566, 12.974474125854764], [77.77619915436296, 12.974472003019562], [77.77619910112523, 12.974467207503094], [77.77647694471023, 12.974415280899553], [77.7765450816871, 12.97437225803975], [77.77661666987686, 12.974286898428328], [77.77666307259479, 12.97422872733878], [77.77667672797216, 12.974222814188924], [77.77669232358775, 12.974214956335398], [77.77671563282408, 12.974195481457448], [77.77671550476563, 12.97418394817581], [77.77670751605123, 12.97417057716792], [77.77669767005317, 12.974166834347228], [77.77669749930152, 12.974151455867366], [77.77671286013113, 12.974122452893045], [77.77676126706758, 12.974068103733746], [77.77690167044747, 12.973824362826146], [77.7769597050738, 12.973754530528133], [77.77703762132225, 12.97370947916517], [77.77707839992027, 12.973674437396339], [77.77712674030305, 12.973614321586984], [77.77716760662975, 12.97358697017771], [77.77724379600389, 12.973563084832978], [77.77734770398932, 12.973563898989514], [77.77742604704804, 12.973557292557222], [77.77746312058318, 12.973541516264348], [77.77753560257078, 12.973536896387703], [77.77758264542031, 12.973536393883212], [77.77761590250675, 12.973530271310155], [77.77773116959726, 12.973494433760132], [77.77782636277132, 12.973416513078126], [77.77787065633945, 12.973344905764543], [77.77788976463961, 12.973300482430805], [77.77789125650011, 12.97325817127385], [77.7779051680143, 12.973134790715195], [77.77790561312759, 12.973134742023024], [77.77790545415137, 12.973134228038795], [77.77791033947501, 12.973103412957059], [77.77794124580815, 12.973062068681285], [77.77800280218379, 12.972956308960008], [77.7780259546338, 12.972922738816045], [77.77808566736773, 12.972886213548772], [77.77820276518406, 12.972838821662132], [77.77830190669849, 12.972822382150403], [77.77840908911608, 12.972823799198668], [77.7785240846892, 12.972822570494502], [77.77865984335564, 12.972808301818105], [77.77869887590144, 12.972792504450855], [77.77877938477441, 12.972745503307337], [77.7788311417969, 12.972698809391332], [77.77889588192984, 12.972644285431624], [77.77896527940096, 12.97253844178432], [77.77900314189479, 12.972417557166237], [77.77899978916481, 12.972350945124965], [77.77896305044725, 12.97210268642813], [77.77878583427523, 12.971679052089335], [77.77856341529063, 12.971186688018895], [77.77842901014873, 12.970852315270786], [77.77840954984796, 12.970747421076345], [77.77842170734017, 12.97066526300518], [77.77843926020002, 12.970598427582061], [77.77847482372941, 12.97050576362875], [77.778716963029, 12.970185310610963], [77.77875829430536, 12.97014129272391], [77.77878422953161, 12.970123070815202], [77.77882854553015, 12.970112343820276], [77.77886510774562, 12.970109388646403], [77.77890433684517, 12.970111534046287], [77.77900393513856, 12.970136103678438], [77.77913498031535, 12.970168028545435], [77.77917159714391, 12.970170201815627], [77.77926568380202, 12.970169196437693], [77.77934664505769, 12.97016320452754], [77.77948447145421, 12.970139085586055], [77.77973889012328, 12.970139786726582], [77.78009023187322, 12.970081343769326], [77.78030218945688, 12.97002439269454], [77.7804064638838, 12.969999353155142], [77.78053558391889, 12.970015061996467], [77.78062304311328, 12.97004488982344], [77.78068978228663, 12.97009202600583], [77.78079553824817, 12.970200268359722], [77.7809255257895, 12.970415328303622], [77.78092585050216, 12.970415267019836], [77.78092568630633, 12.97042573734001], [77.78101849754383, 12.970545224771561], [77.78112667615443, 12.970636351846666], [77.78126067825463, 12.970699004421132], [77.7813709586407, 12.970743965821086], [77.78151515345125, 12.970783440017204], [77.78162784903631, 12.970810432994448], [77.7817142366965, 12.970822324743498], [77.78176133587402, 12.970826947726133], [77.78187039308719, 12.970834848431444], [77.78219296307843, 12.970858220245665], [77.78241789579153, 12.970871191825342], [77.78282588423671, 12.970892460357334], [77.78292264020182, 12.970896554097111], [77.78301149757043, 12.970895603265381], [77.78306905290155, 12.970900114113348], [77.78310569823452, 12.970904846398412], [77.78312924900925, 12.970907158903945], [77.78315277125377, 12.970906907184649], [77.78316580880313, 12.97090420313673], [77.78317056240161, 12.970906959603521], [77.78319850106598, 12.970876617024157], [77.78323148185255, 12.970845505931319], [77.7832470128023, 12.970831878844306], [77.78325287139272, 12.970829894486032], [77.78325272166278, 12.970816437520854], [77.78325252917517, 12.970799137690342], [77.783240533968, 12.97077811853285], [77.78314582712864, 12.97072337609524], [77.78303373710503, 12.970691893444542], [77.7830023543052, 12.97069030528789], [77.78298464791541, 12.970684729771227], [77.78298055839306, 12.97066939098656], [77.78298615797746, 12.970644337901454], [77.78305509924427, 12.97049748682814], [77.78306804844102, 12.970428136064587], [77.78314570563349, 12.970360014535672], [77.78325817199993, 12.97024922543716], [77.78330835452911, 12.970200383257968], [77.78332859751022, 12.97016988716443], [77.78334599675246, 12.97014807244752], [77.783395676256, 12.970120142669085], [77.78344570636536, 12.97012393619757], [77.7834635891802, 12.970145371021001], [77.78348878870355, 12.970163846203004], [77.78351243920152, 12.97017512768373], [77.78354620435361, 12.970170442004616], [77.78356205218631, 12.97014143360467], [77.78357499450699, 12.97011534226064], [77.78358186432446, 12.970072009395118], [77.78357367899893, 12.969997117529035], [77.78358340149704, 12.969813889120086], [77.78364782416755, 12.969657473421691], [77.7837093846442, 12.969508296316613], [77.78384562651813, 12.96919971006197], [77.78388339920073, 12.969158932413807], [77.78388556215155, 12.96915730441145], [77.78387572334898, 12.969101854988768], [77.78387060401458, 12.969073008557395], [77.78393022990247, 12.968990287037588], [77.78394859290492, 12.968878583308582], [77.78397244604028, 12.968732212429593], [77.7840479229684, 12.96846801454687], [77.78405145629756, 12.968433370652884], [77.78402966055286, 12.968412456414308], [77.78398632335909, 12.968393692072926], [77.7839192312815, 12.968354036752437], [77.78385942455185, 12.968264317135478], [77.78387725050804, 12.968104554513001], [77.78393791920311, 12.967919337922657], [77.78394279381352, 12.967828926073826], [77.78380360468589, 12.967828493985332], [77.78380511472022, 12.96778810444552], [77.78389163051229, 12.967635295688911], [77.78391632260254, 12.967563897614875], [77.78394376714778, 12.967211775794546], [77.7839594628159, 12.967036653442017], [77.78394324529964, 12.966988762347333], [77.78391930293799, 12.966958424611839], [77.78392015544456, 12.966953032063437], [77.78390887817372, 12.966899459549841], [77.78394222993516, 12.966813788762952], [77.78394889838897, 12.966796653700865], [77.78397169841016, 12.966731524172896], [77.78398575880574, 12.966673696133173], [77.78398113919916, 12.966655000704135], [77.78397073596291, 12.96664501810954], [77.78395734468867, 12.966630743174862], [77.7838970083559, 12.966625621543134], [77.78380710991654, 12.966606395679081], [77.78369375619184, 12.966593190365899], [77.78358495551244, 12.966592911546062], [77.78355889456566, 12.966604426675119], [77.78318659091404, 12.966553722335345], [77.7831473952395, 12.966514667801224], [77.78294649681646, 12.966416557491868], [77.78230724275612, 12.966177308673867], [77.78181303102022, 12.966027648683937], [77.78158072450879, 12.96603013251138], [77.78119691898371, 12.966198294108606], [77.78107584854472, 12.96629609710528], [77.78103979319654, 12.966291774333298], [77.7807940153293, 12.966420472945362], [77.7805876155661, 12.966331394129414], [77.78018779714705, 12.96631288226369], [77.77974707047076, 12.966376834996703], [77.77952961249282, 12.966461188853996], [77.77930250870381, 12.966513744995165], [77.77913969223077, 12.966497255089477], [77.7791037366425, 12.966607010076883], [77.77908217712374, 12.966757629989214], [77.77907404734552, 12.966862529837888], [77.77906576813159, 12.966953762234132], [77.77900868230098, 12.967355337009451], [77.77898188496809, 12.96736936863727], [77.77898159898173, 12.967369519690855], [77.77898287038582, 12.967384000712864], [77.77881157219282, 12.96758027057157], [77.77822003193145, 12.96787217289133], [77.77784335827833, 12.967985568815678], [77.77767650089824, 12.968023809123133], [77.77752162811527, 12.968025462820519], [77.77739725778137, 12.967984257318811], [77.77692967240648, 12.967721894200661], [77.77637670846332, 12.967581964480113], [77.77616446472743, 12.967438399895354], [77.77562173423036, 12.967103918670372], [77.77443103192925, 12.966442153832975], [77.77388938300466, 12.96620487810044], [77.77333433563443, 12.965876599502307], [77.77315899330853, 12.965708331920027], [77.77256819209083, 12.964949016848085], [77.77209954195014, 12.964589434898183], [77.77185053649752, 12.964482713851986], [77.77153345415779, 12.964382792576464], [77.77142120628218, 12.964317150263607], [77.77128350723359, 12.964191013642004], [77.77094885922064, 12.9636234061081], [77.7704258104446, 12.962826905938622], [77.77030656321374, 12.962688419944657], [77.76794612483587, 12.963049617375672], [77.76763497680452, 12.963486790626021], [77.76566514824441, 12.962516048249038], [77.7590554238917, 12.959961431782938], [77.75901796086234, 12.959946984876753], [77.75901789858331, 12.959947110412616], [77.75762495014591, 12.959409807561826], [77.75760164034206, 12.959400820637772], [77.75758769575857, 12.959325233484284], [77.75755573050311, 12.959270883443452], [77.75750297346639, 12.959227009666044], [77.75741184675935, 12.959180122128643], [77.75723750574424, 12.959171717537345], [77.75715365156604, 12.959152098366662], [77.75708691656172, 12.959104954644909], [77.75703044694544, 12.959040610362466], [77.75696753989, 12.959024187152396], [77.75691905533749, 12.959052041558097], [77.75687383407715, 12.959120157001108], [77.75686615019738, 12.959117195110377], [77.75677910552118, 12.959083625810052], [77.7565240940369, 12.958946851598007], [77.7560654712421, 12.958756885156337], [77.7557711123813, 12.958609611570724], [77.75325876235199, 12.957844076465966], [77.75043699149347, 12.956975178002246], [77.7497711296117, 12.95676527807852], [77.74950070193356, 12.955809079380856], [77.74948551964106, 12.955808638452572], [77.74921352759486, 12.955793567694359], [77.74904907870821, 12.955813247022093], [77.74870391221751, 12.955798948334035], [77.74839038737268, 12.95580994727778], [77.74833039116061, 12.955820834362855], [77.748064746326, 12.955875392815042], [77.74805296638735, 12.955887200066075], [77.74820875631316, 12.958362298656194], [77.74773551645201, 12.958429272557034], [77.74666470037464, 12.958750483118076], [77.74551090958958, 12.957028747102006], [77.74550318968774, 12.957111309776415], [77.74550369550455, 12.957157446494898], [77.74550434184157, 12.957216400124382], [77.74550195207947, 12.957236932905793], [77.74548377191445, 12.957247378423318], [77.7454523269128, 12.957240020853277], [77.74539682626113, 12.957184207989268], [77.74511673935044, 12.956907742202796], [77.74503849794458, 12.956846184167988], [77.74501664804954, 12.956810514711428], [77.74484819248126, 12.95670291701397], [77.74472922719988, 12.956659735823221], [77.74467837228626, 12.956654522991295], [77.7446743015678, 12.956647112594514], [77.74467187889483, 12.956642704998742], [77.74457564623889, 12.956637429397299], [77.74452686063202, 12.956637943691197], [77.74446065479037, 12.95663864161318], [77.7444223250908, 12.956639045665604], [77.74436926849081, 12.956567828361798], [77.74433397388871, 12.95652718289731], [77.7442955669706, 12.956520754188134], [77.7442358807711, 12.95648036581286], [77.74404752929897, 12.956147388944972], [77.74403969665866, 12.956068856707104], [77.74402523674755, 12.956021158032849], [77.74395505976558, 12.955977464505706], [77.74389529651035, 12.955930240959413], [77.74385955278285, 12.95584858491829], [77.7438625879921, 12.955807537719043], [77.74385157284699, 12.955756384787673], [77.74384089467758, 12.955735989713453], [77.74383376847227, 12.955699762556517], [77.74377386299747, 12.95566150155713], [77.74371046559406, 12.955600644504637], [77.7436345954185, 12.955355348060102], [77.74358839838489, 12.955273802097214], [77.74349832612148, 12.95500473197798], [77.74343459443047, 12.954913116912996], [77.74339592806926, 12.954882762889511], [77.74335369999942, 12.954845610512752], [77.74324493310982, 12.954460522726746], [77.7432128264729, 12.954392502249831], [77.74316014502624, 12.954355457633696], [77.74313178255102, 12.954311323251268], [77.74317970454294, 12.954232203552706], [77.743200882603, 12.95415081486188], [77.74310302787373, 12.954084106755651], [77.7430977981673, 12.954062144137657], [77.74307135577212, 12.954034225868561], [77.74300770637147, 12.953950298952007], [77.74297873364769, 12.953930096525452], [77.74293411118518, 12.953912623552974], [77.74286835254601, 12.953874863271226], [77.74276233052969, 12.953740115841144], [77.74273838810423, 12.953701915066697], [77.74270405072787, 12.953668950680926], [77.74267754993303, 12.953635906063166], [77.74266676207726, 12.953605258244393], [77.74263776131724, 12.953582489139567], [77.74256141141879, 12.953532024191732], [77.74250610875153, 12.953494155978952], [77.74243498559639, 12.953443633624769], [77.74241649448467, 12.953425885339458], [77.74236925757509, 12.953408437465722], [77.74234568239773, 12.953403558828644], [77.74230085891233, 12.953368142502107], [77.74226657539766, 12.953340304379466], [77.74222436882891, 12.953304860477576], [77.7421691503917, 12.95327467818081], [77.74211663071398, 12.953252161284263], [77.74207200838643, 12.953234685814554], [77.74201414739743, 12.953201969005276], [77.74194319276803, 12.953166827748264], [77.74189067074295, 12.953144308509872], [77.74183801082357, 12.953108974591661], [77.74177472916662, 12.95305837176012], [77.74170399902529, 12.953043735702781], [77.74165437209945, 12.95304682048183], [77.74158906505107, 12.953050072641997], [77.74152634447026, 12.953050732944847], [77.74145578263388, 12.953051475779958], [77.7414548189561, 12.953053692092569], [77.74143252931846, 12.953046272218007], [77.74137764762527, 12.953046849963103], [77.7413402182469, 12.953029941517974], [77.74125962226526, 12.953009641701493], [77.74120855837364, 12.953000565970875], [77.74114008187236, 12.953012821742728], [77.74111068070971, 12.953013131219345], [77.74108709856358, 12.953007611954376], [77.74106530489208, 12.952986690809768], [77.74104155447282, 12.952965792571192], [77.74097866325482, 12.952951073793251], [77.74092550933007, 12.952930485023186], [77.74087246293833, 12.952919508361608], [77.74081165938978, 12.95291630023282], [77.74077446143187, 12.952920539804714], [77.74075890511389, 12.952932238507323], [77.74073555432656, 12.952947865005905], [77.7407062373017, 12.952955865078076], [77.74067679406537, 12.95295232918296], [77.74064737187643, 12.952950717101258], [77.74061405243921, 12.952951067756675], [77.74058073064346, 12.952951418432654], [77.7404943413795, 12.952938866233836], [77.74046099856152, 12.95293729538925], [77.74042375849321, 12.952937687278235], [77.74038649740376, 12.952936157656847], [77.74036689662232, 12.952936363917084], [77.7403414137199, 12.952936632073039], [77.74031979069369, 12.952931089805515], [77.74030010816688, 12.952923607702774], [77.74027637646557, 12.9529046309103], [77.74027819074915, 12.952891152796681], [77.74024872414029, 12.952885695369874], [77.74020358212015, 12.952880405194717], [77.74017805949046, 12.95287682567339], [77.74015245043138, 12.95286556015244], [77.74010684344096, 12.9528179760522], [77.74009698230711, 12.952812310005065], [77.74007934066523, 12.952812495627926], [77.74004993949985, 12.952812804980175], [77.74002443794384, 12.95281115157216], [77.74000468997299, 12.952797900326514], [77.73996719761253, 12.95277522482795], [77.73990196883142, 12.95272592077618], [77.73979766705718, 12.952688565079255], [77.73970345771026, 12.952678023529389], [77.7396481555398, 12.952640152270186], [77.73956906105244, 12.952577537265173], [77.73953154536005, 12.952552937895009], [77.73949595147283, 12.952524472534085], [77.73944024996074, 12.952450076404906], [77.73941649732384, 12.952429175692377], [77.73939474825441, 12.95241210198221], [77.73936302828736, 12.952379752391195], [77.73933120555613, 12.952337788298715], [77.73927464231609, 12.952184573333465], [77.73925670641492, 12.952157843920217], [77.73922895149711, 12.952129296053922], [77.7392170238452, 12.95211404074715], [77.73919693966549, 12.952070031432687], [77.73917531674905, 12.952064491361936], [77.73914983626729, 12.952064759358864], [77.73912842354083, 12.952078443605194], [77.73912283568403, 12.952105418133375], [77.73910338446629, 12.952119084060676], [77.73907606856534, 12.95213090403757], [77.73901762365875, 12.952164204291943], [77.73896078291584, 12.952164802094146], [77.73893549158801, 12.952182372888888], [77.73889839868545, 12.952196219715027], [77.73881830979757, 12.952222058330198], [77.73878694953814, 12.952222388129385], [77.73874587059395, 12.952230509356529], [77.73873234108314, 12.952247954132249], [77.73870525871799, 12.952280924511854], [77.73868791130069, 12.952308022704976], [77.73867621485539, 12.952313915517136], [77.73865654866951, 12.952308352515415], [77.73862112304104, 12.952295268320597], [77.73859753861638, 12.95228974882991], [77.73857597872298, 12.952289975547057], [77.73855458458586, 12.952305581288941], [77.738542867081, 12.952309547963015], [77.73851542506993, 12.952309836529016], [77.73847401461592, 12.95228720197503], [77.73845241032967, 12.952283583377872], [77.73843082943036, 12.952281888574596], [77.73841529636849, 12.952295508635011], [77.73839588473814, 12.9523130175614], [77.73838214270204, 12.95231123801639], [77.73836621041967, 12.952288335541239], [77.73832285946504, 12.952267640780669], [77.73829710578218, 12.952242917526062], [77.73829677916092, 12.952243235467186], [77.73829099253719, 12.952221833530603], [77.73827881277141, 12.952183508506115], [77.7382451758527, 12.952155024672294], [77.73822346887461, 12.952141793860465], [77.7381683561131, 12.952121225044738], [77.73813307522674, 12.952121595983938], [77.73811336941576, 12.952112189893159], [77.7380463710772, 12.95208020869375], [77.73799516104354, 12.952077160316513], [77.73793064027518, 12.951893891383039], [77.73794128385478, 12.951750017439053], [77.73791940837162, 12.951733229347091], [77.73781555371271, 12.951557436382853], [77.73773861699709, 12.951453141992177], [77.73761362637428, 12.951261101078254], [77.7376071197518, 12.95125989525439], [77.73759338018424, 12.951227478944006], [77.73752560261816, 12.951124369333316], [77.73747405365037, 12.951071077247988], [77.73744265148581, 12.951067561524207], [77.73742703444312, 12.951073495481983], [77.73740376517854, 12.951096810067913], [77.73738610495592, 12.951095071637111], [77.73735845539689, 12.951076137990947], [77.73731904163351, 12.951057325669158], [77.73726007391679, 12.951042564620618], [77.7371895123927, 12.9510433061877], [77.73713029702647, 12.951066954583528], [77.73712074284025, 12.951060237584818], [77.7370999221842, 12.951074167515396], [77.73707496362931, 12.951077313558185], [77.73706019895869, 12.95107170352522], [77.73704681321011, 12.951057423115557], [77.73701881793268, 12.951051949805233], [77.73699822073932, 12.951050723221712], [77.73697462306386, 12.951043762972992], [77.73695080249385, 12.95101661416478], [77.73692839004586, 12.950983683049317], [77.7369062768939, 12.950978150225998], [77.73688130258078, 12.950979853381334], [77.73683551060036, 12.950960145977302], [77.73681727294064, 12.950905543982866], [77.73680832499879, 12.95089410299106], [77.73678003284931, 12.950861233639419], [77.73675924905332, 12.950842706471006], [77.73671941558705, 12.950830146971576], [77.73668236451653, 12.950803139459506], [77.73666269941712, 12.950771758917377], [77.73666205151237, 12.950771372590918], [77.73666117676213, 12.9507700775019], [77.73665316757278, 12.950754780862395], [77.7366354233942, 12.950745354016707], [77.73661754578949, 12.95074486659081], [77.73651120962519, 12.950681539903675], [77.73640029790037, 12.950615490793938], [77.73636839526581, 12.950621198024496], [77.7363330539146, 12.950615801805005], [77.73629553877777, 12.950591201842558], [77.7362639687112, 12.95057230692773], [77.73622061820984, 12.950551614032596], [77.73617751726164, 12.950553988549125], [77.7361461571413, 12.950554317988887], [77.73612052978997, 12.950541128136102], [77.7360988207129, 12.950527899432194], [77.73608293072368, 12.95050883977475], [77.73604543896225, 12.9504861612556], [77.73599605945317, 12.950452072580468], [77.7359662176432, 12.950412011154748], [77.73594657499778, 12.95040837170565], [77.73591137826266, 12.95041643297114], [77.73587411744538, 12.950414902622532], [77.73582084067907, 12.950382774263511], [77.73577548679451, 12.950358258856904], [77.7356034727602, 12.950223557705959], [77.73556393565812, 12.950193211335229], [77.7355224604217, 12.950164807045116], [77.73546951723077, 12.950163441331403], [77.73544013959713, 12.950165671590263], [77.73541269774925, 12.95016595978272], [77.73539882991012, 12.950152646346401], [77.73530523976731, 12.950019047692896], [77.73528673476224, 12.949982250374983], [77.73526541323521, 12.949976221125574], [77.73525429986628, 12.94993854835099], [77.73520422556717, 12.949900623311107], [77.73513352433662, 12.949888547227404], [77.73507589098122, 12.949876333905987], [77.73502584468132, 12.949840970842606], [77.73490984825945, 12.949749901598874], [77.73488073669323, 12.949716883316094], [77.73480438920326, 12.949666413217622], [77.73471758841987, 12.949616055150463], [77.73456256119772, 12.949540778611135], [77.73448387901072, 12.949515967604425], [77.73442129880524, 12.949529443058923], [77.73435444045653, 12.949525103526133], [77.73435329608928, 12.949525027661737], [77.73432974692383, 12.949522712549975], [77.73428790319765, 12.949520587163347], [77.73424606185355, 12.949518464057387], [77.73420933528367, 12.949506031061766], [77.73418545050153, 12.949472957813505], [77.73418258661923, 12.949449915483992], [77.73421600180268, 12.949398295327166], [77.73418953044897, 12.949367809229333], [77.73417368265605, 12.949352597065865], [77.73417862962427, 12.949326908122284], [77.73418627504633, 12.949308884734766], [77.73418593943434, 12.94927812661148], [77.73418560379801, 12.949247366175822], [77.73418554786291, 12.949242239821922], [77.73398576119473, 12.949581961060389], [77.73391128107166, 12.949570587982679], [77.73362940594741, 12.9495735462953], [77.73360260301737, 12.949573827579334], [77.73352522940976, 12.94955571357966], [77.7335249794592, 12.949532801054723], [77.73352483073519, 12.949519167767082], [77.73312822176361, 12.949402352592816], [77.73302931522944, 12.949280341349168], [77.7330175728722, 12.948842958255012], [77.7327453715919, 12.948808216350617], [77.7327498085028, 12.94857574359385], [77.7325372156443, 12.948574555735318], [77.73260152198709, 12.947921059119277], [77.73263587961702, 12.947921901258445], [77.73264970875286, 12.947776217493152], [77.73237762041782, 12.947751727684466], [77.73201905466843, 12.947786249914692], [77.7313851562517, 12.947940177063598], [77.7303172352238, 12.947951371726035], [77.72859037576988, 12.947808301705754], [77.7276529338867, 12.947227192384279], [77.72633856740093, 12.947240950267277], [77.72547293455476, 12.947123481978027], [77.72546313919288, 12.946948196566044], [77.72511325834574, 12.946537778547023], [77.72505674006116, 12.946820397374236], [77.72501967839281, 12.947461259390492], [77.72493115382866, 12.947771739592815], [77.72472243598352, 12.948721846978248], [77.72447749289051, 12.950048751140109], [77.7241800467124, 12.951199167745965], [77.72390725780883, 12.952076172074149], [77.72373326529762, 12.95304780513559], [77.72369936563337, 12.953959834832002], [77.72400089345776, 12.95583656831286], [77.72417411576984, 12.957664513375423], [77.72404779207264, 12.960668546421921], [77.72416580910335, 12.960771689241566], [77.72430924691932, 12.960806120664053], [77.72458233984392, 12.960854342123062], [77.72458258230635, 12.960854304896307], [77.72465751845326, 12.960869336120474], [77.72456753432202, 12.961177380881825], [77.72457386739495, 12.961189481031257], [77.72460497951847, 12.961198280745725], [77.72512002540212, 12.96121418258474], [77.72518812160037, 12.961201300813425], [77.7252363484268, 12.9611817957417], [77.72523931518359, 12.961186387507963], [77.72575551725156, 12.96125587443398], [77.72576106182326, 12.961256621139873], [77.72576275166143, 12.961256980391084], [77.72584813513424, 12.961275183356538], [77.72604770673973, 12.961264388560602], [77.72637068230904, 12.96130156329672], [77.72665858283234, 12.961428513642012], [77.72685666796983, 12.961638216427547], [77.72695904851624, 12.96175715446529], [77.72705434401291, 12.96189301837248], [77.72710079278112, 12.962318076643095], [77.72709922399648, 12.962653915031298], [77.72718355151378, 12.963196496438039], [77.72721049623658, 12.963201075073327], [77.72728405372582, 12.963904483451373], [77.72735948686605, 12.964636043741727], [77.72741730871925, 12.965032413018621], [77.727398061921, 12.965116269590634], [77.72745083691086, 12.965476187842825], [77.72745493233724, 12.965578489897498], [77.72755619877402, 12.965965599667692], [77.72758215996589, 12.96599954887012], [77.72759376606017, 12.966113136122573], [77.72761499846769, 12.966196529014185], [77.72760485992187, 12.966198980249102], [77.72766264786519, 12.966378611246212], [77.72772440416043, 12.966708776459175], [77.72776962959597, 12.967016299166625], [77.72785236616929, 12.96749361259438], [77.7243023644667, 12.968032590536922], [77.72555378012927, 12.971212440743951], [77.72659010730825, 12.97107658387829], [77.72662537358191, 12.971370752083969], [77.72665169692779, 12.971368861935252], [77.7267369794989, 12.972454046797289], [77.72680369003433, 12.973130520296218], [77.72682642657722, 12.973793429104626], [77.72686652807839, 12.97462650408143], [77.7268761624576, 12.975225667828816], [77.72696973802191, 12.976411049413237], [77.72699413902349, 12.976554144855601], [77.72993912780339, 12.97623407445114], [77.73330623786322, 12.975971099347108], [77.73401582522007, 12.975963638324815], [77.7346061778377, 12.976051797906022], [77.73488356802055, 12.976119655772719], [77.7351379410067, 12.976282128425785], [77.73550262050395, 12.97663217443985], [77.73619656470122, 12.977964044331904], [77.73708554120583, 12.977721508936233], [77.73892260329774, 12.977206657561588], [77.73992756871344, 12.976700565608907], [77.74116866941205, 12.976046246791785], [77.7412156576138, 12.976032632313016], [77.74336103224974, 12.97541103263237], [77.7443455368658, 12.975750406954917], [77.74523641194767, 12.975682707334894], [77.74612312521656, 12.975236137770777], [77.7464432906785, 12.974620667791445], [77.74645072794114, 12.97460478306946], [77.74853785875291, 12.974268048931762], [77.74888907875348, 12.974375073838116], [77.74889017416247, 12.974474727623912], [77.74925292687955, 12.974603777107573], [77.74926518962332, 12.974692238085328], [77.7504770332335, 12.975022711398852], [77.75046379574988, 12.974845670318052], [77.75196427927087, 12.974690172256063], [77.75274391493103, 12.974612333219104], [77.75393194730523, 12.97454145871144], [77.75520445631183, 12.9767431382566], [77.75691737559906, 12.97672497879743], [77.7576247430659, 12.980417520135935], [77.76565339357147, 12.980315941432009], [77.7656512336171, 12.98012072479031], [77.76551438697733, 12.979747972381368], [77.76541125685445, 12.979423673319538], [77.76532327657283, 12.978969049334843], [77.76534907451551, 12.978301709017902], [77.77849901505554, 12.977076664368402]]]]}}, {"type": "Feature", "properties": {"Ward_No": 83, "Ward_Name": "Kadugudi", "Zone": "Mahadevapura", "Risk_Score": 0.2887, "Alert_Level": "GREEN", "Severity_Band": "low", "Priority_Rank": 42, "Pop_Density_per_km2": 1869.1, "Green_Cover_Pct": 60.3, "Water_Stress_Index": 20.7, "Heat_Intensity_Index": 50.9}, "geometry": {"type": "MultiPolygon", "coordinates": [[[[77.77849901505554, 12.977076664368402], [77.76534907451551, 12.978301709017902], [77.76532327657283, 12.978969049334843], [77.76541125685445, 12.979423673319538], [77.76551438697733, 12.979747972381368], [77.7656512336171, 12.98012072479031], [77.76565339357147, 12.980315941432009], [77.7576247430659, 12.980417520135935], [77.75691737559906, 12.97672497879743], [77.75520445631183, 12.9767431382566], [77.75393194730523, 12.97454145871144], [77.75274391493103, 12.974612333219104], [77.75196427927087, 12.974690172256063], [77.75046379574988, 12.974845670318052], [77.7504770332335, 12.975022711398852], [77.74926518962332, 12.974692238085328], [77.74925292687955, 12.974603777107573], [77.74889017416247, 12.974474727623912], [77.74888907875348, 12.974375073838116], [77.74853785875291, 12.974268048931762], [77.74645072794114, 12.97460478306946], [77.7464432906785, 12.974620667791445], [77.74612312521656, 12.975236137770777], [77.74523641194767, 12.975682707334894], [77.7443455368658, 12.975750406954917], [77.74336103224974, 12.97541103263237], [77.7412156576138, 12.976032632313016], [77.74152960918347, 12.977076385146948], [77.7417882076275, 12.977715175235188], [77.74189505668619, 12.978281543396193], [77.742000553507, 12.978724558580941], [77.7421309380231, 12.979142636283548], [77.74375074203701, 12.982308447092173], [77.7438805906826, 12.982677181360614], [77.74385705777026, 12.982825471492847], [77.74373479538015, 12.983147520526193], [77.74359062486148, 12.983765884214943], [77.74472715201591, 12.986340520816665], [77.74377921789964, 12.986594717080846], [77.7420864942, 12.987006169723143], [77.74120791587428, 12.987237362617757], [77.74118259531794, 12.987228673334064], [77.74059243288512, 12.987399967008821], [77.73966466921345, 12.987582583422636], [77.7367718216931, 12.987503152050625], [77.73345787689183, 12.987867816766299], [77.73324959255956, 12.989321004369815], [77.73297598360604, 12.990950758574531], [77.73274672151555, 12.992536080033489], [77.73262112447266, 12.993350838227459], [77.73240249295327, 12.993858790659276], [77.7317849322198, 12.994788650631861], [77.73158721812334, 12.995053027880376], [77.73150509677677, 12.995269220924273], [77.73143533088015, 12.995420809904635], [77.73138594767086, 12.995426717700832], [77.73131133035186, 12.995461222088652], [77.73132232405878, 12.995637505939074], [77.73124599234491, 12.99619324163784], [77.73122925609736, 12.996465730510607], [77.73598452698299, 12.997492524280691], [77.74144410142644, 12.998556142372436], [77.74319381497628, 12.998647578376175], [77.74409048452334, 12.998638100408156], [77.74756095784953, 12.9982276507858], [77.7518113831227, 12.997391183624673], [77.75201457506806, 12.997375510562367], [77.75338536423475, 12.997974769872224], [77.7536898916788, 12.99899811438929], [77.7537463680473, 13.000052767530065], [77.75421439138887, 13.00160332199387], [77.75477016333042, 13.001404938381405], [77.7559109883931, 13.001172982102961], [77.75685346114795, 13.001250909709318], [77.7574124237562, 13.001113063270378], [77.75717944151202, 13.002346663752144], [77.75794598486569, 13.002734236777036], [77.75946959864581, 13.002652088217925], [77.75963405290953, 13.003331851023722], [77.75982262583578, 13.004165251917476], [77.76003096129057, 13.005317368975376], [77.76018088976355, 13.00521504814725], [77.7602167462756, 13.00517911884473], [77.76033961776267, 13.005088935085958], [77.76043576013205, 13.00504051044517], [77.76049295752186, 13.005022125646642], [77.76057747629201, 13.005015301712193], [77.7606801843014, 13.005014208839023], [77.76080098557175, 13.00500996107374], [77.76090694366579, 13.005029572057655], [77.76115264871227, 13.005118795976886], [77.7614797817051, 13.005195301345957], [77.76158248971007, 13.005194208100999], [77.76210724384774, 13.004825637781137], [77.76251433294397, 13.00466137560642], [77.76366669889076, 13.00435142210065], [77.7647111396627, 13.003880403927633], [77.76566865344715, 13.003660086070747], [77.76618858553171, 13.003480970072351], [77.7674172347716, 13.003245379179049], [77.7678712424399, 13.003097615365812], [77.76862009327772, 13.002979632637452], [77.76894387184971, 13.003248161221546], [77.76926036292285, 13.003978055401348], [77.76938249418933, 13.004964334815403], [77.76965941267329, 13.005905112046989], [77.76946088778726, 13.007008352784403], [77.76903434400839, 13.007814796500895], [77.76907161577653, 13.007906236793357], [77.76903976541317, 13.008031002577292], [77.76902377932328, 13.00822373648737], [77.7690745455809, 13.008442420768112], [77.76907116833112, 13.00868241914406], [77.76906165117698, 13.008913596174523], [77.76909225760944, 13.009221371512213], [77.76920984745357, 13.009471929828665], [77.76930655380703, 13.009746409408589], [77.76938270564705, 13.010074434363998], [77.76946605057294, 13.010506072074254], [77.76950204613566, 13.01075453909437], [77.7695345291603, 13.01123115430628], [77.76953125797405, 13.011752590406918], [77.76953937224553, 13.011939142288389], [77.76954722331749, 13.01210199629384], [77.76953327156497, 13.012205832611153], [77.76944862609054, 13.01247336182779], [77.7693345280634, 13.01280934536421], [77.76928621031618, 13.012908507499208], [77.76922147867832, 13.012967566018386], [77.76918591898941, 13.013030158647306], [77.76918690604448, 13.013119021637731], [77.76925021678986, 13.013344564591566], [77.76937763187901, 13.013697636373644], [77.76944862641685, 13.0138331552594], [77.76957084602743, 13.013956275435964], [77.7698761933498, 13.014246299279044], [77.77047540701669, 13.014879798684706], [77.7710090148047, 13.015591023883147], [77.77144735907417, 13.016106480446247], [77.77303184597216, 13.015540518550809], [77.77302608571479, 13.015506288389027], [77.77301670995175, 13.015387887913759], [77.7728813728195, 13.015172087150091], [77.77289839381628, 13.014891456653674], [77.77295267606377, 13.014701273448281], [77.77297477673406, 13.014515388787622], [77.77298528021645, 13.014373075057987], [77.77290922019333, 13.01405393828348], [77.77290277636791, 13.013836758846606], [77.77293398899378, 13.013745574589759], [77.77303686813006, 13.013578574606873], [77.77322477274838, 13.013450164702613], [77.77338119875034, 13.01338924120491], [77.77357834455024, 13.013367381524557], [77.77364274657718, 13.013362742895069], [77.77373153614649, 13.01337759425389], [77.77386520270565, 13.013443314093614], [77.77391380201986, 13.01346649245659], [77.77404282346411, 13.013476963566328], [77.77411107727961, 13.013456484749724], [77.77417118798056, 13.013428188989863], [77.7742188643812, 13.013368430860128], [77.77424631258054, 13.013300985105348], [77.77426158781947, 13.013225772479833], [77.77430129455962, 13.01317399904397], [77.77427301129771, 13.013166402234468], [77.77426044510712, 13.013123085208484], [77.77419021369995, 13.012965836506899], [77.77390417817493, 13.012601547712928], [77.77382690036227, 13.012535224605783], [77.77377790576388, 13.012476498353184], [77.77376441698763, 13.012350242495891], [77.77377522542815, 13.012235578191046], [77.77382167140937, 13.012065229722927], [77.7737790208079, 13.011852387431706], [77.77375186538751, 13.01158407873053], [77.77366578595812, 13.01145069753694], [77.77363662655992, 13.011364108726474], [77.7736271656014, 13.011237812061333], [77.77369746937205, 13.011039560439887], [77.77375691825216, 13.01095202390231], [77.7738524902015, 13.010852251838068], [77.77391211708112, 13.010780512240707], [77.77393470057513, 13.010638071675643], [77.77391368184061, 13.010559297561343], [77.7738688493964, 13.010512375877305], [77.77381981371468, 13.010449700275341], [77.77373456953268, 13.01039136395046], [77.7734356764343, 13.01031950896547], [77.7733588827324, 13.010296629576011], [77.77329802818493, 13.010257780846194], [77.77321282805917, 13.010203391246858], [77.77316786406656, 13.010144623968406], [77.7731429522245, 13.010077740517248], [77.77316623892206, 13.009998490221744], [77.77321391509233, 13.00993873003451], [77.7732855806963, 13.009862914450544], [77.77332856809588, 13.00974395631509], [77.77334822251608, 13.009700294628653], [77.773355313577, 13.009613318081456], [77.77335491826531, 13.009577772539295], [77.77327746835327, 13.009495652019009], [77.77315159572868, 13.009406147470921], [77.77309844274515, 13.009335613926247], [77.77305715514491, 13.0092452072229], [77.77306156503197, 13.008917310318575], [77.77312188165328, 13.008545364159723], [77.77312910225314, 13.00847023768667], [77.77314013311991, 13.008375319572334], [77.77321087613511, 13.00821656292821], [77.77326621177833, 13.008121171125481], [77.77329786317812, 13.008069484069077], [77.77335258154568, 13.00791879818496], [77.77337179670995, 13.007835641726471], [77.77337499212679, 13.007760558298418], [77.77337393810424, 13.007665769403106], [77.77336408253638, 13.007503924781892], [77.77331637948713, 13.007375016786431], [77.7733066918794, 13.0073188345647], [77.77328120718897, 13.00720060623192], [77.77327063033654, 13.00706444478021], [77.77328631913792, 13.006845051501388], [77.77327668575427, 13.006522244203662], [77.77327247952196, 13.00641563752384], [77.77328948574156, 13.006314730962881], [77.77337544109946, 13.006165686054045], [77.77340817601696, 13.006120899452974], [77.77345023852817, 13.006099711437477], [77.7735406305861, 13.006078009030537], [77.77363122256148, 13.006074075873398], [77.77371899159743, 13.006087951219833], [77.77382833298377, 13.006140105614735], [77.77388303782098, 13.006169145870132], [77.77391666204169, 13.006204338410113], [77.77394128797636, 13.006245549424055], [77.77398111810624, 13.00629548702858], [77.77401484115255, 13.006339563041832], [77.77405129067891, 13.006356946996869], [77.77408753784921, 13.006356559387852], [77.77420850296801, 13.006367117270328], [77.7742507936873, 13.006366665008146], [77.77433212625121, 13.00634505689086], [77.77438318458707, 13.00631784795307], [77.77448818767738, 13.00625155003879], [77.77455415127096, 13.006206407945987], [77.77461821551766, 13.006143799187765], [77.77472361411333, 13.006085296964597], [77.7748184421156, 13.00606276738152], [77.77489864345115, 13.006040394220815], [77.77504478077444, 13.006028073378454], [77.77513988793514, 13.006030642652386], [77.77524592458029, 13.006029508316338], [77.77542850520997, 13.006006039750025], [77.77551971805373, 13.005987132944314], [77.7755814382711, 13.005947028675411], [77.77564756065694, 13.005906225176995], [77.77572627098434, 13.00583719038259], [77.77577463902165, 13.005719770206198], [77.77577333831628, 13.0056028791516], [77.77572236898929, 13.005486521828384], [77.77566125109868, 13.005350788129016], [77.7755993722824, 13.005146869891488], [77.77552734262873, 13.004923572961959], [77.77552571703534, 13.004777462572138], [77.77552409146179, 13.004631352180477], [77.77553207727587, 13.004455909248433], [77.77554728335976, 13.004036843541083], [77.77550527346261, 13.003832712641232], [77.7754836713612, 13.003677071143722], [77.77534189167073, 13.003435039814152], [77.77524071554154, 13.00327050922357], [77.77508025989123, 13.003135837669058], [77.77490026589386, 13.003030600038091], [77.77479023706674, 13.002963583979183], [77.77463021511826, 13.002867875014543], [77.77447117047542, 13.002859833151732], [77.77437226733315, 13.002899858243586], [77.77413418530233, 13.002931628841232], [77.77400515955352, 13.002942753033729], [77.77370736670677, 13.002965419113151], [77.77340083301038, 13.003095341001435], [77.77320194331065, 13.003077981768568], [77.77298264643115, 13.003012132646829], [77.77274380847362, 13.002975717288042], [77.77254426935595, 13.002899911822103], [77.7724136174909, 13.002764922147577], [77.7723422410581, 13.002600071607043], [77.772359295292, 13.00234659612722], [77.77245733286671, 13.002228645712918], [77.77259467141259, 13.002071305399255], [77.77273146861602, 13.001865262997335], [77.77292009619934, 13.0018535072846], [77.7731188766436, 13.001861123292262], [77.77329768066619, 13.001859212460793], [77.77346622578709, 13.001828186005945], [77.77355476160359, 13.00174930448979], [77.77357343876156, 13.001641942157253], [77.77357192298476, 13.00150557050343], [77.77361942555808, 13.001310224662733], [77.77369780820159, 13.001211966686032], [77.77380664494125, 13.001171835780019], [77.7740047750425, 13.00112100788862], [77.7741935100855, 13.001118990384779], [77.77436216515135, 13.001097704765437], [77.77455079416801, 13.001085945660074], [77.77464980253744, 13.001055659678256], [77.77473801510853, 13.00094755621521], [77.77478714134779, 13.000898320885854], [77.77478605823534, 13.000800912326575], [77.77469535469561, 13.000684979325086], [77.77463434498945, 13.000558986334504], [77.7746024875859, 13.00037422909418], [77.77457019707477, 13.000150508867648], [77.77457720474219, 12.999887400905349], [77.77462438154609, 12.999662831117965], [77.7746526673619, 12.999526140968772], [77.77473957760175, 12.999301146414044], [77.77480683641211, 12.999095846901582], [77.77483284793082, 12.998754600612589], [77.77483122351593, 12.998608487755014], [77.77488865654865, 12.998413035780972], [77.77488627411259, 12.998198738314455], [77.77482450951938, 12.99800455829038], [77.77474341632325, 12.997859297238772], [77.77462302541592, 12.997753421492773], [77.77441312592588, 12.997638759887543], [77.77433236024801, 12.997522720267858], [77.77434110087142, 12.997415464175742], [77.77437834403618, 12.997191002927726], [77.7743765035543, 12.997025407346873], [77.77436429857364, 12.99682095723064], [77.77436202515263, 12.996616400967367], [77.7743198021905, 12.996392786674164], [77.7742878379602, 12.996198290175055], [77.7742866471917, 12.996091140213194], [77.77483816399577, 12.995802337026962], [77.77506755863017, 12.995598720135916], [77.77522269935872, 12.995312427913547], [77.7751920005695, 12.994924617920272], [77.77523930586607, 12.994432469847728], [77.77549911717587, 12.994067431189562], [77.77583578067559, 12.993494564663337], [77.7759132063674, 12.99333848174577], [77.77591119295427, 12.993157371444537], [77.77572219154476, 12.992771253859695], [77.77556015282022, 12.992436598800886], [77.77537946299037, 12.992022704584517], [77.77549875703879, 12.991660981091188], [77.77551910299837, 12.991117370249558], [77.77555717547284, 12.990721258782857], [77.77553571127937, 12.990237412181953], [77.77558473734504, 12.989900503393683], [77.77579120598205, 12.989484282095104], [77.7759449057727, 12.989068627038808], [77.77594088030033, 12.988706406324676], [77.77594784320925, 12.988112843368649], [77.77572224949309, 12.987754738561557], [77.77568503142123, 12.98705308588422], [77.77567899481839, 12.986509756916815], [77.77575498210675, 12.98622431112382], [77.77637811276153, 12.985311995580702], [77.77657611222004, 12.98486500037192], [77.77636661345068, 12.984277085253986], [77.77620227997988, 12.983735450156402], [77.7760623166934, 12.983012420218609], [77.77587774308174, 12.982444187605077], [77.7758982372931, 12.98234784119503], [77.7759735274729, 12.982066343470727], [77.77615089159626, 12.981484797957743], [77.7764112690249, 12.981171505865712], [77.77693431920767, 12.980751902868834], [77.77719440746534, 12.9804127390823], [77.77732085672993, 12.979919745799137], [77.77755226075566, 12.979373880039347], [77.77802282922481, 12.978980713314774], [77.77817943909129, 12.97859794793839], [77.77835458500444, 12.977968009641595], [77.77850683708135, 12.977422989699798], [77.77853828155297, 12.977125995290306], [77.77852061975102, 12.977124260085342], [77.77850478906504, 12.977110972988818], [77.77849901505554, 12.977076664368402]]]]}}, {"type": "Feature", "properties": {"Ward_No": 85, "Ward_Name": "Doddanekkundi", "Zone": "Mahadevapura", "Risk_Score": 0.2878, "Alert_Level": "GREEN", "Severity_Band": "low", "Priority_Rank": 43, "Pop_Density_per_km2": 1816.5, "Green_Cover_Pct": 60.4, "Water_Stress_Index": 20.6, "Heat_Intensity_Index": 50.8}, "geometry": {"type": "MultiPolygon", "coordinates": [[[[77.70106694508813, 12.958920066159369], [77.70108834140778, 12.959334734037082], [77.70111257946692, 12.959734992567247], [77.70132683101575, 12.961129675558745], [77.70164668592116, 12.963080069263441], [77.70191844028946, 12.965187256459322], [77.70109208415494, 12.964297127006514], [77.7001883770208, 12.96362270771457], [77.6998479739517, 12.96346017306068], [77.69973757866715, 12.96338317047978], [77.69946794553583, 12.963317585912357], [77.69848962732382, 12.963112825660069], [77.6980102170674, 12.962990803648632], [77.69775012016292, 12.96288604656045], [77.69719889186615, 12.962569394916637], [77.69555517119554, 12.961619335097835], [77.6943550274589, 12.961162868357636], [77.69323739419555, 12.960969294300762], [77.69338476260877, 12.959854144558172], [77.69499091015965, 12.960091504005849], [77.69498877891652, 12.95896813635771], [77.69554638032585, 12.958952594396695], [77.69561599024107, 12.958942105046521], [77.6958944227333, 12.958900147544064], [77.69596339923473, 12.958831051238837], [77.69596831036084, 12.95836210682914], [77.69591767444014, 12.958284483067608], [77.69563787572054, 12.958199463832248], [77.69539780770702, 12.958104264369759], [77.69494902049456, 12.958050297216836], [77.69457036625775, 12.958034679769726], [77.6944007491436, 12.958007129775387], [77.69427956049842, 12.957852085229007], [77.69403791692153, 12.957610372647604], [77.69381619158396, 12.95736844902648], [77.69403550202153, 12.95622109190927], [77.69400241326012, 12.956213668485706], [77.6899016503119, 12.9555631098481], [77.68977158038159, 12.961095128380721], [77.68979259909379, 12.96119076980737], [77.6896905783235, 12.961544833737097], [77.68954120458618, 12.962112739035213], [77.6889664967241, 12.962219071415474], [77.6889647979727, 12.962241151500015], [77.68863610276243, 12.966452707782656], [77.68856302171054, 12.966945413552619], [77.68814214196868, 12.96716499267986], [77.68792528055684, 12.969073173338986], [77.6873361066152, 12.969086739851186], [77.68665236248607, 12.969258948185479], [77.68639018336319, 12.969485782968514], [77.6862730815453, 12.969781897625193], [77.68639575603402, 12.970004757658998], [77.68621522711406, 12.969994827663738], [77.6860593882757, 12.970043619475234], [77.68606179443132, 12.970267721658717], [77.68624637409384, 12.97065509022371], [77.68643526112048, 12.97144348090476], [77.68659642354791, 12.971890070001], [77.68670935042418, 12.972325362757967], [77.68677594665525, 12.972926277132643], [77.68685064298445, 12.97316142900035], [77.68639767785284, 12.973543584330505], [77.6860992856589, 12.973758999295196], [77.68592065635188, 12.97392598991306], [77.68574202680371, 12.974092980452822], [77.68573063263983, 12.974152079667052], [77.6856963257941, 12.974317579514835], [77.68548617110687, 12.974703180908865], [77.6846871454156, 12.975333261669382], [77.6841116528039, 12.97575428762161], [77.6840850873345, 12.976200395098859], [77.68429561987573, 12.976828536307618], [77.6847270822982, 12.97759275623611], [77.68544002542774, 12.97829257646971], [77.68665786150558, 12.979294640972396], [77.68692749625855, 12.97948272495371], [77.68870033858744, 12.978509550677924], [77.68887884384328, 12.978825843865081], [77.69032246427363, 12.981870224347027], [77.69181055959322, 12.981762576168228], [77.69243903277916, 12.981894425660547], [77.69315494470958, 12.981983717018148], [77.69345719539442, 12.9814881760753], [77.6937210358532, 12.981573672762558], [77.69428382647845, 12.981521801505606], [77.69433841730702, 12.981447312574883], [77.6944023087979, 12.981371293389136], [77.69452715465978, 12.98132240526919], [77.69485385472036, 12.981239692659337], [77.69509158555135, 12.98115790460461], [77.69514216404288, 12.981347755085327], [77.69516354240962, 12.981431210957618], [77.6951928305477, 12.981545539229932], [77.69526367123171, 12.981739147977438], [77.69544119396754, 12.982074433728528], [77.69544289190067, 12.982078373011541], [77.69733811878066, 12.981704559384687], [77.69975182723586, 12.980700442368592], [77.69984039144458, 12.98090901739712], [77.7004022425989, 12.982232196843098], [77.70109210598518, 12.982477747260326], [77.70044031315017, 12.9828223428854], [77.70068772660741, 12.983721121254662], [77.70064103271699, 12.983799310299318], [77.70029428767747, 12.983973859832053], [77.69982581828903, 12.984615889561528], [77.70004863034522, 12.984631540980065], [77.7023315302821, 12.984791868563182], [77.70254689842197, 12.984993383179138], [77.70421763904791, 12.987165735887237], [77.70580901423506, 12.987077370836204], [77.705728590761, 12.988101278212065], [77.70580179371169, 12.988100515716813], [77.70616780839514, 12.988096702932003], [77.70708089629177, 12.987907703535228], [77.70732893645769, 12.987151278241555], [77.7080195122608, 12.985008197024305], [77.7080843484305, 12.984235730841373], [77.70838981654857, 12.9837120390048], [77.70941716197645, 12.98393465832651], [77.71033470975937, 12.984158423158794], [77.71116016835069, 12.984329296591495], [77.71154252828525, 12.98414582177372], [77.71199867321816, 12.984015420475727], [77.71288895747014, 12.983413826293907], [77.71334236968084, 12.983032172491242], [77.71341264790777, 12.982762211623976], [77.71388319083472, 12.98227268572941], [77.71439364453195, 12.982087872241703], [77.7149609477799, 12.982081946168645], [77.71539741939434, 12.981826107251578], [77.71530221489623, 12.981486078754585], [77.7148254408608, 12.981401317393635], [77.71436012431413, 12.979001076748018], [77.71416446164366, 12.977836465097035], [77.71675835016173, 12.977378606884132], [77.71877034082975, 12.977267830703342], [77.72112865428895, 12.97702777443821], [77.72542514821303, 12.976623800793256], [77.72699413902349, 12.976554144855601], [77.72696973802191, 12.976411049413237], [77.7268761624576, 12.975225667828816], [77.72686652807839, 12.97462650408143], [77.72682642657722, 12.973793429104626], [77.72680369003433, 12.973130520296218], [77.7267369794989, 12.972454046797289], [77.72665169692779, 12.971368861935252], [77.72662537358191, 12.971370752083969], [77.72659010730825, 12.97107658387829], [77.72555378012927, 12.971212440743951], [77.7243023644667, 12.968032590536922], [77.72785236616929, 12.96749361259438], [77.72776962959597, 12.967016299166625], [77.72772440416043, 12.966708776459175], [77.72766264786519, 12.966378611246212], [77.72760485992187, 12.966198980249102], [77.72761499846769, 12.966196529014185], [77.72759376606017, 12.966113136122573], [77.72758215996589, 12.96599954887012], [77.72755619877402, 12.965965599667692], [77.72745493233724, 12.965578489897498], [77.72745083691086, 12.965476187842825], [77.727398061921, 12.965116269590634], [77.72741730871925, 12.965032413018621], [77.72735948686605, 12.964636043741727], [77.72728405372582, 12.963904483451373], [77.72721049623658, 12.963201075073327], [77.72718355151378, 12.963196496438039], [77.72709922399648, 12.962653915031298], [77.72710079278112, 12.962318076643095], [77.72705434401291, 12.96189301837248], [77.72695904851624, 12.96175715446529], [77.72685666796983, 12.961638216427547], [77.72665858283234, 12.961428513642012], [77.72637068230904, 12.96130156329672], [77.72604770673973, 12.961264388560602], [77.72584813513424, 12.961275183356538], [77.72576275166143, 12.961256980391084], [77.72576106182326, 12.961256621139873], [77.72575551725156, 12.96125587443398], [77.72523931518359, 12.961186387507963], [77.7252363484268, 12.9611817957417], [77.72518812160037, 12.961201300813425], [77.72512002540212, 12.96121418258474], [77.72460497951847, 12.961198280745725], [77.72457386739495, 12.961189481031257], [77.72456753432202, 12.961177380881825], [77.72465751845326, 12.960869336120474], [77.72458258230635, 12.960854304896307], [77.72458233984392, 12.960854342123062], [77.72430924691932, 12.960806120664053], [77.72416580910335, 12.960771689241566], [77.72404779207264, 12.960668546421921], [77.72417411576984, 12.957664513375423], [77.72400089345776, 12.95583656831286], [77.72369936563337, 12.953959834832002], [77.72373326529762, 12.95304780513559], [77.72390725780883, 12.952076172074149], [77.7241800467124, 12.951199167745965], [77.72447749289051, 12.950048751140109], [77.72472243598352, 12.948721846978248], [77.72493115382866, 12.947771739592815], [77.72501967839281, 12.947461259390492], [77.72505674006116, 12.946820397374236], [77.72511325834574, 12.946537778547023], [77.72499719847248, 12.946401637101191], [77.72300328674193, 12.946347288022137], [77.72125510390562, 12.945388008783787], [77.71946371360421, 12.9451560599083], [77.71843563537793, 12.944615349286286], [77.71719770705826, 12.943575515294558], [77.71579443776395, 12.947495643742483], [77.71535124689929, 12.950967833617451], [77.71501726876933, 12.95407825793218], [77.71487947309976, 12.954412580498229], [77.71462644902658, 12.95455392303056], [77.71451975513389, 12.955961842448284], [77.70997169137617, 12.956278857821054], [77.70661480791843, 12.956583417211526], [77.70447900858044, 12.956815331000719], [77.70400857722773, 12.960050321730339], [77.70358741613772, 12.960008183104993], [77.70296349446747, 12.959890128852063], [77.7023450922016, 12.959716499127548], [77.70222571068089, 12.95968874759744], [77.70199002312268, 12.959593100170476], [77.70198960858274, 12.959588772950525], [77.70185752872807, 12.959562043400952], [77.70162617376042, 12.959482423283417], [77.70153185733811, 12.959437388102856], [77.70150486782904, 12.959393656869343], [77.70149077292481, 12.959221753971592], [77.70142437916627, 12.958941291655208], [77.70142419469215, 12.958941240379524], [77.70127751693146, 12.95896389518459], [77.70106694508813, 12.958920066159369]]]]}}, {"type": "Feature", "properties": {"Ward_No": 25, "Ward_Name": "Horamavu", "Zone": "Mahadevapura", "Risk_Score": 0.2847, "Alert_Level": "GREEN", "Severity_Band": "low", "Priority_Rank": 44, "Pop_Density_per_km2": 1626.3, "Green_Cover_Pct": 60.9, "Water_Stress_Index": 20.3, "Heat_Intensity_Index": 50.5}, "geometry": {"type": "MultiPolygon", "coordinates": [[[[77.6493124396318, 13.078532827400789], [77.64993125705242, 13.077008934974366], [77.65021114601274, 13.076643187469104], [77.6506482108165, 13.076520285884452], [77.65072213023115, 13.076398383857411], [77.65078763713882, 13.075992142816078], [77.6508464494436, 13.075866813567432], [77.65091249793387, 13.075683925949813], [77.65091980631851, 13.075519416797812], [77.65082290614558, 13.075360424977223], [77.6506994108757, 13.075046157357368], [77.65042677259288, 13.074413622771367], [77.65021302785023, 13.073659670765748], [77.65019889943052, 13.072336830447574], [77.65023868546075, 13.072095553641693], [77.65039212340892, 13.072010342864605], [77.65041868040701, 13.071950074614824], [77.65044943792833, 13.071434238354474], [77.65046207647356, 13.071131907798415], [77.65046256927566, 13.071049490216351], [77.65046256851008, 13.07104941853098], [77.6504625685228, 13.07104919882579], [77.65046287143409, 13.07056971369968], [77.65066340568873, 13.070562699420945], [77.65093244852778, 13.069939911841445], [77.65092700014206, 13.069383179781942], [77.65096222918352, 13.068908778040198], [77.65101390431525, 13.068842218199675], [77.65099789729051, 13.068392206937654], [77.65096461468778, 13.068330520029289], [77.65086059041867, 13.067928650938306], [77.65085396020318, 13.067317032391086], [77.65093892369246, 13.066734140997065], [77.65093033392516, 13.066492627604424], [77.650853482035, 13.065405959431608], [77.65099032708105, 13.065409344809268], [77.65100098162455, 13.065133699904914], [77.65096450631418, 13.065114074087855], [77.65093711959358, 13.065096577496709], [77.65091880014286, 13.06507899248878], [77.65089141342888, 13.06506149589138], [77.65086393184177, 13.065035112615329], [77.6508232715681, 13.064978804274975], [77.65079097467573, 13.064522139814402], [77.65075622419064, 13.064030736202547], [77.65073291815139, 13.062872160324314], [77.6507288052376, 13.062486830470336], [77.65076354114254, 13.062084723651104], [77.65082284794825, 13.062035738511058], [77.65083469134336, 13.061871182766179], [77.65081403980992, 13.061641925328502], [77.65080778864044, 13.061572546443045], [77.65087285780398, 13.060819314898128], [77.65090026417086, 13.060502070965022], [77.65093010814329, 13.060156603456836], [77.65093355129572, 13.060116722879252], [77.65094076357258, 13.060033244207613], [77.65092249014737, 13.059844864508682], [77.65090407391256, 13.059818388139982], [77.65086167491467, 13.059809933060732], [77.65057206086954, 13.059857346323366], [77.65038190754045, 13.059880036597509], [77.65005476339996, 13.059861744522715], [77.6500476339185, 13.059860365259253], [77.64930419880268, 13.05996004375013], [77.64875922015365, 13.059982597922708], [77.64842137971007, 13.05995212376692], [77.64842376904907, 13.059730617600021], [77.64837909134835, 13.058787539528145], [77.6483664269088, 13.058298387318468], [77.6483834216342, 13.058191556544042], [77.64779432137061, 13.058108090697946], [77.64743566895676, 13.057295411931646], [77.6472118220524, 13.0569099353062], [77.64690048326784, 13.056562285599423], [77.64660791420039, 13.056208286801997], [77.64636575977809, 13.055872238306412], [77.64626995875841, 13.055719341551786], [77.64615316310635, 13.055363544941365], [77.64626248702868, 13.055017742009056], [77.64639685835847, 13.054665528619815], [77.64655150087118, 13.05444851825713], [77.6467136782001, 13.054263232564594], [77.64687206006235, 13.054095696271983], [77.64704315577893, 13.053702859026137], [77.64718730541234, 13.053334000417044], [77.64724359626715, 13.05312376000854], [77.64725509672175, 13.053105876161021], [77.6472558109126, 13.053078139662787], [77.64728317815256, 13.052016069832307], [77.64711656380332, 13.051278456011085], [77.64655351698708, 13.05058381474318], [77.64662294464756, 13.049649226744537], [77.64697555006443, 13.04921759416806], [77.64768863230812, 13.049093559963975], [77.64820412096311, 13.049049371476443], [77.64895522751264, 13.048769300575708], [77.64986465629133, 13.048448694873263], [77.65176162822623, 13.04768993918286], [77.65275332119882, 13.047640860020426], [77.65338868606496, 13.04767325426938], [77.6539839468807, 13.047667147520487], [77.6543427679393, 13.047819109201384], [77.65462928131636, 13.048633303909888], [77.65499475219374, 13.04940777887543], [77.6548029770714, 13.050032327957535], [77.65461203225465, 13.050734690230673], [77.65461577177997, 13.051084851824731], [77.65473981145229, 13.051550513316583], [77.65446825270841, 13.05213696839169], [77.65443396996116, 13.052643168344185], [77.6544364631597, 13.052876607865961], [77.65479819947245, 13.053300920347704], [77.65484079358627, 13.053572861204048], [77.65468662370098, 13.054002465719334], [77.65449110846804, 13.054276853647744], [77.65456128486345, 13.054476272493922], [77.65469618540308, 13.054483499813724], [77.65473455773993, 13.054680622552187], [77.65474582835377, 13.054883724317884], [77.65475568446101, 13.055179197470638], [77.65480586981973, 13.055688214035833], [77.65484110778094, 13.05597918966665], [77.65464660831121, 13.055972724908216], [77.65451990708821, 13.055950739562151], [77.65450798753568, 13.055966664497795], [77.65451650904009, 13.05601002994367], [77.65455255852075, 13.05631383501517], [77.65455293831761, 13.056349383944712], [77.6546031663192, 13.05657798767568], [77.65467376867264, 13.056774779375953], [77.65471574599265, 13.056932362126386], [77.65471946168236, 13.057076114822527], [77.65465672163177, 13.057193271947513], [77.65457365583777, 13.057210343815578], [77.65452560466319, 13.05723848997936], [77.65453613758329, 13.05741843781948], [77.65454039408962, 13.057491160266862], [77.65454140698189, 13.057585958175213], [77.65453016263712, 13.05766508173053], [77.65451484736921, 13.057740294722837], [77.65449143486147, 13.057811640812876], [77.65445954055981, 13.057843571120028], [77.65437649602994, 13.057874356940301], [77.65431927550485, 13.05810917740736], [77.6543601025568, 13.058342336522875], [77.65441328468009, 13.05841684608623], [77.65446201136172, 13.058451898504797], [77.6545066249423, 13.058479093039171], [77.65454725438715, 13.058510278538815], [77.65458448353932, 13.058600754429797], [77.65460967113337, 13.05869530172801], [77.65463414122118, 13.058722703113949], [77.65465848233585, 13.05873825565156], [77.6547068737893, 13.05874170868455], [77.65481968475952, 13.058740549979717], [77.65484822579243, 13.058771859581697], [77.65484885898991, 13.058831108542863], [77.65478121040186, 13.058910809142125], [77.6547520241637, 13.059029932073088], [77.65477725384766, 13.059154892945067], [77.6548071035646, 13.059308650087477], [77.65481570979775, 13.059359917038616], [77.65497943637102, 13.06231454619236], [77.65515021808642, 13.065396250205147], [77.6551636139879, 13.06551857343609], [77.65520914255008, 13.066007949111706], [77.65529022894673, 13.067184314676492], [77.65538882704891, 13.068490860931693], [77.65544027374935, 13.069533219704496], [77.65548032528494, 13.070263620622367], [77.65549804001819, 13.070977789519203], [77.6554567455048, 13.071025783588341], [77.65544796338632, 13.071052539052706], [77.6554481218629, 13.071067350115555], [77.65546323262708, 13.071067194733097], [77.65570518636433, 13.071060509120056], [77.65564035132137, 13.072670037476405], [77.65533117322772, 13.073451439645961], [77.65525554447035, 13.073802416746716], [77.65553711061952, 13.07414972249977], [77.65566283790011, 13.074771006195716], [77.65567581184415, 13.075122855010973], [77.65646707664172, 13.07465939730744], [77.65788178813877, 13.072769243713493], [77.65880984920753, 13.070102594597293], [77.66007180484384, 13.068839201845355], [77.66468821227537, 13.06816641989235], [77.66659282495732, 13.067365270406224], [77.66685955041768, 13.06568763454845], [77.66683939937384, 13.065668291360886], [77.6665503415314, 13.064286792937576], [77.66602357929509, 13.063641058181343], [77.66531961765868, 13.062629099014263], [77.66495761155117, 13.061188931832822], [77.66476431334767, 13.059322345018312], [77.66438316169456, 13.05878834915405], [77.66423271057842, 13.05822366524611], [77.6643643383786, 13.05703321336418], [77.66437742813723, 13.055560862396371], [77.6637279113426, 13.054236901535923], [77.66339663326835, 13.052966280874214], [77.66301489002959, 13.052375663240477], [77.66286080932306, 13.051471272132263], [77.66287907188241, 13.050480166552958], [77.66448788354953, 13.0504408419648], [77.666346211836, 13.049754544464491], [77.6673465693287, 13.049655427865533], [77.66963575289842, 13.04982132157591], [77.67119838749835, 13.050999163182352], [77.67173858961009, 13.051781586394274], [77.67269193201221, 13.051445803839181], [77.67262222696739, 13.051340290361729], [77.67230356043586, 13.050993647159917], [77.67218875787465, 13.051056588157772], [77.67204213335529, 13.051088979402119], [77.67184269517465, 13.051091040025886], [77.6717049072413, 13.0509689564205], [77.67147209652245, 13.050796393198734], [77.67128072132468, 13.050571940570276], [77.6711000635068, 13.050367961963115], [77.67090879720145, 13.050153799112538], [77.67073974384417, 13.050052622620758], [77.67067554551788, 13.049940069617813], [77.67064217614367, 13.049765445767363], [77.67055753909091, 13.049704567246293], [77.67049378316975, 13.049633179460544], [77.67036638433271, 13.049500693964795], [77.67023920673788, 13.049388793345061], [77.67016396036354, 13.049224893011633], [77.67008937729297, 13.049122740605943], [77.66999368980163, 13.049010514716255], [77.6699492727439, 13.048784543502801], [77.66989402609269, 13.048527805480598], [77.6698494964363, 13.048291544057795], [77.66981535451137, 13.048044881761314], [77.66969557967697, 13.04764471733381], [77.66960840225033, 13.047347143413573], [77.66951194233854, 13.047162876658184], [77.66937239255195, 13.046876134356266], [77.66934841582787, 13.046598488374439], [77.66919726393232, 13.046208943125064], [77.66913075021567, 13.045880274708212], [77.6691064427347, 13.045571758064384], [77.6689720104433, 13.045439256014355], [77.66873240887607, 13.045311964539096], [77.66833511134554, 13.045290109893608], [77.66804118228231, 13.045033617040907], [77.66769515071435, 13.044855516651424], [77.66735107020745, 13.044859064276704], [77.66703512729691, 13.045018037439354], [77.66690584871968, 13.045304847236974], [77.66658934602592, 13.045411920409203], [77.66627284534928, 13.045518993221217], [77.66571701936155, 13.045524721021167], [77.66545178517582, 13.045475548435924], [77.6651592463296, 13.045348798713949], [77.66468171209094, 13.045249909104074], [77.66449448971375, 13.04507016831491], [77.66406989202702, 13.044970729922404], [77.66372608829275, 13.04500022263697], [77.66301173439625, 13.045033529289539], [77.66260987200708, 13.039639515992056], [77.66293570336117, 13.03545778710408], [77.66328930075129, 13.033871038240493], [77.66357074771085, 13.032860816668522], [77.66428954246203, 13.032543133703369], [77.66466123642223, 13.032396099573157], [77.66500756858572, 13.032153852221988], [77.66521596812989, 13.031913024167855], [77.66539242366558, 13.031720262834382], [77.66558399777276, 13.031423916504231], [77.6661383197008, 13.030145236750757], [77.66882250741553, 13.026959029845711], [77.66978281808264, 13.025707988715869], [77.67103776533803, 13.023936763748852], [77.67269963816219, 13.022280681338351], [77.67283115808262, 13.022438444650826], [77.67548162860326, 13.022172413561108], [77.6755209929426, 13.020548973702047], [77.67548042734221, 13.020549392477827], [77.6751629024936, 13.020449243868605], [77.6748111339043, 13.020182368483345], [77.67454134857628, 13.01999420630768], [77.67509859606383, 13.01974977592701], [77.67550245949577, 13.019578529860684], [77.67612341427734, 13.0192220535756], [77.67583185206216, 13.018516976854423], [77.67564960547955, 13.018168792410506], [77.6755716341905, 13.017708147315393], [77.67550177589834, 13.017247418396948], [77.67589009342062, 13.017139981673704], [77.6758695102297, 13.016734435200025], [77.67583406868684, 13.016456341851866], [77.67579956664476, 13.016265751752323], [77.67578863598777, 13.01600331640911], [77.67576293213554, 13.01587628421753], [77.67567889677775, 13.015606647826498], [77.67563542873768, 13.015336590402082], [77.67516606949371, 13.01545281800703], [77.67502909175954, 13.014785923795266], [77.67510979427811, 13.014745311238707], [77.67593390365552, 13.014418565686364], [77.67635338776121, 13.014191467819463], [77.67733983626644, 13.01387099823526], [77.67818059307042, 13.013583854499016], [77.67792575715194, 13.01327620104646], [77.67762216213387, 13.01296109520842], [77.67733556147228, 13.012717417593482], [77.6772045580474, 13.012607386090082], [77.67710575269903, 13.01247315325964], [77.67692948784492, 13.011926008050402], [77.6768274556463, 13.01146676329768], [77.67634889095063, 13.011393918885725], [77.67572607021204, 13.0114003456165], [77.6738258651284, 13.011516384081325], [77.67225276802105, 13.011564744330638], [77.67086807257648, 13.011631508554883], [77.6695782627639, 13.011775593137635], [77.66898420747823, 13.011885405151297], [77.66838093005491, 13.011980493557136], [77.66741215620281, 13.012085267729866], [77.66646220342587, 13.012255025072736], [77.66639224999055, 13.01226984467771], [77.66549218635369, 13.012433761969902], [77.66347364246037, 13.012964578072028], [77.66265010820771, 13.013150452256342], [77.66223956272043, 13.013279112484806], [77.66223175490944, 13.013538542732029], [77.6622256211491, 13.013742262000484], [77.66218941507208, 13.01459590366379], [77.66215912409389, 13.014871751154832], [77.66209876353616, 13.015444179301408], [77.66207101895897, 13.015675558022805], [77.66204286311557, 13.015868428027623], [77.66200918564199, 13.015983540223104], [77.66199971497771, 13.016015910819004], [77.66199330712345, 13.016037810560265], [77.66196156105224, 13.016098129576381], [77.66191334659506, 13.016189732388455], [77.6618747602573, 13.016250237268258], [77.66186579917384, 13.016264290885188], [77.66180320760552, 13.016344926599132], [77.66173200079385, 13.016401992110483], [77.66170292781877, 13.0164252924564], [77.66169835126512, 13.016428961090847], [77.66165484443948, 13.016451216286066], [77.66161151592343, 13.01647338407576], [77.66152104694632, 13.016519664415819], [77.66120524121764, 13.016656229785777], [77.66060346389021, 13.016893500605422], [77.66020176208818, 13.017069394722451], [77.6600560997822, 13.01713317442644], [77.66004482769522, 13.017138218404677], [77.65946668598038, 13.01739698130143], [77.65821846510651, 13.017934190932293], [77.65750256930235, 13.018237806425269], [77.65677776387169, 13.01855632660531], [77.65600187790058, 13.018902031423185], [77.6557683393819, 13.018993788746894], [77.6555187773227, 13.019091843291026], [77.65477776178265, 13.019319317174798], [77.65390121363274, 13.019622529823321], [77.65354114522178, 13.019753270803701], [77.65186781608996, 13.020485926895201], [77.64978041422417, 13.021403362186614], [77.64732276227377, 13.022458306984444], [77.64541525356402, 13.023300314925185], [77.643555114112, 13.024108390730037], [77.64184448874519, 13.024868121636473], [77.6403646157711, 13.02552183591105], [77.63992484815307, 13.025693840715075], [77.63979408375644, 13.025744986574225], [77.63941314891504, 13.025839144352588], [77.63932835914405, 13.02585436083965], [77.63820825743373, 13.026055377138508], [77.6372656323133, 13.026242186140475], [77.63627193036974, 13.026436200095135], [77.63535707190862, 13.026669531781758], [77.63472652376898, 13.026878738371584], [77.63430702569632, 13.027017919251069], [77.63350233728318, 13.027350431993444], [77.63336109948213, 13.027415382011005], [77.63284057504423, 13.027654743369268], [77.63277248570297, 13.02766546567183], [77.6327008446194, 13.027662849590055], [77.6326531034181, 13.027631789275665], [77.63273725011548, 13.027758869167174], [77.63272476251326, 13.027764178890724], [77.63272861413401, 13.027770185197364], [77.6327663057121, 13.027828996207035], [77.63295375281332, 13.028086987583698], [77.63301301032448, 13.028168544641533], [77.63308595468055, 13.028253581957355], [77.63319612355005, 13.028382011373058], [77.63345849367113, 13.028687872418075], [77.63348206500353, 13.028715348399299], [77.63361501260688, 13.028646620242403], [77.63366665547593, 13.028629954694829], [77.63380699789381, 13.02858466930661], [77.63427267964407, 13.028473273525272], [77.63438739308575, 13.028445947728017], [77.63455525633553, 13.028405958041887], [77.6348603990602, 13.028329524963183], [77.63513812490025, 13.028215541365705], [77.63521016141789, 13.028185975889592], [77.63561350188633, 13.028016355831184], [77.63583289199303, 13.027924096429414], [77.63613798644029, 13.027843219781836], [77.6361884802707, 13.027835920414942], [77.63635295729812, 13.027812143897838], [77.63659549761675, 13.027816340591095], [77.63703588832243, 13.027885186967154], [77.63742944741914, 13.027984618585272], [77.63750613341105, 13.028237748193337], [77.63756281539953, 13.028706237712145], [77.63763296172472, 13.029225300897947], [77.63776694425864, 13.029667648777794], [77.63789695928669, 13.0299930437493], [77.63790049690596, 13.03000190240816], [77.6379138150024, 13.030045153235292], [77.6379593173034, 13.030134628830242], [77.63805621217509, 13.030253729450148], [77.63832908673378, 13.030524913609472], [77.63851861245936, 13.030730379786924], [77.63882676341929, 13.031008706255621], [77.63930590393872, 13.031454168318374], [77.63944921830179, 13.031661179901743], [77.63945886952665, 13.031675119677518], [77.63955920473617, 13.031853165429068], [77.63961495324932, 13.031952089916674], [77.63961641008724, 13.031954676864238], [77.63961861399211, 13.031961428323209], [77.63969449267277, 13.032193866083894], [77.63969625170449, 13.032198480508148], [77.63981260803473, 13.032503755991062], [77.6398603434906, 13.032599508084068], [77.63987598938246, 13.03263088929486], [77.64006423156673, 13.0328656156895], [77.64011071764759, 13.03291916658953], [77.64014071022541, 13.03295371792226], [77.6402636437025, 13.033148008520191], [77.64041062178092, 13.033330203526585], [77.64057230018747, 13.033473730365042], [77.64067628724523, 13.03359118223648], [77.64080579835263, 13.03383577378544], [77.64087346635537, 13.033992458661892], [77.6409003711371, 13.034054761451142], [77.64100074134954, 13.034266351698905], [77.64101725419658, 13.034292714628252], [77.64103907209017, 13.034327538826041], [77.64104684859284, 13.034339950427801], [77.64107731513613, 13.034363342579418], [77.64110450892844, 13.034363065188971], [77.6411456164343, 13.034344491126467], [77.64127893704156, 13.034284254272045], [77.64169417600353, 13.034150418662364], [77.64171024326632, 13.034145238475991], [77.64171560528524, 13.034143509370383], [77.64201681209619, 13.034051551890663], [77.64205570028955, 13.034037907908338], [77.64217336124179, 13.03399662579588], [77.64218537192298, 13.033997051344338], [77.64230335024206, 13.034001224447241], [77.64237617740514, 13.034030109287473], [77.6425486551644, 13.034052051950914], [77.64309871992987, 13.034061250310188], [77.6431984624818, 13.034063196998128], [77.64324076250227, 13.034062765177477], [77.64325982904765, 13.034064374441686], [77.64326793467092, 13.034067122441312], [77.64326801875437, 13.034075040275129], [77.64326810885439, 13.034083524659547], [77.64324978868476, 13.034153976202248], [77.64324831340471, 13.034159652757884], [77.64321581094389, 13.034684426790927], [77.6431755506527, 13.035120592526697], [77.6431516099451, 13.0354025356295], [77.6432047251547, 13.035754120748278], [77.64323580662806, 13.03592798918817], [77.64437746949154, 13.035852183000426], [77.64496998936994, 13.035846130145575], [77.64495722611726, 13.035912283474977], [77.64489933904007, 13.035956890167206], [77.64467620818678, 13.036065095927771], [77.64449148006199, 13.036171697395028], [77.64444638571993, 13.03621308356577], [77.64440907638222, 13.036272988942592], [77.64437951492107, 13.03634769739956], [77.64436547543852, 13.036443822482704], [77.64435829187757, 13.03649300604468], [77.64434728964517, 13.036512908202806], [77.64432106155927, 13.036560352880775], [77.6442989317414, 13.036620105514196], [77.64426913070169, 13.036672494236175], [77.64425810412862, 13.036706090139083], [77.64420684517187, 13.036881470040548], [77.64417775793179, 13.037000818016924], [77.64417854846492, 13.037075216446027], [77.64417906232761, 13.037123576696539], [77.64417945758532, 13.037160774754534], [77.64417997145168, 13.03720913500469], [77.64418056434295, 13.037264932091231], [77.64418131538183, 13.037335612100385], [77.644150078044, 13.03753831325825], [77.6441480965645, 13.037551180547927], [77.64414226641563, 13.037588994931534], [77.6440561903242, 13.038058635380283], [77.64401951551027, 13.03817806087344], [77.64400105713862, 13.03822661260753], [77.64389928353208, 13.038405066355338], [77.64386509153606, 13.038518189817198], [77.64385767318466, 13.03865272831189], [77.64386357256213, 13.038791469399907], [77.64388231477835, 13.039029569361098], [77.64379668970385, 13.039000496821618], [77.64375242718324, 13.038985470025121], [77.64362407335338, 13.03897938037777], [77.64340977744799, 13.038969216898264], [77.6430911471864, 13.038972470818255], [77.64303107689926, 13.038973084224876], [77.64295373715541, 13.038981864343137], [77.64264876968222, 13.039016491093024], [77.6423347405653, 13.039039449910758], [77.64216603558795, 13.039088575597509], [77.6421178089034, 13.03911606870808], [77.64201785257102, 13.039173047211868], [77.64188999214731, 13.039340291134334], [77.64187479069673, 13.039360173661542], [77.64186345041885, 13.039368261303423], [77.6416972650903, 13.039486774520801], [77.64166684946024, 13.039508461282503], [77.64152634778378, 13.039557298772088], [77.64147451848771, 13.039609183649176], [77.64146939718982, 13.039885763667895], [77.641476654849, 13.0401898680348], [77.64147185568503, 13.040252619055797], [77.64144127476675, 13.04065242309376], [77.64142722459687, 13.040777857252627], [77.64140369197555, 13.04098794297818], [77.64139342949898, 13.041079552182309], [77.64140811523876, 13.041324326926553], [77.64142806380436, 13.0414460467694], [77.64142961759066, 13.041455533811606], [77.64143396846366, 13.041482078562659], [77.6414959917942, 13.041631560792613], [77.64158040721402, 13.041744338453599], [77.64172469950454, 13.042005241742114], [77.64177900415399, 13.042186403422098], [77.64171464158427, 13.04223137419685], [77.64166630374201, 13.04226222883041], [77.64159603355914, 13.042310659565077], [77.64152580703282, 13.04236342615964], [77.64148207812094, 13.042411585937296], [77.64144295815075, 13.042477048569387], [77.64138185498831, 13.042555746868697], [77.64131195307039, 13.042638871292997], [77.64119293025361, 13.042679124627915], [77.64106524446501, 13.042736816243739], [77.64086258706251, 13.042816959194289], [77.64077457622376, 13.042861232182478], [77.64060269823656, 13.04292371323842], [77.64033834306137, 13.043026173998383], [77.6399588318967, 13.043116795831494], [77.63978695576657, 13.043179274080185], [77.63953996959887, 13.043251193399694], [77.63932832586801, 13.04331841568411], [77.63905876244918, 13.043347190046303], [77.63880661480304, 13.043349761621402], [77.63847889932316, 13.043318403637524], [77.63810215525237, 13.043252845200032], [77.63783130124858, 13.043160179483037], [77.63762224430654, 13.043053874533056], [77.63743935632604, 13.042912598114556], [77.63740142450645, 13.042874441097187], [77.63715923134028, 13.042781556434358], [77.6369828652335, 13.042701613317984], [77.63680631681494, 13.042604463029093], [77.6366808061539, 13.042510543775691], [77.63669666710801, 13.042785361308107], [77.63666869372123, 13.042847041911415], [77.6366515054398, 13.042884946636454], [77.63665122651886, 13.042885560034506], [77.63664674100664, 13.042895450954953], [77.63662397456874, 13.042945649077746], [77.63606635524506, 13.044175204131756], [77.63603763184123, 13.044543377695291], [77.63632713697676, 13.04735397182419], [77.63640357137864, 13.04809599191792], [77.63646165476608, 13.048893895959639], [77.63648709302846, 13.049243309385192], [77.63657789855655, 13.05049071124268], [77.63662363039612, 13.051118895366454], [77.63662422712179, 13.051127115595442], [77.63700482291429, 13.053415981821605], [77.63704790211168, 13.057121039885487], [77.6371371223585, 13.058823835441595], [77.63720433772838, 13.06010660126104], [77.63715119030465, 13.06140676330082], [77.63712670919445, 13.06200561843605], [77.63711218189358, 13.062361058857462], [77.63682239543282, 13.065176517499587], [77.63663253596974, 13.067021119839527], [77.6369527138505, 13.06900196774893], [77.63694474156014, 13.069003221685975], [77.63703076419348, 13.069484838999095], [77.63766681260776, 13.073419702053965], [77.63766187869732, 13.073420504086352], [77.63767861060141, 13.073492702356583], [77.63779283854262, 13.073985561748223], [77.63791667814615, 13.07451989366811], [77.63817713230358, 13.075114238671066], [77.63824983105167, 13.07520594151501], [77.63850111350726, 13.075522912918974], [77.63928261302131, 13.07639806483756], [77.64071380563131, 13.077855323338651], [77.64201158248841, 13.077776762429774], [77.64207321201708, 13.077773030276623], [77.64251469197865, 13.078702176901752], [77.64251611101602, 13.078705164254183], [77.64264375376817, 13.078973804617569], [77.64278832952868, 13.079232766291453], [77.64374171517238, 13.080940448688548], [77.64412183990339, 13.081579908657615], [77.64460239871181, 13.082388314372224], [77.64464636094438, 13.082407808462346], [77.64485925039223, 13.082502199842295], [77.64514117910004, 13.08297107595987], [77.64649846460199, 13.085228351199527], [77.64886650872525, 13.082501706906276], [77.6489009966474, 13.082211154723742], [77.64902318256632, 13.081181768168243], [77.6493124396318, 13.078532827400789]]]]}}, {"type": "Feature", "properties": {"Ward_No": 54, "Ward_Name": "Hoodi", "Zone": "Mahadevapura", "Risk_Score": 0.2801, "Alert_Level": "GREEN", "Severity_Band": "low", "Priority_Rank": 45, "Pop_Density_per_km2": 1352.9, "Green_Cover_Pct": 61.6, "Water_Stress_Index": 19.9, "Heat_Intensity_Index": 49.9}, "geometry": {"type": "MultiPolygon", "coordinates": [[[[77.735825585928, 13.012786511520863], [77.7360888023484, 13.011591521977541], [77.73596698781135, 13.010563171344831], [77.73596104278951, 13.01002132116168], [77.73601392238758, 13.00980399677859], [77.73667465309985, 13.009580261650285], [77.74015358323982, 13.009326764340909], [77.74059148476236, 13.008942800363478], [77.7413627232758, 13.00871788447691], [77.7463377766156, 13.008827828495805], [77.74711318404287, 13.00898219006696], [77.74718575370872, 13.010552956954346], [77.74856602590505, 13.010429951142976], [77.75161003057973, 13.010831200525555], [77.75186639346227, 13.01087410171061], [77.75196755793417, 13.010827744478556], [77.75205127086326, 13.010790609729003], [77.75208946349319, 13.010786455839687], [77.75211874926498, 13.010783645225443], [77.75214796372072, 13.010774586940848], [77.75216824608935, 13.010764372371042], [77.75219488386206, 13.010752841594341], [77.75221883695849, 13.010728840146552], [77.7522361954662, 13.010684912339526], [77.75223988233638, 13.01067237405297], [77.75226016235975, 13.010662161815583], [77.75229954555876, 13.010650495769104], [77.7523531568261, 13.010657426298305], [77.75241057671437, 13.010663063009831], [77.75250973342966, 13.010639514456367], [77.75256424560794, 13.010612691125148], [77.75264496783048, 13.010535595281675], [77.75268500590933, 13.010467679501312], [77.75268598956534, 13.010441421990208], [77.75269466423694, 13.010418833749315], [77.7527170932208, 13.010372352279868], [77.75279431016052, 13.01032403820454], [77.75290053686265, 13.010247922669077], [77.75303096240195, 13.010170296844352], [77.7530927629341, 13.010110900581234], [77.75314562663935, 13.010050345793953], [77.75317956895839, 13.010007492987347], [77.75320722015276, 13.009972204141173], [77.75322480155344, 13.009948270271433], [77.75324753397031, 13.009929283691713], [77.75328539524756, 13.009895135210959], [77.753317020627, 13.00987355207718], [77.75336772388077, 13.009848017817674], [77.75346042580969, 13.009817038012711], [77.75350860519669, 13.009794030354797], [77.75354520684117, 13.009761143978032], [77.75362471031663, 13.009689060532292], [77.75367146451076, 13.00965232007749], [77.75370431036092, 13.009625726604034], [77.75382814298483, 13.009528174161684], [77.75387234801725, 13.009491458435347], [77.7539077014794, 13.009461087418645], [77.75395567609482, 13.00941933431177], [77.75401854019763, 13.009341179049013], [77.75405478291, 13.009275803287748], [77.7540774599647, 13.009251815275865], [77.75410849412248, 13.009176497816945], [77.75412076787028, 13.009133872713466], [77.75412438563625, 13.009115086739726], [77.75418685172886, 13.009000689328653], [77.75422194285619, 13.008946573860358], [77.75425072912384, 13.008898773755485], [77.7542646374161, 13.008888629063314], [77.75428242566977, 13.008883440513396], [77.75429773388198, 13.008884529025147], [77.75431305350041, 13.008886863860202], [77.75433725465939, 13.008885358105717], [77.7543575758281, 13.008878893895504], [77.75437533647198, 13.008871205804734], [77.7543980962794, 13.008854716382501], [77.75440941407444, 13.00884084829533], [77.75442963860178, 13.008825634552313], [77.75446120854882, 13.008799054566769], [77.75449175592983, 13.008794981576955], [77.75451729943384, 13.008799709965576], [77.75454420144652, 13.008811921095177], [77.75457263907592, 13.008847863120732], [77.75459322246972, 13.008865141003598], [77.75461898684777, 13.008889865656187], [77.75463951738898, 13.008902144440086], [77.7546471645857, 13.008902063223589], [77.75466499189481, 13.008900625131531], [77.7546877792891, 13.0088866352215], [77.75470688230799, 13.00888518357802], [77.75471853134515, 13.008901305267242], [77.75472776939154, 13.008929954012096], [77.75473694078731, 13.008952355051681], [77.75473713402965, 13.008969849478923], [77.75472956963485, 13.008977426988917], [77.75471947001643, 13.008986284807364], [77.7547144984721, 13.00899758567646], [77.75471715559326, 13.009007554453172], [77.75475589997934, 13.009053386292397], [77.75479994960743, 13.009117911636176], [77.75487244838897, 13.009219625265878], [77.7549022860972, 13.009266802743642], [77.75490502842491, 13.009284270092511], [77.75490638697474, 13.009291755143602], [77.7549078674086, 13.009310486965619], [77.75490687014944, 13.009335493516488], [77.75490459720227, 13.009360515929956], [77.7549028902444, 13.009436773005245], [77.75490213911554, 13.00948427307277], [77.75491456368873, 13.00957037935151], [77.7549160441292, 13.009589111172673], [77.754919690426, 13.009603867902552], [77.75497458690427, 13.009794187383754], [77.75506335988437, 13.010172447976295], [77.75512167415049, 13.010254780649715], [77.75518846140766, 13.010283696742192], [77.75527922021718, 13.010294584170316], [77.75535776295663, 13.010293749725092], [77.7554630056428, 13.01024819202961], [77.7556842559864, 13.010165331130581], [77.75594431957389, 13.01005939964124], [77.75618750816194, 13.00992053904362], [77.7564937402557, 13.009745458007492], [77.75661910979424, 13.009607849283695], [77.75677800843775, 13.009496545071853], [77.75684364709436, 13.009421784622585], [77.75690593989614, 13.009317431850869], [77.75697434190288, 13.009218943409934], [77.7570478658715, 13.009037446164937], [77.7570835596067, 13.008986704908446], [77.75716745542806, 13.008923599644799], [77.75720351172416, 13.008905442408969], [77.75741090411117, 13.00880843405458], [77.75761232052741, 13.008717418371466], [77.75789250809828, 13.008646301277796], [77.75811520215726, 13.008566905998386], [77.7583006301173, 13.008396067924458], [77.75833622521967, 13.008336440640992], [77.75834430674342, 13.008247480408537], [77.75834703016548, 13.008220785922106], [77.7583708702159, 13.00819090917922], [77.75845174473919, 13.00812783573739], [77.75853271985943, 13.008073648173424], [77.7585804981143, 13.00802277596178], [77.75858624457932, 13.007996053952846], [77.75861612351017, 13.007966110660734], [77.7587122697, 13.007917686354627], [77.75878739762412, 13.007881337161002], [77.7588503750192, 13.007839192539043], [77.7588986446771, 13.007832754502907], [77.75898950073363, 13.007852524383612], [77.75905920988565, 13.007872521476193], [77.75915581235955, 13.007865569286086], [77.75918595572165, 13.007859324006676], [77.75933023552533, 13.007792611257837], [77.75939278910515, 13.007711958561742], [77.75944841647308, 13.007551389965727], [77.75948752898081, 13.00726360805363], [77.75948674245606, 13.00719251611986], [77.75949521686947, 13.0071391019012], [77.75949748137964, 13.007070937518384], [77.7594371374325, 13.006804952138356], [77.75941812878466, 13.006725164760132], [77.7593547293184, 13.006456249504815], [77.75930446113533, 13.006281995725494], [77.7592794089776, 13.006202272599948], [77.7592696589733, 13.006140162948093], [77.75926023666894, 13.006107677639585], [77.75926844662241, 13.006030563046373], [77.75927682042096, 13.00596826062593], [77.75930328761767, 13.005902805754467], [77.75937799123726, 13.005827946240297], [77.75965659949057, 13.005614641823025], [77.75986622688175, 13.005446510430495], [77.75995284646727, 13.005356712449444], [77.76003096129057, 13.005317368975376], [77.75982262583578, 13.004165251917476], [77.75963405290953, 13.003331851023722], [77.75946959864581, 13.002652088217925], [77.75794598486569, 13.002734236777036], [77.75717944151202, 13.002346663752144], [77.7574124237562, 13.001113063270378], [77.75685346114795, 13.001250909709318], [77.7559109883931, 13.001172982102961], [77.75477016333042, 13.001404938381405], [77.75421439138887, 13.00160332199387], [77.7537463680473, 13.000052767530065], [77.7536898916788, 12.99899811438929], [77.75338536423475, 12.997974769872224], [77.75201457506806, 12.997375510562367], [77.7518113831227, 12.997391183624673], [77.74756095784953, 12.9982276507858], [77.74409048452334, 12.998638100408156], [77.74319381497628, 12.998647578376175], [77.74144410142644, 12.998556142372436], [77.73598452698299, 12.997492524280691], [77.73122925609736, 12.996465730510607], [77.73124599234491, 12.99619324163784], [77.73132232405878, 12.995637505939074], [77.73131133035186, 12.995461222088652], [77.73138594767086, 12.995426717700832], [77.73143533088015, 12.995420809904635], [77.73150509677677, 12.995269220924273], [77.73158721812334, 12.995053027880376], [77.7317849322198, 12.994788650631861], [77.73240249295327, 12.993858790659276], [77.73262112447266, 12.993350838227459], [77.73274672151555, 12.992536080033489], [77.73297598360604, 12.990950758574531], [77.73324959255956, 12.989321004369815], [77.73345787689183, 12.987867816766299], [77.7367718216931, 12.987503152050625], [77.73966466921345, 12.987582583422636], [77.74059243288512, 12.987399967008821], [77.74058947168395, 12.98731597667623], [77.74059499559213, 12.987261906678714], [77.7405863106596, 12.987213985314558], [77.74055481507192, 12.987132296356146], [77.7404045103788, 12.987005850392869], [77.74019784147858, 12.986948015344105], [77.74000748919893, 12.98689000801643], [77.7396263022764, 12.986729987965], [77.7384881476695, 12.986337602554103], [77.73845277928167, 12.985148369574233], [77.7380362326549, 12.985130984698358], [77.73792876809604, 12.985069935113028], [77.73787182495074, 12.98505089933465], [77.73732456303013, 12.985056665623869], [77.73705778397672, 12.985075839744912], [77.7370671693174, 12.984926431209459], [77.73604088426303, 12.984919584238533], [77.7360407331349, 12.984915904250618], [77.73446300478807, 12.984900503392497], [77.73351677106163, 12.9849282437698], [77.73350615565423, 12.985284000857709], [77.73351219411872, 12.985504439369892], [77.73348762846176, 12.985579381767703], [77.7334264095121, 12.98561914733678], [77.73339022541114, 12.985626641443073], [77.73328506609354, 12.98562774778485], [77.73252087805967, 12.985666015973587], [77.73226010499944, 12.985697209905695], [77.73213543584129, 12.985793358906237], [77.731669611133, 12.986489952297116], [77.73167385659467, 12.986492178587937], [77.731665428697, 12.9865098819547], [77.73164466244323, 12.986608858067122], [77.73160590631625, 12.986727085750452], [77.73158735237008, 12.986861466981459], [77.7315896065483, 12.987067633203909], [77.7316079727641, 12.987221262143079], [77.73159020366502, 12.98742763659501], [77.73157882357495, 12.987607763405292], [77.73158050533085, 12.987761567779364], [77.73159539212978, 12.987902144218866], [77.73160783710945, 12.9881245669154], [77.7315523838063, 12.988135292923456], [77.73051164857529, 12.988302052743506], [77.72868722250085, 12.988637587371993], [77.72742433069632, 12.98888609654189], [77.72698298360484, 12.988996183402904], [77.72693183860738, 12.989009111076001], [77.72668115372024, 12.989061934687376], [77.72614521447692, 12.98919760504722], [77.72589005350571, 12.989266445525102], [77.7257628338816, 12.989333940853161], [77.72532411126782, 12.989637418492167], [77.7250442049517, 12.989784088388014], [77.7247271776736, 12.989940272864555], [77.72438181356851, 12.990057967850344], [77.72437535122361, 12.99006740385547], [77.72437171190283, 12.990064754824049], [77.72374089994409, 12.990247803839104], [77.7231285985933, 12.990421531999852], [77.72294688013758, 12.990490867201684], [77.72294122754097, 12.990471188663522], [77.72284558780424, 12.990501281194451], [77.72252572071739, 12.990610723700492], [77.72241952060901, 12.990632367962336], [77.72229767247535, 12.990659312429191], [77.72208354356884, 12.99070433478851], [77.72195664713053, 12.990748442751528], [77.72169253626289, 12.990850454770442], [77.7214356284079, 12.990972924429784], [77.72119848312347, 12.991103484328857], [77.72119621581892, 12.991099276073555], [77.72083726523233, 12.991304947845812], [77.72057376817477, 12.991463418650063], [77.72003819991842, 12.991794139897026], [77.71966536248324, 12.992006798769935], [77.71953681536068, 12.992059477258701], [77.71953073514784, 12.99206851142063], [77.71953063497081, 12.992068191021419], [77.7194178105158, 12.992122416117208], [77.71927325872781, 12.992147885795184], [77.71912687355285, 12.992164818055166], [77.71862273041448, 12.992176941553813], [77.71831371320347, 12.99216135432579], [77.7181330851268, 12.99216324500631], [77.71813281429787, 12.992162195617142], [77.71788481510475, 12.992166403152012], [77.71714986202151, 12.992187782269136], [77.7165335005671, 12.992203358375962], [77.71652684844514, 12.992200585797946], [77.7165279607168, 12.992205062885947], [77.71638308373895, 12.992194409555502], [77.71626315213067, 12.992195664034474], [77.71608118674526, 12.992197567278115], [77.71578698577561, 12.992147917248941], [77.71535668599776, 12.99175453667928], [77.7153556645764, 12.99175494281117], [77.71449073548817, 12.990948733506608], [77.71354896633032, 12.99015118584326], [77.71306598899334, 12.99029173756481], [77.71188702389412, 12.99055957544706], [77.71155357242024, 12.990643560634314], [77.71137039679346, 12.99068969437925], [77.71111041581877, 12.990744120257654], [77.71114928736502, 12.990895813678717], [77.71137182410023, 12.991678324059551], [77.71164594999823, 12.992521460982026], [77.71115043207396, 12.992641563673146], [77.7108599288802, 12.992712325359626], [77.71085959709927, 12.992711524040978], [77.71063373177695, 12.992765596014223], [77.71003869807998, 12.992817436345693], [77.70882896156495, 12.99282397411835], [77.70740563541051, 12.992872280975089], [77.70613128820368, 12.992928150820216], [77.70509583850449, 12.992987612722365], [77.70478602823776, 12.993024303272017], [77.70481791394747, 12.994121079187028], [77.70496259207673, 12.995261468053066], [77.70504400016391, 12.995444707657443], [77.70514222191471, 12.99574885292702], [77.7052409301914, 12.996022131368859], [77.70542904787655, 12.99605699234233], [77.70562081748703, 12.996082610957895], [77.70581077229107, 12.996113768516521], [77.70612865413322, 12.996169366429948], [77.70629618244608, 12.996209963832523], [77.706546704918, 12.996286514789352], [77.70664471505216, 12.996322311879482], [77.70680255675714, 12.996335395163706], [77.70700719075673, 12.996335102331253], [77.70711810513396, 12.996348674730614], [77.70725749385029, 12.996391403399802], [77.7074064496547, 12.996450604289652], [77.70754589836254, 12.99649885695373], [77.707617710549, 12.996542292481879], [77.70766517930386, 12.996591504367396], [77.70775234930781, 12.996666076048562], [77.70788700580626, 12.996791700161621], [77.70789844988288, 12.996808150548052], [77.7077628323346, 12.9969402754388], [77.70772199282291, 12.996983045069078], [77.70783035150967, 12.997107102649485], [77.70800470731929, 12.997258086433217], [77.70811067004131, 12.997334302714522], [77.70821696999137, 12.997441814102176], [77.70825670898225, 12.99747085505792], [77.70830002462108, 12.997483291250893], [77.70837730844114, 12.99751194047788], [77.70843412498331, 12.997557372975674], [77.70847612285742, 12.997621368335318], [77.70850523667917, 12.997709433482811], [77.70851188636118, 12.997803255493737], [77.70849754939907, 12.997865997806215], [77.70847721955838, 12.997895667774111], [77.70846254304152, 12.997927117268807], [77.7084591685139, 12.997962130492187], [77.70846160478334, 12.998013652835986], [77.70847520324917, 12.998055854580814], [77.70848692471178, 12.998098075908871], [77.7084897404931, 12.99818457230338], [77.70849850930824, 12.998300466739753], [77.70853601255928, 12.998469447616825], [77.70856941804561, 12.998651336206633], [77.70754291187737, 12.998919779992724], [77.7060699929214, 12.999278833968315], [77.70639930847292, 13.000748778199316], [77.70647472856774, 13.001085413769104], [77.70659402568324, 13.001793605541778], [77.70677029874417, 13.002296921750322], [77.70694902261836, 13.002776285987128], [77.70706424067272, 13.003149963063025], [77.70716590669879, 13.003773699181156], [77.70723509661016, 13.004153175218947], [77.70724648730116, 13.004203572743302], [77.70724692000304, 13.00424344896699], [77.70722018552212, 13.004284970770447], [77.70723988770051, 13.00428369215473], [77.707239920689, 13.004283689497932], [77.7076016312754, 13.004243385403791], [77.70853310498347, 13.004258105334992], [77.70904305934302, 13.004268335972649], [77.70964128240252, 13.004268756508479], [77.71035985012155, 13.00429235572834], [77.7109560455572, 13.004315016076143], [77.71154568617692, 13.004359958267814], [77.71203115158514, 13.00441043509843], [77.71232730626822, 13.004428201223798], [77.71267053822932, 13.004503615581584], [77.7131668778054, 13.004581380648675], [77.71353371975202, 13.004605195902245], [77.71394448133255, 13.004592997532802], [77.71451588730882, 13.004535669027733], [77.7152443392258, 13.004472743668336], [77.71555096289697, 13.004454815087563], [77.71624934944099, 13.004445837359224], [77.71649746052847, 13.004444907176891], [77.71720658496096, 13.004485807803599], [77.71779149836534, 13.004513012802017], [77.71818527771624, 13.004532168452196], [77.71826626049028, 13.004709994440274], [77.71871157290528, 13.005650404906627], [77.71891245230381, 13.00606306734727], [77.71894639543379, 13.006127889271177], [77.71895891253196, 13.006444759153048], [77.71903998971992, 13.006953480980457], [77.71913759446844, 13.007592382439979], [77.71922225781414, 13.00842991705157], [77.71926739308034, 13.008690154425397], [77.71932026886485, 13.008828842581552], [77.71934191836687, 13.009117102476607], [77.71931869100857, 13.009272882895603], [77.71929051949031, 13.009390943854843], [77.71926931602897, 13.009524483831424], [77.71923580183012, 13.00977591617046], [77.71921807581991, 13.01002051814048], [77.71923885430137, 13.010055851513446], [77.71925724548306, 13.010080100300478], [77.7193751865455, 13.010089973312763], [77.71958336810256, 13.010063348812483], [77.71983925332988, 13.010047333502628], [77.72008848319197, 13.010031764695642], [77.72013267671986, 13.010032129098596], [77.72032578548587, 13.010400927208767], [77.72063202753895, 13.010621162599858], [77.7209100442438, 13.011735493701245], [77.72357423422625, 13.012247527340234], [77.72477412957855, 13.01257009612729], [77.72802563362619, 13.012110005271019], [77.72841185901706, 13.01205174935335], [77.72901972006564, 13.012045353028979], [77.73288909302048, 13.012112985845315], [77.73388258024674, 13.011994131462142], [77.735825585928, 13.012786511520863]]], [[[77.69296158843562, 13.029965018389865], [77.69435994539465, 13.027260307913695], [77.69434350569645, 13.027257463255511], [77.69339496340054, 13.027405393108145], [77.69171309926699, 13.027598992724961], [77.68876365905166, 13.024767687407506], [77.68674894062089, 13.023081894944115], [77.68255272880313, 13.023050112670434], [77.68168159977512, 13.022933699012588], [77.68171717154834, 13.023238192124687], [77.6820659951809, 13.026224054400327], [77.68227080623953, 13.030646951565766], [77.68234393266516, 13.033265978456685], [77.68238743177201, 13.034723420364601], [77.68526783542457, 13.034852342515343], [77.68819597761308, 13.03440487397641], [77.6902818083425, 13.032670975755275], [77.69296158843562, 13.029965018389865]]], [[[77.67474685949068, 13.051758399438189], [77.67306904088232, 13.051523063828174], [77.67269193201221, 13.051445803839181], [77.67173858961009, 13.051781586394274], [77.67119838749835, 13.050999163182352], [77.66963575289842, 13.04982132157591], [77.6673465693287, 13.049655427865533], [77.666346211836, 13.049754544464491], [77.66448788354953, 13.0504408419648], [77.66287907188241, 13.050480166552958], [77.66286080932306, 13.051471272132263], [77.66301489002959, 13.052375663240477], [77.66339663326835, 13.052966280874214], [77.6637279113426, 13.054236901535923], [77.66437742813723, 13.055560862396371], [77.6643643383786, 13.05703321336418], [77.66423271057842, 13.05822366524611], [77.66438316169456, 13.05878834915405], [77.66476431334767, 13.059322345018312], [77.66495761155117, 13.061188931832822], [77.66531961765868, 13.062629099014263], [77.66602357929509, 13.063641058181343], [77.6665503415314, 13.064286792937576], [77.66683939937384, 13.065668291360886], [77.66685955041768, 13.06568763454845], [77.6683741508306, 13.067141499646846], [77.66915033181627, 13.067350254725964], [77.6698153770437, 13.067505963561024], [77.67069977682357, 13.067496820918326], [77.67406570094776, 13.066920061328123], [77.67610969083711, 13.066790507236947], [77.67649252377254, 13.066407184434551], [77.6767025222058, 13.065375330561032], [77.67834963793979, 13.064328582579389], [77.67866666769393, 13.06297045535481], [77.67864796498587, 13.061236455011272], [77.67843794458665, 13.059176507332745], [77.6783388800678, 13.058204819374332], [77.67787684006046, 13.056367024461291], [77.67787275194807, 13.055987710529683], [77.67786866398977, 13.055608398898094], [77.67786224029851, 13.05501233608607], [77.67785661897685, 13.054490701901413], [77.67785640084011, 13.054470459304413], [77.67796344210909, 13.054144188718105], [77.67731281429322, 13.053690142313405], [77.67597777160027, 13.052377372591016], [77.67474685949068, 13.051758399438189]]], [[[77.65564035132137, 13.072670037476405], [77.65570518636433, 13.071060509120056], [77.65546323262708, 13.071067194733097], [77.6554481218629, 13.071067350115555], [77.65544796338632, 13.071052539052706], [77.6554567455048, 13.071025783588341], [77.65549804001819, 13.070977789519203], [77.65548032528494, 13.070263620622367], [77.65544027374935, 13.069533219704496], [77.65538882704891, 13.068490860931693], [77.65529022894673, 13.067184314676492], [77.65520914255008, 13.066007949111706], [77.6551636139879, 13.06551857343609], [77.65515021808642, 13.065396250205147], [77.65497943637102, 13.06231454619236], [77.65481570979775, 13.059359917038616], [77.6548071035646, 13.059308650087477], [77.65477725384766, 13.059154892945067], [77.6547520241637, 13.059029932073088], [77.65478121040186, 13.058910809142125], [77.65484885898991, 13.058831108542863], [77.65484822579243, 13.058771859581697], [77.65481968475952, 13.058740549979717], [77.6547068737893, 13.05874170868455], [77.65465848233585, 13.05873825565156], [77.65463414122118, 13.058722703113949], [77.65460967113337, 13.05869530172801], [77.65458448353932, 13.058600754429797], [77.65454725438715, 13.058510278538815], [77.6545066249423, 13.058479093039171], [77.65446201136172, 13.058451898504797], [77.65441328468009, 13.05841684608623], [77.6543601025568, 13.058342336522875], [77.65431927550485, 13.05810917740736], [77.65437649602994, 13.057874356940301], [77.65445954055981, 13.057843571120028], [77.65449143486147, 13.057811640812876], [77.65451484736921, 13.057740294722837], [77.65453016263712, 13.05766508173053], [77.65454140698189, 13.057585958175213], [77.65454039408962, 13.057491160266862], [77.65453613758329, 13.05741843781948], [77.65452560466319, 13.05723848997936], [77.65457365583777, 13.057210343815578], [77.65465672163177, 13.057193271947513], [77.65471946168236, 13.057076114822527], [77.65471574599265, 13.056932362126386], [77.65467376867264, 13.056774779375953], [77.6546031663192, 13.05657798767568], [77.65455293831761, 13.056349383944712], [77.65455255852075, 13.05631383501517], [77.65451650904009, 13.05601002994367], [77.65450798753568, 13.055966664497795], [77.65451990708821, 13.055950739562151], [77.65464660831121, 13.055972724908216], [77.65484110778094, 13.05597918966665], [77.65480586981973, 13.055688214035833], [77.65475568446101, 13.055179197470638], [77.65474582835377, 13.054883724317884], [77.65473455773993, 13.054680622552187], [77.65469618540308, 13.054483499813724], [77.65456128486345, 13.054476272493922], [77.65449110846804, 13.054276853647744], [77.65468662370098, 13.054002465719334], [77.65484079358627, 13.053572861204048], [77.65479819947245, 13.053300920347704], [77.6544364631597, 13.052876607865961], [77.65443396996116, 13.052643168344185], [77.65446825270841, 13.05213696839169], [77.65473981145229, 13.051550513316583], [77.65461577177997, 13.051084851824731], [77.65461203225465, 13.050734690230673], [77.6548029770714, 13.050032327957535], [77.65499475219374, 13.04940777887543], [77.65462928131636, 13.048633303909888], [77.6543427679393, 13.047819109201384], [77.6539839468807, 13.047667147520487], [77.65338868606496, 13.04767325426938], [77.65275332119882, 13.047640860020426], [77.65176162822623, 13.04768993918286], [77.64986465629133, 13.048448694873263], [77.64895522751264, 13.048769300575708], [77.64820412096311, 13.049049371476443], [77.64768863230812, 13.049093559963975], [77.64697555006443, 13.04921759416806], [77.64662294464756, 13.049649226744537], [77.64655351698708, 13.05058381474318], [77.64711656380332, 13.051278456011085], [77.64728317815256, 13.052016069832307], [77.6472558109126, 13.053078139662787], [77.64725509672175, 13.053105876161021], [77.64724359626715, 13.05312376000854], [77.64718730541234, 13.053334000417044], [77.64704315577893, 13.053702859026137], [77.64687206006235, 13.054095696271983], [77.6467136782001, 13.054263232564594], [77.64655150087118, 13.05444851825713], [77.64639685835847, 13.054665528619815], [77.64626248702868, 13.055017742009056], [77.64615316310635, 13.055363544941365], [77.64626995875841, 13.055719341551786], [77.64636575977809, 13.055872238306412], [77.64660791420039, 13.056208286801997], [77.64690048326784, 13.056562285599423], [77.6472118220524, 13.0569099353062], [77.64743566895676, 13.057295411931646], [77.64779432137061, 13.058108090697946], [77.6483834216342, 13.058191556544042], [77.6483664269088, 13.058298387318468], [77.64837909134835, 13.058787539528145], [77.64842376904907, 13.059730617600021], [77.64842137971007, 13.05995212376692], [77.64875922015365, 13.059982597922708], [77.64930419880268, 13.05996004375013], [77.6500476339185, 13.059860365259253], [77.65005476339996, 13.059861744522715], [77.65038190754045, 13.059880036597509], [77.65057206086954, 13.059857346323366], [77.65086167491467, 13.059809933060732], [77.65090407391256, 13.059818388139982], [77.65092249014737, 13.059844864508682], [77.65094076357258, 13.060033244207613], [77.65093355129572, 13.060116722879252], [77.65093010814329, 13.060156603456836], [77.65090026417086, 13.060502070965022], [77.65087285780398, 13.060819314898128], [77.65080778864044, 13.061572546443045], [77.65081403980992, 13.061641925328502], [77.65083469134336, 13.061871182766179], [77.65082284794825, 13.062035738511058], [77.65076354114254, 13.062084723651104], [77.6507288052376, 13.062486830470336], [77.65073291815139, 13.062872160324314], [77.65075622419064, 13.064030736202547], [77.65079097467573, 13.064522139814402], [77.6508232715681, 13.064978804274975], [77.65086393184177, 13.065035112615329], [77.65089141342888, 13.06506149589138], [77.65091880014286, 13.06507899248878], [77.65093711959358, 13.065096577496709], [77.65096450631418, 13.065114074087855], [77.65100098162455, 13.065133699904914], [77.65099032708105, 13.065409344809268], [77.650853482035, 13.065405959431608], [77.65093033392516, 13.066492627604424], [77.65093892369246, 13.066734140997065], [77.65085396020318, 13.067317032391086], [77.65086059041867, 13.067928650938306], [77.65096461468778, 13.068330520029289], [77.65099789729051, 13.068392206937654], [77.65101390431525, 13.068842218199675], [77.65096222918352, 13.068908778040198], [77.65092700014206, 13.069383179781942], [77.65093244852778, 13.069939911841445], [77.65066340568873, 13.070562699420945], [77.65046287143409, 13.07056971369968], [77.6504625685228, 13.07104919882579], [77.65046256851008, 13.07104941853098], [77.65046256927566, 13.071049490216351], [77.65046207647356, 13.071131907798415], [77.65044943792833, 13.071434238354474], [77.65041868040701, 13.071950074614824], [77.65039212340892, 13.072010342864605], [77.65023868546075, 13.072095553641693], [77.65019889943052, 13.072336830447574], [77.65021302785023, 13.073659670765748], [77.65042677259288, 13.074413622771367], [77.6506994108757, 13.075046157357368], [77.65082290614558, 13.075360424977223], [77.65091980631851, 13.075519416797812], [77.65091249793387, 13.075683925949813], [77.6508464494436, 13.075866813567432], [77.65078763713882, 13.075992142816078], [77.65072213023115, 13.076398383857411], [77.6506482108165, 13.076520285884452], [77.65021114601274, 13.076643187469104], [77.64993125705242, 13.077008934974366], [77.6493124396318, 13.078532827400789], [77.64902318256632, 13.081181768168243], [77.6489009966474, 13.082211154723742], [77.64886650872525, 13.082501706906276], [77.64881687407977, 13.082919859771163], [77.65013763905527, 13.083262467171858], [77.65251638650369, 13.083400609700401], [77.65345613305885, 13.083390946923222], [77.65361964846336, 13.083172484090044], [77.65361790859713, 13.083009920732954], [77.65361210912208, 13.082468034380705], [77.65407656443547, 13.079374172702158], [77.65476734133395, 13.076765734780231], [77.6552538180022, 13.07573103533518], [77.65568625382002, 13.075406094277316], [77.65567581184415, 13.075122855010973], [77.65566283790011, 13.074771006195716], [77.65553711061952, 13.07414972249977], [77.65525554447035, 13.073802416746716], [77.65533117322772, 13.073451439645961], [77.65564035132137, 13.072670037476405]]]]}}, {"type": "Feature", "properties": {"Ward_No": 192, "Ward_Name": "Begur", "Zone": "Bommanahalli", "Risk_Score": 0.2746, "Alert_Level": "GREEN", "Severity_Band": "low", "Priority_Rank": 46, "Pop_Density_per_km2": 1025.9, "Green_Cover_Pct": 62.4, "Water_Stress_Index": 19.5, "Heat_Intensity_Index": 49.3}, "geometry": {"type": "MultiPolygon", "coordinates": [[[[77.63315225595613, 12.889308889834968], [77.63281964549547, 12.889270630986443], [77.63237445929795, 12.889282044197344], [77.63172283631468, 12.889277965699685], [77.63160380399611, 12.889262060291117], [77.63151863044098, 12.889228244367583], [77.63144009135314, 12.889152757762432], [77.63200640949371, 12.887205443054667], [77.6321035443029, 12.887031109836915], [77.63244064671267, 12.886147057071224], [77.63425115313481, 12.88624672064679], [77.63474792839055, 12.886292440040688], [77.63475363681628, 12.886651081150974], [77.63516057728188, 12.886695231785183], [77.63504438181845, 12.887293265985704], [77.63498964467362, 12.887491477541191], [77.63498623672112, 12.88755554690971], [77.63497883227491, 12.8876276609052], [77.634983498725, 12.887683646893755], [77.63502899527715, 12.887743222738072], [77.63507819755824, 12.887766738069159], [77.63514367189221, 12.8877860907928], [77.63520498460252, 12.887797481031122], [77.63527432979564, 12.887796782629323], [77.63533139473931, 12.887792204546898], [77.63544094421735, 12.887735070522279], [77.63553716640193, 12.887574011472921], [77.63563737697608, 12.887357968578785], [77.63565055590928, 12.887338022627855], [77.63640544705112, 12.886795748345884], [77.63632962612195, 12.886737412624512], [77.63653900786703, 12.886587477729972], [77.63716983380897, 12.886173656855753], [77.63786021185746, 12.885897124256184], [77.63843247718367, 12.88569246262892], [77.63835334668074, 12.885535793490304], [77.63811043808435, 12.885054837450388], [77.63732946985631, 12.882456961566131], [77.63732519514456, 12.882378963762594], [77.63728257254436, 12.881941678331948], [77.63729808853434, 12.881771864508565], [77.63730746775302, 12.881676762923803], [77.63731388862452, 12.881629192376682], [77.63731695585655, 12.881591838582397], [77.63734458462022, 12.881553619834746], [77.63736466031276, 12.881523495429104], [77.63734530892202, 12.881326888341455], [77.63726547824234, 12.880638884207997], [77.63720147946496, 12.880107583951736], [77.6371799153429, 12.879906729774115], [77.63719140838852, 12.879855474831658], [77.63721893665871, 12.879804060677632], [77.63726634717476, 12.879736708090462], [77.63756180644903, 12.879234144279662], [77.63775124184016, 12.878945070705994], [77.63780650616202, 12.878861905427128], [77.63786623269684, 12.87882196641953], [77.63794980721352, 12.87876211733758], [77.63807575695446, 12.878657695843668], [77.63812224400048, 12.878591791002112], [77.63814147086862, 12.878564376415788], [77.63870571663693, 12.877814333316394], [77.63903795308414, 12.877378270732361], [77.6393851984765, 12.876843714714175], [77.63971361717314, 12.876322660338566], [77.63978328208779, 12.876186698081076], [77.63981093308142, 12.87614708212451], [77.63984602837057, 12.876052318086101], [77.63996635570133, 12.875673466397188], [77.64019490159578, 12.8749080125636], [77.64030135191017, 12.87456932024994], [77.64035408290745, 12.874410755238005], [77.64036984044903, 12.87436273676245], [77.64094662608612, 12.874251296807985], [77.64139950949851, 12.871630854339822], [77.64141381599059, 12.871465491113733], [77.64139212174416, 12.871308361096265], [77.64124388902742, 12.870854868009012], [77.64085870543559, 12.869997513986153], [77.64085854695298, 12.869997011408703], [77.64080147090179, 12.869815748390646], [77.64214559866657, 12.869586243541479], [77.64281534260283, 12.869827898516498], [77.64381595930972, 12.870052012693185], [77.64410362419196, 12.870136428828884], [77.64417204378464, 12.870515135957007], [77.64484293726122, 12.870422381414745], [77.64658044064728, 12.870236235227903], [77.64689419004354, 12.870991375988652], [77.64703801269769, 12.871300257250393], [77.64705778821504, 12.87184486450014], [77.64780314819308, 12.87187181191185], [77.64831454479688, 12.872376968574175], [77.6494951013589, 12.872312182483885], [77.65170054241605, 12.872256986217842], [77.65295954646201, 12.870747372465138], [77.65383483465735, 12.86960680711794], [77.65401654943756, 12.869708092337687], [77.65494062968972, 12.869735897271708], [77.65533120713563, 12.869743377684543], [77.65596639595458, 12.869734078435783], [77.65590412543901, 12.869049767801645], [77.6559003206729, 12.868994229785438], [77.65596145138815, 12.868987893113152], [77.65613592090408, 12.868951813208579], [77.65626689168242, 12.868936190636651], [77.65652057772743, 12.868950771954307], [77.65681520591819, 12.868979237301838], [77.65682954516085, 12.869550546723824], [77.65733892057357, 12.86955071855729], [77.65733754090101, 12.86907077302896], [77.65789678780612, 12.869086751929869], [77.6579324676662, 12.870378310569071], [77.6578148944912, 12.870390329125716], [77.65782653583845, 12.870447949899441], [77.658024180891, 12.871402255351846], [77.65871866704796, 12.871871274487864], [77.65904994812476, 12.871701656688195], [77.66180327710127, 12.870162210085013], [77.6624720090056, 12.869561011262611], [77.66383287013004, 12.868935793278634], [77.66460723564273, 12.86850334650717], [77.66527703240394, 12.868004028701877], [77.66575500907109, 12.867370800035118], [77.66594126280886, 12.866978296985723], [77.66633999751511, 12.866118645629067], [77.66617191894667, 12.865739511685398], [77.66549804113016, 12.864716309196032], [77.66448809063353, 12.863262807866333], [77.66394051456103, 12.86247314321353], [77.66300538803866, 12.86151593008611], [77.66172036864782, 12.860173637244026], [77.66111740946276, 12.859894986525514], [77.66002470876963, 12.859187889819689], [77.6587109478577, 12.858176290866476], [77.65839746144005, 12.857897992734115], [77.65793124094945, 12.857607333673121], [77.65770970662975, 12.857461885274686], [77.65696548781034, 12.85726720416549], [77.65530318784008, 12.856823223224847], [77.6541401227301, 12.856563926970502], [77.65271924509439, 12.856294406754389], [77.65198197048966, 12.856065187375043], [77.65165662075874, 12.855929429952432], [77.65150614338589, 12.855668930231188], [77.65117294584154, 12.85550965478555], [77.65105960496807, 12.855239729614444], [77.65111058249997, 12.854832609169728], [77.65119309799995, 12.854449779538585], [77.65132360800696, 12.854071455619149], [77.65128972319444, 12.853475441781804], [77.65098273038532, 12.853180366336852], [77.65065124359558, 12.853183716229873], [77.6503758583216, 12.853267820870078], [77.65018765846304, 12.853675839865419], [77.64972312265257, 12.854250270611505], [77.64944773577888, 12.854334374557151], [77.64900319097133, 12.854094900707029], [77.64869506220602, 12.853691404228949], [77.6484139901579, 12.853233421579999], [77.64805030386026, 12.852810671802262], [77.64796250556378, 12.853141985572424], [77.64772339079067, 12.853240393324485], [77.6476422232956, 12.853403854636817], [77.64742236871906, 12.853514503269], [77.64717318492085, 12.853462803350157], [77.64697669033912, 12.853166607165372], [77.6468659118832, 12.8531406176001], [77.646813504342, 12.853412218170712], [77.64656886567116, 12.85379418803685], [77.64634957823527, 12.85395904502135], [77.6459628405982, 12.853962946599289], [77.64516450380019, 12.853817179490488], [77.64457481171665, 12.852888252731818], [77.64439886181984, 12.852352283159535], [77.64414684154809, 12.852029536317612], [77.64375953871672, 12.85197922485525], [77.6434784770731, 12.85152123243001], [77.64328369256584, 12.851387660004553], [77.64314869235939, 12.85168720016855], [77.64293564372696, 12.852448349268364], [77.6427541872843, 12.853588684929331], [77.64232882854193, 12.857821706479513], [77.64197868175222, 12.861322075627168], [77.64197334317525, 12.86407848054538], [77.64180826955064, 12.86531339054392], [77.64164607441079, 12.865660773707846], [77.64135258237977, 12.865736092530954], [77.64037210594469, 12.86604517286671], [77.64009512821181, 12.866139045598498], [77.63953978181327, 12.86587356667796], [77.63942474169546, 12.865441007104632], [77.63897167847135, 12.864388382313406], [77.63838559143467, 12.863825028685199], [77.63755484878885, 12.86364363888929], [77.63595229755515, 12.863632652300069], [77.63550802586914, 12.863420261152042], [77.63503414795612, 12.863018413364998], [77.63486415189946, 12.86261351241506], [77.6344452444938, 12.862184002903888], [77.63361269735098, 12.862117097923845], [77.63270344038408, 12.862065965696754], [77.63167847794963, 12.861805180437853], [77.63070368217271, 12.861055955466602], [77.62952789255269, 12.859576837427326], [77.62871490871561, 12.858446473137398], [77.62835437512096, 12.858314548459239], [77.62805049833236, 12.858317594231773], [77.62758172151571, 12.85840361313841], [77.62515466783422, 12.85880743004534], [77.62269744197248, 12.858967559080153], [77.61902413587644, 12.859085599439124], [77.61802878291901, 12.859014215792826], [77.61769615528868, 12.858909104882041], [77.61761103030818, 12.858693093223252], [77.61735790704604, 12.858261896955117], [77.61732353704322, 12.857611653104646], [77.61712594720778, 12.857207007701774], [77.6166463606956, 12.856553074530966], [77.61595361513757, 12.856053069721652], [77.61487146961746, 12.855603027260779], [77.61409376023958, 12.855204163911207], [77.61381526651628, 12.854990075054442], [77.61365586650885, 12.85439742095513], [77.61364480517007, 12.85332869745999], [77.61366785591613, 12.852590819085336], [77.61330021529295, 12.851164350134653], [77.6128701276761, 12.849633122202212], [77.61181440244502, 12.84725440804101], [77.61173788697279, 12.846964774433502], [77.61146159926325, 12.846952470002902], [77.61126386276118, 12.84729980300427], [77.61083546402644, 12.848081303741798], [77.60926455034956, 12.848774361862676], [77.60719453397927, 12.848891713954016], [77.6051559122501, 12.84868228542714], [77.60503861015356, 12.848699738983079], [77.60491629744644, 12.848737594803145], [77.60432504343036, 12.84880880931256], [77.60215405328262, 12.84915545963264], [77.60090761071068, 12.848982523116007], [77.59595678590378, 12.84948701758016], [77.595215139923, 12.849300799756563], [77.59471805926984, 12.848918606961789], [77.5941228560928, 12.848585771604734], [77.59357597126838, 12.848155679774095], [77.59341910060066, 12.847286234580707], [77.59320448043889, 12.845594752522286], [77.59288479336719, 12.843275254687255], [77.59267713324809, 12.842261143389244], [77.59236837659422, 12.841006086310726], [77.5921532809164, 12.839266216490769], [77.59173649403758, 12.837092837732833], [77.59182192901758, 12.834941219254992], [77.59153618911326, 12.835169133464367], [77.59092107341478, 12.83553116285862], [77.59076158608809, 12.835585082053722], [77.59069229458377, 12.835590999428476], [77.5905108793468, 12.835587554854264], [77.59039347353277, 12.835583478875263], [77.58991227225317, 12.83547829362647], [77.5892278915974, 12.835328000564562], [77.58902398276008, 12.835207740997756], [77.58871355727338, 12.834945429864677], [77.5882336063858, 12.834520076474986], [77.5874272036887, 12.834088783507001], [77.58681094198012, 12.834012497918808], [77.58604764284883, 12.834148123209355], [77.58566414562794, 12.834296237244946], [77.5850526032652, 12.834861414582159], [77.58493811312235, 12.834964583258126], [77.58382119507824, 12.8359710397557], [77.58351303108911, 12.83621796367777], [77.58334054991357, 12.836350874027092], [77.58311229286282, 12.836526768679736], [77.58294392269015, 12.836647297144697], [77.58301237929463, 12.838067693851151], [77.58350733390137, 12.840293391455402], [77.58498086836343, 12.844783115307552], [77.58510319995689, 12.844932769201662], [77.58592985742558, 12.845227691796593], [77.58624554122977, 12.845491280054402], [77.58807073698608, 12.847582620554414], [77.58898858315251, 12.84873733354319], [77.59019965959055, 12.850374052260273], [77.59084227862908, 12.851378689876617], [77.59113219239016, 12.852048203591403], [77.5915152734855, 12.851973802468647], [77.59230469850742, 12.851754151680357], [77.59306656336136, 12.851682941436318], [77.59339211307223, 12.859057489629972], [77.5936114058433, 12.85919325193404], [77.59388862741943, 12.8594939594422], [77.59412530641504, 12.859953687020086], [77.59481108035324, 12.861022763546591], [77.59326122635402, 12.861369135711989], [77.59163028823043, 12.8620335402889], [77.59057381587589, 12.863361849454854], [77.59047134931906, 12.863486382578246], [77.58973695231398, 12.863453148882254], [77.5892545890664, 12.863415645073587], [77.58907461145667, 12.86368638951029], [77.58772906544654, 12.865451412407229], [77.58618009935358, 12.867259817876647], [77.58635675949633, 12.86756810101563], [77.58659580558191, 12.867974264215038], [77.58739632470468, 12.868986394990221], [77.58762795649048, 12.869269717476056], [77.5878377677501, 12.869377342259229], [77.5879070935752, 12.869358925159409], [77.58794350564969, 12.869358565512773], [77.58799218121668, 12.869369995740426], [77.5880653335849, 12.869401032784326], [77.58819958561887, 12.869471165761945], [77.58868787809331, 12.869736305317122], [77.58895667789191, 12.869853184929243], [77.59326704378029, 12.873688068210933], [77.59355459545313, 12.873321451142775], [77.59437446006393, 12.873066997289701], [77.5944437534042, 12.873091684767573], [77.5957418121717, 12.872949166538131], [77.59585586302201, 12.872937330348334], [77.59598111046355, 12.872912144658493], [77.5960331184899, 12.872884266449113], [77.5961232580301, 12.872835488808054], [77.59616473715354, 12.872800871343477], [77.59622005284847, 12.87275585945351], [77.5962440660741, 12.87271799676563], [77.59629889104149, 12.872625100823186], [77.59646762164327, 12.872083004960086], [77.59684779222484, 12.870745279090293], [77.59692764813953, 12.870375084392636], [77.59693338771343, 12.870255312213576], [77.59694690951935, 12.87021413518814], [77.59698127506596, 12.87016590565824], [77.59701218977118, 12.870121135592658], [77.59705669666722, 12.870042026757725], [77.59718179626633, 12.869664542322784], [77.59725299426212, 12.869468871951627], [77.59727697187603, 12.86942758896462], [77.59730792165576, 12.869386236861704], [77.59733204014513, 12.869358635012897], [77.59738718118903, 12.869296521601504], [77.59742165224411, 12.869258555217813], [77.5974527781011, 12.869234304529634], [77.59750492610239, 12.869220105022531], [77.59759506172921, 12.869171327189976], [77.59768161024522, 12.86911232068294], [77.59772312384473, 12.86908112571691], [77.59774710134874, 12.869039842707467], [77.59775713688384, 12.868998697924386], [77.59777354575627, 12.868899343813856], [77.59784255686928, 12.868491632012125], [77.59790706151267, 12.8683233953382], [77.59794438436353, 12.86822383156707], [77.59797853817642, 12.86815508491132], [77.59800240991501, 12.868103543362556], [77.59802952111265, 12.868028025265133], [77.5980424437989, 12.867928703414476], [77.5980481126043, 12.867802095360819], [77.59804977106026, 12.867585251503025], [77.59995249940685, 12.867475260292263], [77.59994573438676, 12.86729553049798], [77.59989753381035, 12.866816914904813], [77.60189922177565, 12.86675938916319], [77.60267206176111, 12.866724127752963], [77.60289768511619, 12.866438123322332], [77.60316194089302, 12.866080598168425], [77.60391568405008, 12.864812462931585], [77.60398599033053, 12.864820374954492], [77.60418887548238, 12.864917399822941], [77.60436678695724, 12.865039431092715], [77.60449678618625, 12.865409536460222], [77.60461280089507, 12.866869218257126], [77.60481671291386, 12.867065270367043], [77.60491892351625, 12.867188053379591], [77.6049734827071, 12.867583668760881], [77.60515522965824, 12.86807706019528], [77.60569383031743, 12.868913538956399], [77.6057730052475, 12.869116478133828], [77.60591197348465, 12.869311955906763], [77.60598650979249, 12.869436202240491], [77.60606104384867, 12.869560450873854], [77.60614487516288, 12.869659610386426], [77.60620930973937, 12.869730836999818], [77.60628969613438, 12.869805031796183], [77.606370181796, 12.869888599296855], [77.60639922854982, 12.869925805239104], [77.60647337784135, 12.870012560304062], [77.60657007611532, 12.87012408991133], [77.60666417139105, 12.870291890017144], [77.60669350887514, 12.870357214185923], [77.60668791756487, 12.870432264226901], [77.60669785824746, 12.87046966483814], [77.60672690512655, 12.870506870720453], [77.60674324919445, 12.870547329876889], [77.60671204899478, 12.870610134111914], [77.6066998605112, 12.870663375460389], [77.6067161699392, 12.870700710387522], [77.60673891271419, 12.87074423044913], [77.60676767134207, 12.870753318020695], [77.60681852683379, 12.870743438274312], [77.60684747926122, 12.870771273664502], [77.60686382101554, 12.870811732829141], [77.60687064194045, 12.87085541130378], [77.60689039651798, 12.870917708521638], [77.60693591683976, 12.871007872819469], [77.60735474250457, 12.870902564355367], [77.60748730077225, 12.87088301103975], [77.60761247782801, 12.870832405672221], [77.60826668465775, 12.870650908041611], [77.608622381117, 12.870553624833116], [77.60904365510252, 12.87043315007077], [77.60898100745852, 12.869813090179683], [77.6089631693991, 12.869447755638493], [77.60891047579076, 12.869110350390123], [77.60880922373497, 12.868835499047215], [77.60875831371074, 12.86867049160746], [77.6087571012364, 12.868553264076226], [77.60875596007394, 12.868442930240588], [77.6087982980711, 12.868350994202137], [77.60894332037772, 12.868336490009593], [77.60932182312467, 12.86833272109063], [77.60966684468707, 12.868304494375828], [77.61140487737896, 12.868233270184016], [77.61335997430102, 12.86793399952582], [77.61347661738571, 12.868161410082164], [77.6139932381278, 12.869176932747413], [77.61410762379266, 12.869361995296394], [77.61430670615407, 12.86958069612151], [77.61442776115649, 12.869731210761755], [77.61454271933597, 12.86997143850402], [77.61458624727639, 12.87010203891381], [77.61465810438541, 12.8702530420278], [77.61477970905364, 12.870619297928648], [77.61450091333694, 12.87098851845517], [77.6145587303959, 12.871436186933174], [77.61519752880616, 12.87260283702952], [77.61540052936299, 12.874939292661546], [77.61539400896051, 12.87622552446856], [77.61573065509307, 12.87624397619444], [77.6157623192454, 12.876261970122314], [77.61578568128013, 12.876262964850524], [77.61600767121486, 12.876251170208482], [77.61664388395657, 12.876170578773449], [77.61744328821646, 12.876057224992655], [77.61777231334202, 12.876010833211199], [77.61785307117775, 12.876266252761685], [77.61791062019661, 12.876402174648652], [77.61781025045973, 12.876765174596816], [77.61777231226696, 12.87697202149302], [77.61780421238032, 12.877148673201729], [77.61794725151664, 12.877412700242385], [77.6182420232312, 12.877812856596943], [77.61831021391555, 12.878588882459674], [77.61848351908691, 12.878872269404035], [77.61807115448853, 12.878963228172246], [77.61810208764852, 12.879175845982122], [77.6181145614883, 12.879293489607877], [77.61811940153919, 12.879353432046303], [77.61834824077555, 12.879355378284291], [77.61863033983403, 12.8795000350587], [77.61879618011571, 12.880029287655102], [77.6189303285911, 12.880401554363495], [77.6190242925025, 12.880764389067703], [77.61897786794745, 12.8811187966485], [77.6188284830491, 12.881208775158726], [77.61865900388122, 12.881323032805268], [77.618550983919, 12.881371080964435], [77.61841113446721, 12.881427278481347], [77.61840622279665, 12.881402204040873], [77.61839120663187, 12.881352326811601], [77.61824515295898, 12.881425807152452], [77.61773823120114, 12.881632843703656], [77.61765250535794, 12.881675973688596], [77.61763516323352, 12.881696501760999], [77.61763373007985, 12.881712171208314], [77.61765007820965, 12.881749583249684], [77.61766785711514, 12.881771323552938], [77.61768900888386, 12.881810255610244], [77.61771337005557, 12.881858587031642], [77.61773155162027, 12.88191159421454], [77.61774360039587, 12.88199601920886], [77.61775273412361, 12.882107088665997], [77.6177530756905, 12.882139963534948], [77.61775340099202, 12.882171272823747], [77.61775071365977, 12.8822198354101], [77.6177277853619, 12.882317133813997], [77.61772588112638, 12.882440839595665], [77.61772662933868, 12.882512851653459], [77.61774394037592, 12.882753874604914], [77.61775971376444, 12.882906801160674], [77.61777166833295, 12.882965132140718], [77.61777215993767, 12.883012444105365], [77.61778124760859, 12.883068021497747], [77.61778199947875, 12.883140380427761], [77.61777253188775, 12.883321393551432], [77.61774787677699, 12.883713050346062], [77.61776387255188, 12.884023929633846], [77.61776871522758, 12.884080245617108], [77.61778859988885, 12.884151023205906], [77.6178132404609, 12.884269763927755], [77.61784992889633, 12.88452407410158], [77.6178772597564, 12.884697066190526], [77.61789454114138, 12.884721945206978], [77.61792100012212, 12.88473686384853], [77.61812868499833, 12.884730038211087], [77.61821168110728, 12.884731296358694], [77.61823734404936, 12.88474356556107], [77.6182612232345, 12.884789251245063], [77.61827883243029, 12.884845437160578], [77.6183254193717, 12.885028673999678], [77.61838961567341, 12.885268096711156], [77.61844254262294, 12.885447093209756], [77.61847421796034, 12.885628393058072], [77.61861869767253, 12.886221887507224], [77.61862415240157, 12.8862467969005], [77.6186788487335, 12.886496613217817], [77.61871717417478, 12.886688508263148], [77.61880790324535, 12.886989940964964], [77.61893035207424, 12.88731520368601], [77.61897654644744, 12.887383492859627], [77.61901695723506, 12.887449887936148], [77.61907213009844, 12.887571803456504], [77.6191659178644, 12.887860332426886], [77.61925099621244, 12.88812946810283], [77.61928277726068, 12.88818481584758], [77.61930865772185, 12.888217957687717], [77.61939486176979, 12.888322861970057], [77.61949828984434, 12.888447078794302], [77.61981951918766, 12.888780646959573], [77.61990215972912, 12.888838924398694], [77.62009234528276, 12.888825234087292], [77.62052021411016, 12.888773629911205], [77.62097899984622, 12.888693883604718], [77.62114892065735, 12.888664349626954], [77.62131334144965, 12.888651568771307], [77.62136165412484, 12.88865943379771], [77.62142160404088, 12.888695016276586], [77.621470554126, 12.888764109816696], [77.62148434490015, 12.888811415580584], [77.62152969476902, 12.88883064739945], [77.62159036716297, 12.888826928815188], [77.6219246773085, 12.888781826626266], [77.6223695374105, 12.888727269291369], [77.62274657536202, 12.888698440574757], [77.62309776115077, 12.888639251930325], [77.62338387372192, 12.888597415722645], [77.62360760629201, 12.888558989293294], [77.62376915954543, 12.888543453433856], [77.62393659182172, 12.888547338854572], [77.6240586317948, 12.88855168172902], [77.62428583787596, 12.888574454705775], [77.62476830200475, 12.888589100085197], [77.62519324432803, 12.888582450010087], [77.62560781619315, 12.88855047923055], [77.6256030411022, 12.88840112798255], [77.62612286405938, 12.888399632293236], [77.62647203164573, 12.888407295765042], [77.62667296021479, 12.88839038922628], [77.62675642790424, 12.888389551278904], [77.62697559489888, 12.888319226533422], [77.62708310301268, 12.888290315485614], [77.62740284947643, 12.8882091698467], [77.62786706866869, 12.888107092615023], [77.62808784750852, 12.88805755864142], [77.62825524758173, 12.888058659424177], [77.62866403835932, 12.88808238677913], [77.62867724820951, 12.888140997843044], [77.62869858883927, 12.888538365470243], [77.62869859454335, 12.888538460235562], [77.6287115982716, 12.888833410658547], [77.62868285325177, 12.888994111591833], [77.62864930938869, 12.889158963554962], [77.6286428775431, 12.889224152819128], [77.62866140974764, 12.889726871127687], [77.62869426393274, 12.890096615199935], [77.6286999288014, 12.890146964595075], [77.62875036588562, 12.890209255806027], [77.62888506315258, 12.890393976620471], [77.62895485484762, 12.890493287679083], [77.6291179990467, 12.890677720125456], [77.62920401894259, 12.890741980217864], [77.62929153271722, 12.890797587153834], [77.62933621418783, 12.890864260881354], [77.6293785411165, 12.891026243377587], [77.6293850234249, 12.891094124371557], [77.62944270073908, 12.891348968853166], [77.6294869507038, 12.891692568042334], [77.6295217782103, 12.891754495549051], [77.62963534879565, 12.891861056091098], [77.62973583792758, 12.891948429720992], [77.62976694755557, 12.891976027167079], [77.62980978776434, 12.891991878193185], [77.62985018610316, 12.892000776210983], [77.62992624006256, 12.892018617597317], [77.62994776948761, 12.892037007165989], [77.62998146917825, 12.892085513500781], [77.63000837068321, 12.892164325], [77.6301091675047, 12.892342276280184], [77.63017713133569, 12.892464866771004], [77.63021592332305, 12.892549481601044], [77.63023426282571, 12.892642972562335], [77.63024534598895, 12.892767816348053], [77.63101527187968, 12.892736085171869], [77.63181132970156, 12.892664004393497], [77.632978222307, 12.892453631148515], [77.63435768840935, 12.892136301316734], [77.6343504352305, 12.892106854589644], [77.63432345525224, 12.891981239403824], [77.6342133257331, 12.891242325746148], [77.63418834278343, 12.8904858126295], [77.63420809941557, 12.890090489432431], [77.63421056682505, 12.890000052740273], [77.63428586815766, 12.889849119226591], [77.63431088651892, 12.889801479321179], [77.63415998463559, 12.889732682276385], [77.63331531664441, 12.889355788430127], [77.63315225595613, 12.889308889834968]]]]}}, {"type": "Feature", "properties": {"Ward_No": 149, "Ward_Name": "Varthur", "Zone": "Mahadevapura", "Risk_Score": 0.273, "Alert_Level": "GREEN", "Severity_Band": "low", "Priority_Rank": 47, "Pop_Density_per_km2": 929.1, "Green_Cover_Pct": 62.6, "Water_Stress_Index": 19.3, "Heat_Intensity_Index": 49.1}, "geometry": {"type": "MultiPolygon", "coordinates": [[[[77.77027495401941, 12.961053867928971], [77.76905350521064, 12.960323103277092], [77.76730895337083, 12.960292073124005], [77.76556280891465, 12.960766771310277], [77.76537042274462, 12.96065632387145], [77.7653542869522, 12.960647060307977], [77.76539168157358, 12.960280878409737], [77.76550745868012, 12.95950743462514], [77.76546018922663, 12.958979581078006], [77.7651670028609, 12.958698195547461], [77.76453919793695, 12.958135865424245], [77.76429659138402, 12.957945449453733], [77.7644631113054, 12.955389152978448], [77.76541060445625, 12.948563345319778], [77.76556926569133, 12.946584799137865], [77.76547686098526, 12.94525602805837], [77.76542844445666, 12.944727454960551], [77.76530924374056, 12.942102737459003], [77.76549391209583, 12.937025848431071], [77.76581598479588, 12.936225785716326], [77.7663178696204, 12.935364807158434], [77.76634339236651, 12.934951458513225], [77.76606781467676, 12.934511801143666], [77.76594100036861, 12.933923039184467], [77.76560234368544, 12.93321850041368], [77.76567924485943, 12.932007962650243], [77.76468134703971, 12.928802449180553], [77.76362671036993, 12.928636592409529], [77.76211897164406, 12.928298494608704], [77.76018691803057, 12.927669823150545], [77.75707604179323, 12.926522490335456], [77.75469253342696, 12.925869037449536], [77.75255126269334, 12.925360530582683], [77.75248958764024, 12.92501740753055], [77.75235861539967, 12.92440913921641], [77.7517973172682, 12.922342249797243], [77.75154473509605, 12.921979125896602], [77.75116742023967, 12.921576669039895], [77.75066893428016, 12.92145999469032], [77.74967463515561, 12.92147047147946], [77.74917748172925, 12.92147570849505], [77.74855515481293, 12.921400974780246], [77.74788828439961, 12.921042206185351], [77.74730338614755, 12.920601284689054], [77.74671848750802, 12.9201603637912], [77.74621733876549, 12.919799843611136], [77.7452489282454, 12.91838750855701], [77.74499014025186, 12.917455430354206], [77.74485342129121, 12.91631884881953], [77.73461522025264, 12.915938551611918], [77.72827173588676, 12.915557827091735], [77.72703147197619, 12.908173561359394], [77.7194791718673, 12.910934808228133], [77.7165197354299, 12.909299182109034], [77.71536808289903, 12.910083400376232], [77.70923019202688, 12.908733766815587], [77.70941758867593, 12.914392893675391], [77.70915768223759, 12.914482023782153], [77.70907119077933, 12.914590408683745], [77.7088310740033, 12.914714616665838], [77.70750205127828, 12.915402090231648], [77.70656582550649, 12.91597073074212], [77.7053253633025, 12.916778992632572], [77.70412779159344, 12.9175008182105], [77.70367085886674, 12.917806514115236], [77.7053742374052, 12.919897806990635], [77.70558083942433, 12.920151454452501], [77.7077916157422, 12.921934314424107], [77.71030005962373, 12.924896420421824], [77.71083341071733, 12.925578798372968], [77.71033728653096, 12.926314864058503], [77.70810638906292, 12.92876723843478], [77.70780562632862, 12.929329294329744], [77.7077198261031, 12.92950216655577], [77.70752538326265, 12.929762153787943], [77.7071989916076, 12.929980516705607], [77.70656951424174, 12.930545980909734], [77.70578871981056, 12.93130649374201], [77.70461300381214, 12.932028106935586], [77.70313024831788, 12.93273139824716], [77.70129476879879, 12.933244858279945], [77.69914970646202, 12.933503542943898], [77.69746391305564, 12.93367147027319], [77.69836433971089, 12.938182042693477], [77.69936910987695, 12.943120704491308], [77.6994127667387, 12.943690669033899], [77.69943838588472, 12.944034366410571], [77.6993964057716, 12.944206781503972], [77.7026260264781, 12.94310040826981], [77.70654380589762, 12.941455554020523], [77.70665081440256, 12.941378048127051], [77.70447900858044, 12.956815331000719], [77.70661480791843, 12.956583417211526], [77.70997169137617, 12.956278857821054], [77.71451975513389, 12.955961842448284], [77.71462644902658, 12.95455392303056], [77.71487947309976, 12.954412580498229], [77.71501726876933, 12.95407825793218], [77.71535124689929, 12.950967833617451], [77.71579443776395, 12.947495643742483], [77.71719770705826, 12.943575515294558], [77.71843563537793, 12.944615349286286], [77.71946371360421, 12.9451560599083], [77.72125510390562, 12.945388008783787], [77.72300328674193, 12.946347288022137], [77.72499719847248, 12.946401637101191], [77.72511325834574, 12.946537778547023], [77.72546313919288, 12.946948196566044], [77.72547293455476, 12.947123481978027], [77.72633856740093, 12.947240950267277], [77.7276529338867, 12.947227192384279], [77.72859037576988, 12.947808301705754], [77.7303172352238, 12.947951371726035], [77.7313851562517, 12.947940177063598], [77.73201905466843, 12.947786249914692], [77.73237762041782, 12.947751727684466], [77.73264970875286, 12.947776217493152], [77.73263587961702, 12.947921901258445], [77.73260152198709, 12.947921059119277], [77.7325372156443, 12.948574555735318], [77.7327498085028, 12.94857574359385], [77.7327453715919, 12.948808216350617], [77.7330175728722, 12.948842958255012], [77.73302931522944, 12.949280341349168], [77.73312822176361, 12.949402352592816], [77.73352483073519, 12.949519167767082], [77.7335249794592, 12.949532801054723], [77.73352522940976, 12.94955571357966], [77.73360260301737, 12.949573827579334], [77.73362940594741, 12.9495735462953], [77.73391128107166, 12.949570587982679], [77.73398576119473, 12.949581961060389], [77.73418554786291, 12.949242239821922], [77.73418560379801, 12.949247366175822], [77.73418593943434, 12.94927812661148], [77.73418627504633, 12.949308884734766], [77.73417862962427, 12.949326908122284], [77.73417368265605, 12.949352597065865], [77.73418953044897, 12.949367809229333], [77.73421600180268, 12.949398295327166], [77.73418258661923, 12.949449915483992], [77.73418545050153, 12.949472957813505], [77.73420933528367, 12.949506031061766], [77.73424606185355, 12.949518464057387], [77.73428790319765, 12.949520587163347], [77.73432974692383, 12.949522712549975], [77.73435329608928, 12.949525027661737], [77.73435444045653, 12.949525103526133], [77.73442129880524, 12.949529443058923], [77.73448387901072, 12.949515967604425], [77.73456256119772, 12.949540778611135], [77.73471758841987, 12.949616055150463], [77.73480438920326, 12.949666413217622], [77.73488073669323, 12.949716883316094], [77.73490984825945, 12.949749901598874], [77.73502584468132, 12.949840970842606], [77.73507589098122, 12.949876333905987], [77.73513352433662, 12.949888547227404], [77.73520422556717, 12.949900623311107], [77.73525429986628, 12.94993854835099], [77.73526541323521, 12.949976221125574], [77.73528673476224, 12.949982250374983], [77.73530523976731, 12.950019047692896], [77.73539882991012, 12.950152646346401], [77.73541269774925, 12.95016595978272], [77.73544013959713, 12.950165671590263], [77.73546951723077, 12.950163441331403], [77.7355224604217, 12.950164807045116], [77.73556393565812, 12.950193211335229], [77.7356034727602, 12.950223557705959], [77.73577548679451, 12.950358258856904], [77.73582084067907, 12.950382774263511], [77.73587411744538, 12.950414902622532], [77.73591137826266, 12.95041643297114], [77.73594657499778, 12.95040837170565], [77.7359662176432, 12.950412011154748], [77.73599605945317, 12.950452072580468], [77.73604543896225, 12.9504861612556], [77.73608293072368, 12.95050883977475], [77.7360988207129, 12.950527899432194], [77.73612052978997, 12.950541128136102], [77.7361461571413, 12.950554317988887], [77.73617751726164, 12.950553988549125], [77.73622061820984, 12.950551614032596], [77.7362639687112, 12.95057230692773], [77.73629553877777, 12.950591201842558], [77.7363330539146, 12.950615801805005], [77.73636839526581, 12.950621198024496], [77.73640029790037, 12.950615490793938], [77.73651120962519, 12.950681539903675], [77.73661754578949, 12.95074486659081], [77.7366354233942, 12.950745354016707], [77.73665316757278, 12.950754780862395], [77.73666117676213, 12.9507700775019], [77.73666205151237, 12.950771372590918], [77.73666269941712, 12.950771758917377], [77.73668236451653, 12.950803139459506], [77.73671941558705, 12.950830146971576], [77.73675924905332, 12.950842706471006], [77.73678003284931, 12.950861233639419], [77.73680832499879, 12.95089410299106], [77.73681727294064, 12.950905543982866], [77.73683551060036, 12.950960145977302], [77.73688130258078, 12.950979853381334], [77.7369062768939, 12.950978150225998], [77.73692839004586, 12.950983683049317], [77.73695080249385, 12.95101661416478], [77.73697462306386, 12.951043762972992], [77.73699822073932, 12.951050723221712], [77.73701881793268, 12.951051949805233], [77.73704681321011, 12.951057423115557], [77.73706019895869, 12.95107170352522], [77.73707496362931, 12.951077313558185], [77.7370999221842, 12.951074167515396], [77.73712074284025, 12.951060237584818], [77.73713029702647, 12.951066954583528], [77.7371895123927, 12.9510433061877], [77.73726007391679, 12.951042564620618], [77.73731904163351, 12.951057325669158], [77.73735845539689, 12.951076137990947], [77.73738610495592, 12.951095071637111], [77.73740376517854, 12.951096810067913], [77.73742703444312, 12.951073495481983], [77.73744265148581, 12.951067561524207], [77.73747405365037, 12.951071077247988], [77.73752560261816, 12.951124369333316], [77.73759338018424, 12.951227478944006], [77.7376071197518, 12.95125989525439], [77.73761362637428, 12.951261101078254], [77.73773861699709, 12.951453141992177], [77.73781555371271, 12.951557436382853], [77.73791940837162, 12.951733229347091], [77.73794128385478, 12.951750017439053], [77.73793064027518, 12.951893891383039], [77.73799516104354, 12.952077160316513], [77.7380463710772, 12.95208020869375], [77.73811336941576, 12.952112189893159], [77.73813307522674, 12.952121595983938], [77.7381683561131, 12.952121225044738], [77.73822346887461, 12.952141793860465], [77.7382451758527, 12.952155024672294], [77.73827881277141, 12.952183508506115], [77.73829099253719, 12.952221833530603], [77.73829677916092, 12.952243235467186], [77.73829710578218, 12.952242917526062], [77.73832285946504, 12.952267640780669], [77.73836621041967, 12.952288335541239], [77.73838214270204, 12.95231123801639], [77.73839588473814, 12.9523130175614], [77.73841529636849, 12.952295508635011], [77.73843082943036, 12.952281888574596], [77.73845241032967, 12.952283583377872], [77.73847401461592, 12.95228720197503], [77.73851542506993, 12.952309836529016], [77.738542867081, 12.952309547963015], [77.73855458458586, 12.952305581288941], [77.73857597872298, 12.952289975547057], [77.73859753861638, 12.95228974882991], [77.73862112304104, 12.952295268320597], [77.73865654866951, 12.952308352515415], [77.73867621485539, 12.952313915517136], [77.73868791130069, 12.952308022704976], [77.73870525871799, 12.952280924511854], [77.73873234108314, 12.952247954132249], [77.73874587059395, 12.952230509356529], [77.73878694953814, 12.952222388129385], [77.73881830979757, 12.952222058330198], [77.73889839868545, 12.952196219715027], [77.73893549158801, 12.952182372888888], [77.73896078291584, 12.952164802094146], [77.73901762365875, 12.952164204291943], [77.73907606856534, 12.95213090403757], [77.73910338446629, 12.952119084060676], [77.73912283568403, 12.952105418133375], [77.73912842354083, 12.952078443605194], [77.73914983626729, 12.952064759358864], [77.73917531674905, 12.952064491361936], [77.73919693966549, 12.952070031432687], [77.7392170238452, 12.95211404074715], [77.73922895149711, 12.952129296053922], [77.73925670641492, 12.952157843920217], [77.73927464231609, 12.952184573333465], [77.73933120555613, 12.952337788298715], [77.73936302828736, 12.952379752391195], [77.73939474825441, 12.95241210198221], [77.73941649732384, 12.952429175692377], [77.73944024996074, 12.952450076404906], [77.73949595147283, 12.952524472534085], [77.73953154536005, 12.952552937895009], [77.73956906105244, 12.952577537265173], [77.7396481555398, 12.952640152270186], [77.73970345771026, 12.952678023529389], [77.73979766705718, 12.952688565079255], [77.73990196883142, 12.95272592077618], [77.73996719761253, 12.95277522482795], [77.74000468997299, 12.952797900326514], [77.74002443794384, 12.95281115157216], [77.74004993949985, 12.952812804980175], [77.74007934066523, 12.952812495627926], [77.74009698230711, 12.952812310005065], [77.74010684344096, 12.9528179760522], [77.74015245043138, 12.95286556015244], [77.74017805949046, 12.95287682567339], [77.74020358212015, 12.952880405194717], [77.74024872414029, 12.952885695369874], [77.74027819074915, 12.952891152796681], [77.74027637646557, 12.9529046309103], [77.74030010816688, 12.952923607702774], [77.74031979069369, 12.952931089805515], [77.7403414137199, 12.952936632073039], [77.74036689662232, 12.952936363917084], [77.74038649740376, 12.952936157656847], [77.74042375849321, 12.952937687278235], [77.74046099856152, 12.95293729538925], [77.7404943413795, 12.952938866233836], [77.74058073064346, 12.952951418432654], [77.74061405243921, 12.952951067756675], [77.74064737187643, 12.952950717101258], [77.74067679406537, 12.95295232918296], [77.7407062373017, 12.952955865078076], [77.74073555432656, 12.952947865005905], [77.74075890511389, 12.952932238507323], [77.74077446143187, 12.952920539804714], [77.74081165938978, 12.95291630023282], [77.74087246293833, 12.952919508361608], [77.74092550933007, 12.952930485023186], [77.74097866325482, 12.952951073793251], [77.74104155447282, 12.952965792571192], [77.74106530489208, 12.952986690809768], [77.74108709856358, 12.953007611954376], [77.74111068070971, 12.953013131219345], [77.74114008187236, 12.953012821742728], [77.74120855837364, 12.953000565970875], [77.74125962226526, 12.953009641701493], [77.7413402182469, 12.953029941517974], [77.74137764762527, 12.953046849963103], [77.74143252931846, 12.953046272218007], [77.7414548189561, 12.953053692092569], [77.74145578263388, 12.953051475779958], [77.74152634447026, 12.953050732944847], [77.74158906505107, 12.953050072641997], [77.74165437209945, 12.95304682048183], [77.74170399902529, 12.953043735702781], [77.74177472916662, 12.95305837176012], [77.74183801082357, 12.953108974591661], [77.74189067074295, 12.953144308509872], [77.74194319276803, 12.953166827748264], [77.74201414739743, 12.953201969005276], [77.74207200838643, 12.953234685814554], [77.74211663071398, 12.953252161284263], [77.7421691503917, 12.95327467818081], [77.74222436882891, 12.953304860477576], [77.74226657539766, 12.953340304379466], [77.74230085891233, 12.953368142502107], [77.74234568239773, 12.953403558828644], [77.74236925757509, 12.953408437465722], [77.74241649448467, 12.953425885339458], [77.74243498559639, 12.953443633624769], [77.74250610875153, 12.953494155978952], [77.74256141141879, 12.953532024191732], [77.74263776131724, 12.953582489139567], [77.74266676207726, 12.953605258244393], [77.74267754993303, 12.953635906063166], [77.74270405072787, 12.953668950680926], [77.74273838810423, 12.953701915066697], [77.74276233052969, 12.953740115841144], [77.74286835254601, 12.953874863271226], [77.74293411118518, 12.953912623552974], [77.74297873364769, 12.953930096525452], [77.74300770637147, 12.953950298952007], [77.74307135577212, 12.954034225868561], [77.7430977981673, 12.954062144137657], [77.74310302787373, 12.954084106755651], [77.743200882603, 12.95415081486188], [77.74317970454294, 12.954232203552706], [77.74313178255102, 12.954311323251268], [77.74316014502624, 12.954355457633696], [77.7432128264729, 12.954392502249831], [77.74324493310982, 12.954460522726746], [77.74335369999942, 12.954845610512752], [77.74339592806926, 12.954882762889511], [77.74343459443047, 12.954913116912996], [77.74349832612148, 12.95500473197798], [77.74358839838489, 12.955273802097214], [77.7436345954185, 12.955355348060102], [77.74371046559406, 12.955600644504637], [77.74377386299747, 12.95566150155713], [77.74383376847227, 12.955699762556517], [77.74384089467758, 12.955735989713453], [77.74385157284699, 12.955756384787673], [77.7438625879921, 12.955807537719043], [77.74385955278285, 12.95584858491829], [77.74389529651035, 12.955930240959413], [77.74395505976558, 12.955977464505706], [77.74402523674755, 12.956021158032849], [77.74403969665866, 12.956068856707104], [77.74404752929897, 12.956147388944972], [77.7442358807711, 12.95648036581286], [77.7442955669706, 12.956520754188134], [77.74433397388871, 12.95652718289731], [77.74436926849081, 12.956567828361798], [77.7444223250908, 12.956639045665604], [77.74446065479037, 12.95663864161318], [77.74452686063202, 12.956637943691197], [77.74457564623889, 12.956637429397299], [77.74467187889483, 12.956642704998742], [77.7446743015678, 12.956647112594514], [77.74467837228626, 12.956654522991295], [77.74472922719988, 12.956659735823221], [77.74484819248126, 12.95670291701397], [77.74501664804954, 12.956810514711428], [77.74503849794458, 12.956846184167988], [77.74511673935044, 12.956907742202796], [77.74539682626113, 12.957184207989268], [77.7454523269128, 12.957240020853277], [77.74548377191445, 12.957247378423318], [77.74550195207947, 12.957236932905793], [77.74550434184157, 12.957216400124382], [77.74550369550455, 12.957157446494898], [77.74550318968774, 12.957111309776415], [77.74551090958958, 12.957028747102006], [77.74666470037464, 12.958750483118076], [77.74773551645201, 12.958429272557034], [77.74820875631316, 12.958362298656194], [77.74805296638735, 12.955887200066075], [77.748064746326, 12.955875392815042], [77.74833039116061, 12.955820834362855], [77.74839038737268, 12.95580994727778], [77.74870391221751, 12.955798948334035], [77.74904907870821, 12.955813247022093], [77.74921352759486, 12.955793567694359], [77.74948551964106, 12.955808638452572], [77.74950070193356, 12.955809079380856], [77.7497711296117, 12.95676527807852], [77.75043699149347, 12.956975178002246], [77.75325876235199, 12.957844076465966], [77.7557711123813, 12.958609611570724], [77.7560654712421, 12.958756885156337], [77.7565240940369, 12.958946851598007], [77.75677910552118, 12.959083625810052], [77.75686615019738, 12.959117195110377], [77.75687383407715, 12.959120157001108], [77.75691905533749, 12.959052041558097], [77.75696753989, 12.959024187152396], [77.75703044694544, 12.959040610362466], [77.75708691656172, 12.959104954644909], [77.75715365156604, 12.959152098366662], [77.75723750574424, 12.959171717537345], [77.75741184675935, 12.959180122128643], [77.75750297346639, 12.959227009666044], [77.75755573050311, 12.959270883443452], [77.75758769575857, 12.959325233484284], [77.75760164034206, 12.959400820637772], [77.75762495014591, 12.959409807561826], [77.75901789858331, 12.959947110412616], [77.75901796086234, 12.959946984876753], [77.7590554238917, 12.959961431782938], [77.76566514824441, 12.962516048249038], [77.76763497680452, 12.963486790626021], [77.76794612483587, 12.963049617375672], [77.77030656321374, 12.962688419944657], [77.77048703538884, 12.961944123825544], [77.77027495401941, 12.961053867928971]]]]}}, {"type": "Feature", "properties": {"Ward_No": 5, "Ward_Name": "Jakkur", "Zone": "Yelahanka", "Risk_Score": 0.2721, "Alert_Level": "GREEN", "Severity_Band": "low", "Priority_Rank": 48, "Pop_Density_per_km2": 875.0, "Green_Cover_Pct": 62.8, "Water_Stress_Index": 19.2, "Heat_Intensity_Index": 49.0}, "geometry": {"type": "MultiPolygon", "coordinates": [[[[77.64649846460199, 13.085228351199527], [77.64514117910004, 13.08297107595987], [77.64485925039223, 13.082502199842295], [77.64464636094438, 13.082407808462346], [77.64460239871181, 13.082388314372224], [77.64412183990339, 13.081579908657615], [77.64374171517238, 13.080940448688548], [77.64278832952868, 13.079232766291453], [77.64264375376817, 13.078973804617569], [77.64251611101602, 13.078705164254183], [77.64251469197865, 13.078702176901752], [77.64207321201708, 13.077773030276623], [77.64201158248841, 13.077776762429774], [77.64071380563131, 13.077855323338651], [77.63928261302131, 13.07639806483756], [77.63850111350726, 13.075522912918974], [77.63824983105167, 13.07520594151501], [77.63786286387571, 13.07537246040504], [77.63699471966254, 13.075357360575197], [77.63377296281224, 13.077044090174327], [77.6336718626258, 13.076733527656447], [77.63365658532241, 13.076446058426685], [77.63317985323296, 13.076450921731988], [77.6321788933355, 13.076592959369904], [77.63126311387276, 13.076698169271646], [77.63095118500779, 13.074951630206565], [77.62901000580995, 13.075199108363279], [77.62848361419763, 13.075132561120117], [77.62822495888757, 13.072642438762648], [77.6278339261355, 13.072658403098567], [77.62780795558018, 13.072514853048807], [77.62749208624763, 13.071547331825064], [77.62714119526501, 13.070735960329175], [77.62696638616316, 13.070390191605448], [77.6266606670102, 13.070381316637684], [77.626363545694, 13.068874302083074], [77.62617017695132, 13.0679294960567], [77.62599004805247, 13.067080433678667], [77.62482805160829, 13.067020336280123], [77.62429724855282, 13.066534366844047], [77.6238145797702, 13.065975999640523], [77.62324596841958, 13.065382554695171], [77.6228916159365, 13.065398134771922], [77.6222677116741, 13.065356532206252], [77.62111883481913, 13.06538017543409], [77.62055680689049, 13.065409846150962], [77.62043634139145, 13.065578847811084], [77.62003536941666, 13.065810622042022], [77.6198188868806, 13.066148381725245], [77.61939207291842, 13.066248586612977], [77.61903608724938, 13.066277753981302], [77.61882811499686, 13.066459888249954], [77.61866934220433, 13.066565996558422], [77.61847903321483, 13.066714227215934], [77.61834058309594, 13.066726079516897], [77.61812741389637, 13.066728240078264], [77.61774316118274, 13.066679882457501], [77.61763580422219, 13.06660782297821], [77.61753745459558, 13.066378919233651], [77.61740591898304, 13.066035401485673], [77.61728691370459, 13.06586940987248], [77.617186151913, 13.065731640759685], [77.61678252341959, 13.065711760204513], [77.61584130861452, 13.065721292122657], [77.6150462746875, 13.065681404694601], [77.61438450748986, 13.06552591189433], [77.61436203164935, 13.065541997841223], [77.61424232089657, 13.065847666100112], [77.61396430997112, 13.066481595437166], [77.6137876738481, 13.066911527671234], [77.61357558925117, 13.067354501651344], [77.61343162925267, 13.067508187834797], [77.61326465886576, 13.067627221275448], [77.61312630106855, 13.067698391957414], [77.61304576722496, 13.067730919052744], [77.61295539537787, 13.067750862534131], [77.6128617871059, 13.067770838723973], [77.6123546722249, 13.06784574120297], [77.61140439513639, 13.06792511877981], [77.61061289003075, 13.06802826615724], [77.61039959764116, 13.06804944879109], [77.61035097499727, 13.06804042781644], [77.61029892053466, 13.068012407558971], [77.6102477218885, 13.06795494192462], [77.61020076282989, 13.067809090904388], [77.6100254510276, 13.067221330054675], [77.61000049295431, 13.067013249421398], [77.60990368650079, 13.066728794423442], [77.60984492863862, 13.066678646243542], [77.60981561519274, 13.06665991305561], [77.60976706184456, 13.06665723278798], [77.60973471437704, 13.066657559578076], [77.60970236690865, 13.066657886364132], [77.60968295795539, 13.066658082438593], [77.60963780765536, 13.066671224008331], [77.6091832776392, 13.066824872334788], [77.6082192962561, 13.067139067621337], [77.60810341323467, 13.067194152630677], [77.60580287839713, 13.06796804539757], [77.6034262925175, 13.068821156458078], [77.60346038776302, 13.069516908429028], [77.6035147416491, 13.070148087273399], [77.60368940014395, 13.070871639116513], [77.60381534964465, 13.071502095818145], [77.60411741882821, 13.072683533394562], [77.60441427280966, 13.074104969317325], [77.60483788888234, 13.07520622094853], [77.60521747450669, 13.076244136512567], [77.60567777320821, 13.076707214001997], [77.60600639748773, 13.077022796012834], [77.60642869214402, 13.077996498193079], [77.60661528601801, 13.078436114680338], [77.60715877398553, 13.079049058877828], [77.60737092559684, 13.07921194709595], [77.60740339161907, 13.079236874406456], [77.60741787609845, 13.079234496268437], [77.60762823808832, 13.079335522210252], [77.60773498662257, 13.079619259472816], [77.60775787776554, 13.079822467372844], [77.60767786766571, 13.080108089293994], [77.60757689360597, 13.080373582353948], [77.60754908033691, 13.081675877537684], [77.60464967371966, 13.084227811033704], [77.60343495825411, 13.085155552348311], [77.60287396276267, 13.085937838509675], [77.60285081452167, 13.085970120014666], [77.60286327539492, 13.086021915804562], [77.60287050622458, 13.08605197351571], [77.60301200867902, 13.0861902643419], [77.60321156582818, 13.08630974234865], [77.60334485840464, 13.086413690322864], [77.60365982691073, 13.08650770530739], [77.60384217856017, 13.08656256207662], [77.60404046013814, 13.086560560575748], [77.6041769553311, 13.086526450178784], [77.60414184122959, 13.086800651649057], [77.60411610703711, 13.08690387552192], [77.604081015849, 13.08699049803938], [77.60396450025499, 13.087104199292014], [77.60375676574454, 13.087327564984554], [77.60357764599827, 13.08750901667842], [77.60352228633494, 13.087557771073019], [77.60349362518141, 13.08759530506241], [77.60346284732456, 13.087643811338262], [77.60344330884016, 13.087698777039664], [77.60341794485069, 13.08783705169005], [77.60336145092526, 13.088203482212043], [77.60328634109324, 13.088712497349212], [77.60321077312513, 13.088965198412328], [77.60314778358455, 13.089138905044189], [77.60296204735282, 13.089541689920717], [77.60284164731854, 13.08978170001535], [77.60266174064489, 13.090101175812682], [77.60241301546611, 13.090465163619466], [77.60208446183994, 13.090889108020848], [77.6017120182345, 13.091390170048633], [77.60151372561724, 13.091661635292137], [77.60144313283477, 13.091749978079628], [77.60137705895347, 13.091842657957072], [77.60129153787058, 13.091999065636394], [77.60115424655477, 13.092333447005593], [77.60099534494478, 13.092738153178558], [77.60091120317188, 13.093025992883607], [77.60087304684008, 13.093223547892459], [77.60085044209298, 13.093412182968176], [77.60082028063138, 13.093732340251387], [77.6007929258455, 13.094107235493558], [77.60073790588645, 13.094401356660534], [77.600626182186, 13.094829683685637], [77.6005307286846, 13.095104494094794], [77.60043923973826, 13.095331066487434], [77.60030454829167, 13.095700473910526], [77.60016600911516, 13.096129071423503], [77.6001291688682, 13.09623898251726], [77.60007845905409, 13.096305218160275], [77.60002113634633, 13.09638028125188], [77.59988476541514, 13.09658978014126], [77.59972851442629, 13.096821388324212], [77.59969998973547, 13.09687206192193], [77.59968904651723, 13.096894081118716], [77.59968480577682, 13.096916032720166], [77.5997299629645, 13.096959390339899], [77.59978377855137, 13.096976373726775], [77.59992263317409, 13.097003454974264], [77.60008814383215, 13.097014931322118], [77.60016685142115, 13.097013018027596], [77.60028303167132, 13.097077394472143], [77.60046809298446, 13.0972643972099], [77.60073207399986, 13.09748447856733], [77.60090513210393, 13.09757047868886], [77.60101636058603, 13.097670604505945], [77.60125046181496, 13.097668242124108], [77.60152573317647, 13.097651964413714], [77.60160239222782, 13.09763898393615], [77.60178006603978, 13.09760889857449], [77.60200749563545, 13.097626851088707], [77.6023242205102, 13.097623653667858], [77.60242083014987, 13.097642928829984], [77.60253965253467, 13.097810475138532], [77.60254192210859, 13.098026445617771], [77.60243374261114, 13.098216532117386], [77.60236737194774, 13.098279926638611], [77.60228375447471, 13.098359793307713], [77.60217635477196, 13.098624120785189], [77.60220616560308, 13.098839813248725], [77.60232493402816, 13.098958609415039], [77.60237318729972, 13.099006872901414], [77.6021954125815, 13.099353678679371], [77.6017062524163, 13.099311880774724], [77.60134058787332, 13.099352395596007], [77.59950631444855, 13.0998216008909], [77.59935461217444, 13.099840948542326], [77.59951289348653, 13.100441085201803], [77.59972402707947, 13.10121840132055], [77.5998417058235, 13.101640764674233], [77.59999743579415, 13.102205709827745], [77.60009344690646, 13.102628596794089], [77.60014659712023, 13.10286269041853], [77.60041934498872, 13.102875826619655], [77.600459854011, 13.102906926886046], [77.60120045439521, 13.10307217774768], [77.60139740786106, 13.103123244115329], [77.60231018807099, 13.102921859576764], [77.60310336174577, 13.10218603140635], [77.6032041496956, 13.102190510638932], [77.60348073912846, 13.102176416086992], [77.60379672025707, 13.102160311205994], [77.60405779709018, 13.102147006492078], [77.60476082388605, 13.102111174094995], [77.60658848526423, 13.102018016083774], [77.60795101671961, 13.102051916294089], [77.608272942184, 13.102061109765243], [77.60850615271116, 13.102067768790667], [77.60850400445865, 13.102206951061127], [77.60850180174153, 13.10237074617503], [77.6085026146809, 13.102369523751305], [77.6085020026239, 13.102430119389787], [77.60850163578566, 13.102466514235346], [77.60849577987803, 13.103046294531662], [77.60846970339895, 13.103116664932172], [77.60844799233136, 13.103601771400928], [77.60837087482066, 13.104484699986333], [77.60835395050351, 13.104575422457867], [77.60863397207774, 13.104584620525202], [77.60889946019347, 13.104590343689795], [77.60886845659321, 13.105038988804935], [77.60877295117655, 13.105593533419123], [77.60875624897115, 13.105988040270322], [77.60872523954933, 13.106721528347178], [77.60869839511149, 13.107002214172804], [77.60869944895471, 13.107222835194978], [77.60868710208872, 13.107445155350547], [77.60873889615024, 13.107451643050245], [77.60924330884643, 13.107525398672287], [77.60942406852567, 13.10771051393049], [77.60980367824152, 13.108101005305539], [77.60989439846479, 13.10822568676516], [77.60989532260767, 13.108313307405146], [77.6098599539692, 13.108602650539046], [77.60973043331104, 13.110020019022087], [77.60983213239655, 13.110029851403946], [77.60982890163307, 13.110227989459835], [77.60976697946789, 13.110408479346637], [77.60973841609987, 13.110473935091399], [77.60974173487075, 13.110536461278508], [77.60982200505457, 13.110582568828892], [77.61002234947128, 13.11066655871065], [77.61007715535875, 13.11081979859422], [77.61027468224444, 13.111141021319252], [77.61045957509022, 13.111524938593059], [77.61064216952867, 13.111942760650582], [77.61083943258062, 13.112490768491165], [77.61092294260672, 13.112673176709425], [77.6110772671808, 13.113301406926976], [77.61115278463234, 13.11368285452418], [77.61117042195599, 13.114122219704331], [77.61112209031779, 13.11508461274191], [77.61102187723583, 13.115442360758268], [77.61096213649449, 13.115939843681966], [77.61093838824614, 13.116768211342123], [77.61106370308703, 13.117556844183174], [77.61123773700741, 13.118650757317019], [77.61127641946236, 13.119236423369072], [77.61131725529357, 13.120025915038687], [77.61141530070441, 13.120693793277207], [77.61147977892529, 13.121260087116232], [77.61141233093792, 13.121642982468787], [77.61145452540518, 13.12178225781362], [77.61149314285265, 13.121909712011803], [77.61157422180864, 13.122201918270818], [77.61180070005814, 13.122721977839737], [77.61200003893202, 13.123134016086272], [77.6122651721597, 13.12362182908219], [77.61286006571692, 13.125176490262813], [77.61321386675496, 13.126058354382572], [77.61351379140221, 13.126762397256151], [77.61395959442594, 13.127738877685742], [77.61437047802515, 13.128486382905407], [77.6145457181502, 13.12907702992404], [77.61463732749229, 13.129465635160484], [77.61464673017375, 13.129645921459483], [77.61493577613862, 13.130732383070745], [77.61515413023336, 13.131169443600198], [77.62066367064065, 13.131254691073822], [77.630059049938, 13.125031903463467], [77.63940266688945, 13.114007284260357], [77.63712898098882, 13.106744615664642], [77.64910280787745, 13.10480027509118], [77.64853759986066, 13.099341654170448], [77.64199346846061, 13.087651948676413], [77.64654688387193, 13.0869429125212], [77.64649846460199, 13.085228351199527]]]]}}, {"type": "Feature", "properties": {"Ward_No": 198, "Ward_Name": "Hemmigepura", "Zone": "Rajarajeshwarinagar", "Risk_Score": 0.2716, "Alert_Level": "GREEN", "Severity_Band": "low", "Priority_Rank": 49, "Pop_Density_per_km2": 850.3, "Green_Cover_Pct": 62.8, "Water_Stress_Index": 19.2, "Heat_Intensity_Index": 48.9}, "geometry": {"type": "MultiPolygon", "coordinates": [[[[77.49854034532446, 12.925741268012011], [77.49853593511713, 12.92573882149763], [77.4985344108277, 12.925741324831252], [77.49853740822927, 12.92574420814317], [77.49854034532446, 12.925741268012011]]], [[[77.50781132470324, 12.924825333611674], [77.51021189389806, 12.924710764156776], [77.51039230206777, 12.924782045921223], [77.51042596702771, 12.924786088911548], [77.5105267130939, 12.924476634269427], [77.51052069237849, 12.924171118654378], [77.51045933856183, 12.923939284194233], [77.51044018709715, 12.923834306142481], [77.51045784012655, 12.923819585660757], [77.51048433775733, 12.92379896075586], [77.51052284488732, 12.923792768697076], [77.51099400771352, 12.923735852781295], [77.51107114066875, 12.923735110688721], [77.5114912951821, 12.923717967540783], [77.51163320773286, 12.922780483392186], [77.51174620623814, 12.922212870543563], [77.51175450193358, 12.921997889054623], [77.51171715709384, 12.921756220638176], [77.51169749048465, 12.921381635854015], [77.51172548783717, 12.921315780896833], [77.5116753304864, 12.921075783073592], [77.51163109822836, 12.920690473603855], [77.51169926937222, 12.92068399836749], [77.5117792800269, 12.920674497213474], [77.51179995931963, 12.920665569228312], [77.51184181633529, 12.92063719385843], [77.51185789703364, 12.92061098855163], [77.51186378422915, 12.920586884327161], [77.51187782077967, 12.920560696375736], [77.5118876135337, 12.920518520623322], [77.51189141888507, 12.920490428115317], [77.5118909580355, 12.920444342708006], [77.51188619076535, 12.920388267540487], [77.5118856378766, 12.920332977539685], [77.51184590717874, 12.919920105516006], [77.51181583543193, 12.919879654819333], [77.51175330311851, 12.91985697214056], [77.51170467751436, 12.919840157716559], [77.51166813693116, 12.919829074115496], [77.51163299150132, 12.919812257198851], [77.51159924834657, 12.919789711524155], [77.51157717822261, 12.919768480627113], [77.51154140140804, 12.91973096206295], [77.51145100801891, 12.919295297518417], [77.51144044957196, 12.919129515373015], [77.51149844110023, 12.91869824505795], [77.51154092899203, 12.918200185228129], [77.51156672784143, 12.91810972103081], [77.5116012499702, 12.918001710263017], [77.5117622840881, 12.917787715819918], [77.51207484273213, 12.91729870127761], [77.51220001585054, 12.91705885540224], [77.51236302376932, 12.916449050187671], [77.51242383852747, 12.91630004410536], [77.51242628074036, 12.916247637278584], [77.51241706054748, 12.91621571266672], [77.51341461370873, 12.916118483178785], [77.5133866125957, 12.915070480750597], [77.51339061389234, 12.91430285620314], [77.51220269245509, 12.914347087455338], [77.51183386044603, 12.914356875265543], [77.51165095247354, 12.914353652260898], [77.51123506547195, 12.914226211902513], [77.5109547098785, 12.914286749331314], [77.51090100562286, 12.914087878929735], [77.51076456994316, 12.913571897558953], [77.51064705120223, 12.912944417123441], [77.51053962756406, 12.912436887883851], [77.51049805516156, 12.91228449940539], [77.5104799499648, 12.912254114880087], [77.51042830068597, 12.912206592368134], [77.51008375992052, 12.911795195860087], [77.50990575285557, 12.911572090945853], [77.50979536168653, 12.911435642738507], [77.5096262147182, 12.910985453617771], [77.50940561698151, 12.91028475133206], [77.5092753759998, 12.909858901760568], [77.50927897140855, 12.90979556437329], [77.50934638672845, 12.909791357254631], [77.50942624717193, 12.90977964536547], [77.50950466609139, 12.909760758683142], [77.50958097302058, 12.909734849365528], [77.50958167762136, 12.909734574296364], [77.50962438597585, 12.909724530656714], [77.5096730804265, 12.909706179253334], [77.5097186154442, 12.909681220056358], [77.50976006467162, 12.909650152309878], [77.50979651811485, 12.909613697143143], [77.50987482676152, 12.909547874949665], [77.51002701956882, 12.90942202529851], [77.51007721667533, 12.909386044056555], [77.51013241473963, 12.909355498738158], [77.51019090669335, 12.909331569149074], [77.510251875423, 12.90931459620042], [77.51031446031739, 12.909304814826578], [77.51033026824932, 12.909303511096962], [77.51039066950584, 12.909302909922383], [77.51045085022943, 12.909294863191906], [77.51050952887908, 12.909279482677185], [77.5105657788695, 12.909257008577546], [77.51061871482717, 12.909227794030835], [77.51066749964035, 12.909192302732544], [77.5106728237126, 12.90918782923376], [77.51070670838502, 12.909144436715081], [77.5107720269605, 12.909051888251488], [77.51083110258743, 12.908955384514107], [77.51087268190729, 12.908877637990656], [77.51090966553424, 12.90878121008771], [77.5109559256381, 12.908642845057244], [77.51099504176209, 12.908502376833587], [77.51102691367251, 12.90836015563481], [77.51104644941152, 12.908249795743965], [77.51105615953792, 12.908205950903385], [77.51105948146986, 12.90815729409619], [77.51105518842579, 12.908108710470684], [77.51104338845708, 12.908061339265483], [77.51102435434458, 12.908016288067417], [77.51099853286676, 12.907974616532082], [77.51096653028446, 12.90793729951659], [77.5109290956991, 12.907905213362124], [77.51091854359578, 12.907897800028886], [77.51091282251863, 12.9078925005551], [77.51083440121305, 12.907814500915658], [77.51076146651592, 12.907731538156726], [77.51069434511038, 12.907643979214171], [77.51064023679976, 12.907563303415635], [77.51063034985827, 12.907550718884645], [77.51054316637794, 12.90744642656167], [77.51045035318067, 12.907346920555153], [77.5103953020103, 12.907292706816248], [77.51038231361265, 12.907250266588095], [77.51037413912563, 12.907199252306652], [77.51037362358622, 12.907147611652972], [77.51038077800288, 12.907096447793888], [77.51039544821555, 12.907046851604667], [77.51041732883377, 12.90699988071866], [77.51044594409946, 12.906956531955931], [77.51046051091464, 12.906938855311154], [77.51052174045164, 12.906891147882755], [77.51063545084547, 12.90680978257048], [77.51075338024353, 12.906734420391603], [77.51080486467133, 12.906704162832675], [77.5110535139326, 12.906709017743056], [77.51151600924285, 12.906678381409979], [77.51193714785757, 12.90666560217856], [77.51209137175772, 12.90666120996812], [77.51215628259843, 12.906625662942236], [77.51222715710713, 12.906296126069678], [77.51224577280995, 12.905486902981705], [77.51224804612164, 12.904526503874965], [77.51221326569784, 12.904014638497069], [77.51180900049107, 12.904013632044805], [77.51089736973869, 12.903919308435963], [77.51090157721781, 12.903772759568488], [77.51094927434242, 12.90349874090317], [77.51098077207955, 12.903384940125354], [77.51098888743799, 12.903306284715025], [77.51099708759102, 12.903236359831999], [77.51109006495061, 12.903040481314662], [77.51111522199685, 12.902885996735403], [77.5110842523701, 12.90275533338512], [77.51103600633851, 12.902677221725419], [77.5109493144447, 12.90261111807034], [77.510939775765, 12.902547185251768], [77.51097179632423, 12.902485765206556], [77.51103920975065, 12.902403628185073], [77.51120404512696, 12.90227399581946], [77.51136216461498, 12.90214758505957], [77.51168043054706, 12.90214741837446], [77.51182037346052, 12.902201140103099], [77.51192125726251, 12.90220308036064], [77.51199541544032, 12.90220236773169], [77.51216394526661, 12.902147164353648], [77.51231483078179, 12.902147083508897], [77.51238025273045, 12.90212009189056], [77.51247209387414, 12.902107568169676], [77.51254319667768, 12.902098153423811], [77.51271224885913, 12.902093618809245], [77.51287533807812, 12.902086231735542], [77.5129139023595, 12.902085861013802], [77.51297628224829, 12.902093990355876], [77.51303569404627, 12.902102150529409], [77.51307131929782, 12.902104720023923], [77.5131335829053, 12.902101209443112], [77.51318383579282, 12.902083265961375], [77.51323406193966, 12.902062410743417], [77.51331415151411, 12.902061640720392], [77.51342399294765, 12.902069315935123], [77.51380359554797, 12.902056934416708], [77.51387161614566, 12.902035907964214], [77.5139658703065, 12.9019680652263], [77.51399757011714, 12.901874634720276], [77.51405006239825, 12.901757569605254], [77.51405230031821, 12.901711134446167], [77.51400652512808, 12.901583526045371], [77.51393754506171, 12.90150852410417], [77.51384209883167, 12.901457056323492], [77.5137438322878, 12.901420168601588], [77.51366057368477, 12.901400599181583], [77.51358821077379, 12.90139524665718], [77.51335658390575, 12.901260920358158], [77.51323420888559, 12.901186431525998], [77.51315938484065, 12.90112021451676], [77.51311427643422, 12.90105953347551], [77.51308029359713, 12.90095418215036], [77.51302101787162, 12.900863076459734], [77.5128892397812, 12.90068465121398], [77.51279986389915, 12.900610154844301], [77.51272832754853, 12.900547079406767], [77.51265398200644, 12.900498523798827], [77.51254708514327, 12.900444484787087], [77.51242196308299, 12.900376516584334], [77.51238029191491, 12.90030986733213], [77.51237948163923, 12.900228723432749], [77.512421970096, 12.900045722676534], [77.51246851213409, 12.89997281805506], [77.5125842082006, 12.899947096551532], [77.51267220193014, 12.89984049188341], [77.51277090619404, 12.899781523254925], [77.51283242276251, 12.89972876374568], [77.51287027644729, 12.899673331237551], [77.51290517619852, 12.899617929431077], [77.51295698246564, 12.8995204385418], [77.51323750922653, 12.899266504142759], [77.51342596466873, 12.899038806712829], [77.51350390840722, 12.898925281041347], [77.51354758285926, 12.898861098201296], [77.51357895178118, 12.898747761208808], [77.51355109033948, 12.898620505393893], [77.51346374279235, 12.898453245586351], [77.5134126240088, 12.898363891013446], [77.51332935941399, 12.89830962270745], [77.51329046398409, 12.898260726426782], [77.51327122547265, 12.898182627739326], [77.51325941730236, 12.898110313981858], [77.51327653536765, 12.898049284555855], [77.51331742953123, 12.898002519450428], [77.5133643183496, 12.897964391043603], [77.51343201300702, 12.897922160719068], [77.51345729115688, 12.897881207769004], [77.51357255562047, 12.897811678546521], [77.51364553752623, 12.897724029140322], [77.51369526670722, 12.897674278645546], [77.51376810615784, 12.897572140053262], [77.51386356599917, 12.89736834331073], [77.51393307267338, 12.897228556724274], [77.51397309808624, 12.89709484977201], [77.51398103344034, 12.897002029444874], [77.51398202116677, 12.896804937131062], [77.5139785438101, 12.896752800014491], [77.5139423129884, 12.896674894809362], [77.51396102420499, 12.896477632106393], [77.51397825786381, 12.896428196306072], [77.51403342667537, 12.896332021486812], [77.51410714900854, 12.896110138418326], [77.5141227356817, 12.8960827607129], [77.51425940997015, 12.895761234909152], [77.51429504170794, 12.895607833940907], [77.5143088871136, 12.895514954492663], [77.51428638372046, 12.895332578575257], [77.51427123561245, 12.895295048821842], [77.51422052503405, 12.89524626389448], [77.51414653568507, 12.895230143951927], [77.5141140646045, 12.895235694894662], [77.51404600235092, 12.895224756741126], [77.51398362101827, 12.895190576792377], [77.51393001215155, 12.895147615868549], [77.51388228687048, 12.895101702583025], [77.51386725460611, 12.895075764108059], [77.5138668783398, 12.895038090017799], [77.51390197877423, 12.894982785739979], [77.51394235264779, 12.894904044688863], [77.51395335772733, 12.894822784969227], [77.51397916353552, 12.894744283403638], [77.51411757031168, 12.894403853667663], [77.51415441239472, 12.894246992504879], [77.51414146569185, 12.894134083849169], [77.5141021765139, 12.894024451403633], [77.51383705788633, 12.893157851846604], [77.51383568764611, 12.89302063163879], [77.51402150122195, 12.892950227993621], [77.51423154090988, 12.892971079500533], [77.51448820589981, 12.892991487258833], [77.51477407019547, 12.892988739124057], [77.51479126528636, 12.892988573810396], [77.51479894870522, 12.892982419239345], [77.5149273063121, 12.89294982641982], [77.5149771768427, 12.892914567355943], [77.51507385055783, 12.892832486278506], [77.51525959047301, 12.892649764211955], [77.51526930392824, 12.892571412728673], [77.51529747717652, 12.892508102841683], [77.5153370079057, 12.892472943155763], [77.51557391604096, 12.892455450525919], [77.51563141105878, 12.892444026827755], [77.5156998774081, 12.89242163376295], [77.51575509128217, 12.892403711822308], [77.51578830213946, 12.892401218264663], [77.51580380926254, 12.8924010691253], [77.5158327642943, 12.892416007427906], [77.51585285775536, 12.892431028641944], [77.51588207108887, 12.892472049699306], [77.51589571212833, 12.89250669805759], [77.51588765424506, 12.892587203136827], [77.51588396078613, 12.892661143771557], [77.51584034569764, 12.892731122371579], [77.51582583534159, 12.892831252289595], [77.51574012549935, 12.893123355717812], [77.51571649052066, 12.893197488149744], [77.51572620154633, 12.893282168335668], [77.51575878452793, 12.893438361809153], [77.51577476959034, 12.893486030243483], [77.51580867568718, 12.89355308908366], [77.5158090449647, 12.893590039243684], [77.51581903610318, 12.893702976122468], [77.51582592301521, 12.893726820969615], [77.51585048966926, 12.893746147450527], [77.51588604702701, 12.893756673901471], [77.51592379629048, 12.893765005107582], [77.51602349455766, 12.893764046099854], [77.51614750097151, 12.89375206801813], [77.51617851792618, 12.893756034685842], [77.5162339516354, 12.893759847411935], [77.51626937630648, 12.893757334778584], [77.51634924400193, 12.893767434883383], [77.51639798630544, 12.893766965951507], [77.51644227725687, 12.893764365681651], [77.51649097373385, 12.893759548863692], [77.51650852310485, 12.893741991406374], [77.5165105000797, 12.893718061308258], [77.5165389748948, 12.89368517965084], [77.51659201879568, 12.893671628996458], [77.51666289448835, 12.893668772908569], [77.51680416780356, 12.893615245443621], [77.51686122837656, 12.893560354096914], [77.51690282283751, 12.893509957560301], [77.51700345472086, 12.893380739560945], [77.51703167102112, 12.89332177744415], [77.51705986323935, 12.893260643717003], [77.51710152282682, 12.893216768998737], [77.51712309350475, 12.893157870829418], [77.51714279355946, 12.893133770185756], [77.51718921106558, 12.893122455042995], [77.51723556337583, 12.89310462037156], [77.51731089021098, 12.893103895454905], [77.51737001590337, 12.893113373801915], [77.51764350679503, 12.893178757885554], [77.51774098313497, 12.893211678613534], [77.52129141156331, 12.885509497498145], [77.52188099524533, 12.885624086647281], [77.52430538823646, 12.885600713853197], [77.52675718326297, 12.885823164433665], [77.52817898791574, 12.885952149253631], [77.52885846255255, 12.886288665547031], [77.52979344696814, 12.886531220371895], [77.53140699238898, 12.88701880426269], [77.53239246575473, 12.887157041024997], [77.53244431426158, 12.887004243661076], [77.53258567386634, 12.886901986678211], [77.53338032848505, 12.886181763026899], [77.53602101011838, 12.884581055349807], [77.53725438797461, 12.883687778677215], [77.53795698376094, 12.88323093045642], [77.53859770406083, 12.882324642064683], [77.53914154531199, 12.881288033371682], [77.5407245803111, 12.881303824700176], [77.54074460298621, 12.881303630377035], [77.54075735984327, 12.881317231277597], [77.54081076231758, 12.881319599478458], [77.54087284315399, 12.881298627298957], [77.54099371652802, 12.881224699754313], [77.54103706627342, 12.881168124269353], [77.54139512941612, 12.881066787802427], [77.54193127607213, 12.881061582602545], [77.54342385454747, 12.881115704857685], [77.5443770660169, 12.881093078516757], [77.54438167700977, 12.881092585002605], [77.54598024999082, 12.884705254092582], [77.54600816167296, 12.884768325537921], [77.54611621118657, 12.884873220715804], [77.54637743790062, 12.885126814976507], [77.54671735427556, 12.88549601125072], [77.54710933622225, 12.885928692988523], [77.54718322618547, 12.886000269893138], [77.54718988452879, 12.88600056820908], [77.54723664620323, 12.886002659549778], [77.54757008220444, 12.886358373103754], [77.54785776689543, 12.88621982622766], [77.54814255055774, 12.88607562659721], [77.54842431780398, 12.885925832645547], [77.54870295446965, 12.885770505072395], [77.54897834765957, 12.885609706819466], [77.54925038579351, 12.885443503044938], [77.54934070726091, 12.88540457063311], [77.54942796658446, 12.885359414185077], [77.54951171884835, 12.885308263945829], [77.54959153701954, 12.88525138072124], [77.549667014125, 12.885189054548167], [77.5497377653269, 12.885121603215575], [77.54980342988465, 12.885049370644111], [77.54986367299432, 12.884972725132464], [77.54991818749562, 12.884892057479446], [77.54996669543796, 12.884807778991316], [77.55000894949752, 12.884720319384604], [77.55004473423828, 12.88463012459502], [77.55007386721022, 12.884537654503719], [77.55009619987949, 12.884443380592465], [77.55011161838563, 12.884347783539615], [77.55012004412188, 12.884251350769299], [77.55012143413592, 12.884154573966148], [77.55011578134852, 12.884057946568351], [77.5501031145897, 12.88396196125177], [77.55008349845137, 12.88386710741796], [77.55005703295797, 12.883773868698874], [77.55002385305623, 12.883682720491029], [77.54998412792713, 12.883594127531632], [77.54993806012303, 12.883508541529096], [77.54988588453489, 12.88342639885997], [77.54985696482515, 12.883340634754129], [77.54983477821267, 12.88325296103683], [77.5498194532379, 12.883163885681459], [77.54981107868515, 12.883073924781895], [77.54980970306839, 12.882983599562271], [77.54981533435028, 12.882893433357015], [77.54982793989626, 12.882803948578683], [77.54984744666372, 12.882715663691148], [77.54987374162548, 12.882629090205683], [77.54990667242475, 12.882544729717308], [77.54994604825814, 12.88246307099867], [77.54999164098109, 12.882384587168152], [77.55004318643007, 12.882309732948753], [77.55010038595314, 12.882238942033522], [77.55016290814035, 12.882172624572865], [77.55023039074406, 12.882111164798271], [77.55030244277766, 12.882054918796184], [77.5503759367892, 12.881951270540213], [77.55044398303717, 12.88184410187017], [77.55050640670152, 12.881733688129865], [77.55056304740863, 12.881620313000024], [77.55061375964328, 12.881504267769428], [77.55065841312248, 12.881385850586485], [77.55069689313007, 12.881265365693212], [77.5507291008114, 12.88114312264354], [77.55075495342717, 12.881019435507994], [77.550774384566, 12.880894622066771], [77.5507873443148, 12.880769002993286], [77.5507937993871, 12.880642901030292], [77.55079373320825, 12.880516640160687], [77.55078714595814, 12.88039054477516], [77.55077405457043, 12.880264938838753], [77.55075449268907, 12.880140145058569], [77.55073489550607, 12.879926442688756], [77.55072264059653, 12.879712214289306], [77.55071774182777, 12.879497702599547], [77.55072020473176, 12.8792831506792], [77.550730026499, 12.879068801632958], [77.5507471959817, 12.878854898335026], [77.55077169370658, 12.87864168315391], [77.55080349189696, 12.878429397677793], [77.55084255450436, 12.87821828244079], [77.55088883724942, 12.878008576650393], [77.55094228767213, 12.877800517916464], [77.5510028451914, 12.87759434198198], [77.55107044117376, 12.87739028245593], [77.55114499901123, 12.877188570548645], [77.5512264342081, 12.876989434809822], [77.55131465447694, 12.87679310086957], [77.55132948388338, 12.876761764939314], [77.55114011058514, 12.876579625094871], [77.55113797636758, 12.876565576654578], [77.55111728957436, 12.876429517335835], [77.55112317544989, 12.876372382818104], [77.55116125027918, 12.87630225091543], [77.55119932275618, 12.87623212134646], [77.55124379920795, 12.876155587481161], [77.55126888053326, 12.876079240243367], [77.55125492679922, 12.875977907953372], [77.55122196776959, 12.875914809939248], [77.5512155139411, 12.875908602599386], [77.55118933201675, 12.87588342062597], [77.55110486030354, 12.875839850113858], [77.55100131676386, 12.875828174888527], [77.55093021881335, 12.87582886741322], [77.55087172928096, 12.875797727560371], [77.55086417502105, 12.875689990975383], [77.55092087019133, 12.875543574827134], [77.55095887850085, 12.87546710401338], [77.55099682497975, 12.87538429189014], [77.55103438640307, 12.875263429744246], [77.55107181948647, 12.875129887342018], [77.551083653147, 12.875021961926356], [77.55108211313718, 12.874869773406026], [77.55108102229227, 12.874761971564821], [77.55107922565153, 12.874584417901595], [77.55101151402258, 12.874280670337653], [77.55101048744511, 12.874179212083751], [77.55102251601048, 12.87409031050059], [77.55104759734651, 12.874013965611812], [77.55110480551996, 12.873918279778486], [77.55114281595287, 12.87384180665028], [77.55119841763974, 12.873587593338675], [77.55119726271752, 12.873473452524568], [77.55112398634914, 12.873258543568875], [77.55083337954986, 12.872646217518593], [77.55065617689041, 12.872381587299953], [77.55042617744967, 12.872009658378392], [77.55032148347725, 12.871883841651536], [77.5502297139554, 12.871757899047196], [77.55001456853584, 12.87157608010156], [77.54989720475407, 12.871475754122239], [77.54980555202802, 12.87129907483021], [77.54980503032316, 12.871247477243044], [77.54979965309074, 12.870715645813668], [77.54984118604416, 12.870212062984164], [77.54987361488054, 12.870144976846149], [77.54989546806786, 12.870099767084536], [77.55029172557182, 12.869685290935388], [77.55045311357344, 12.869385913691712], [77.5504895462144, 12.869236655898364], [77.55056303874261, 12.869000177190243], [77.5505733009831, 12.868764316283839], [77.55057141903957, 12.868578205658686], [77.55056840799134, 12.8682804286524], [77.55055325283598, 12.86803240422995], [77.5504753696071, 12.867834627034487], [77.55032173836955, 12.86764999328379], [77.54987536616025, 12.867282078993764], [77.54971592866048, 12.867187851609444], [77.54949442744429, 12.867092287402823], [77.5492658125916, 12.866996794490413], [77.5490448053066, 12.866950084664849], [77.54883140312138, 12.86695216030629], [77.54868885451043, 12.866925627895274], [77.54856764731402, 12.866898887857191], [77.54846735614512, 12.866830064991378], [77.54842255776786, 12.866756402803693], [77.54827874144523, 12.866914741961669], [77.54826925246327, 12.866910946274809], [77.54732748488789, 12.86664025008461], [77.54732737139567, 12.86664021649449], [77.54683134342463, 12.866753435447755], [77.54548453400045, 12.86738292134028], [77.54548728566282, 12.866844718052436], [77.54547131272442, 12.866829351410825], [77.54542781191077, 12.866829773934878], [77.54508933487672, 12.866992151026606], [77.54422679307244, 12.867345866262966], [77.54388725792123, 12.867403485340771], [77.54382801883031, 12.867411822454148], [77.5437574639699, 12.867474589939484], [77.54350546936159, 12.867977584801002], [77.54347257827827, 12.86824564196913], [77.54352253182999, 12.868697142170392], [77.54352331732987, 12.868962989747793], [77.54310604962227, 12.868985295547498], [77.54270301104219, 12.868995689994446], [77.5421904429528, 12.869053045868563], [77.54143182670474, 12.8691244281749], [77.54138134847233, 12.869119098531012], [77.54134575538978, 12.869119443748655], [77.54116357815498, 12.868996071463727], [77.54112178867969, 12.869264215083346], [77.54112613148595, 12.869382660231038], [77.54085009262272, 12.869439042606928], [77.5406768206851, 12.869456235401936], [77.54059369317196, 12.8688729035603], [77.53970296708356, 12.868969005248731], [77.5394934927114, 12.868982676318442], [77.53944216352711, 12.868990933553826], [77.5394064165323, 12.868975760455928], [77.53938625404675, 12.868937152381545], [77.53926673019166, 12.86845716095194], [77.5395505548875, 12.868365164940567], [77.5395973841164, 12.868302628307715], [77.53955529635985, 12.868050310568542], [77.53941441414348, 12.86805167586948], [77.53908258241324, 12.868014242198548], [77.53882951844326, 12.867569546141047], [77.53882665492762, 12.867285024936947], [77.53853420830906, 12.867043962819064], [77.53836849874571, 12.86704556795251], [77.53803708190887, 12.867048777883017], [77.53790857980952, 12.867050022374572], [77.537853918408, 12.866006892581302], [77.53743916782388, 12.86605747177477], [77.53740063793782, 12.86497913556797], [77.53736893940356, 12.864579777754265], [77.53735265255048, 12.864533372093568], [77.53730747228747, 12.864535555696207], [77.53713104954103, 12.864519995338728], [77.53683138917437, 12.864509362974037], [77.53668647492911, 12.864582215656704], [77.536438731001, 12.864665911722323], [77.53627343129403, 12.864708160555278], [77.53602405057454, 12.86462927501035], [77.53597541006762, 12.864591862580598], [77.53590279201758, 12.864586493796477], [77.53590945059858, 12.864333080862929], [77.5358924126122, 12.864209563183568], [77.53588625588918, 12.86412166996288], [77.53583316552354, 12.864085968138482], [77.53571642508973, 12.864066524220329], [77.53568569241824, 12.863941501448933], [77.53588302105565, 12.86296399582281], [77.53583791889419, 12.862598583931593], [77.53540602865009, 12.862572513225125], [77.53512863366952, 12.862716586145595], [77.53494424908119, 12.862733888803515], [77.53480225040764, 12.862608600246238], [77.53465093555877, 12.862405611699513], [77.53398080331318, 12.861310096328733], [77.53358925486327, 12.860527054699999], [77.53353700600178, 12.860385086775498], [77.5333668126481, 12.859939581372728], [77.53311743966647, 12.859860691962645], [77.53266134094295, 12.859824448561735], [77.53241441489016, 12.859989431126799], [77.53216870945377, 12.860276354540371], [77.53200586006167, 12.860562475353989], [77.53201238422818, 12.861212811984663], [77.53197278076047, 12.861333322399075], [77.53189035801213, 12.861254029247663], [77.53183643841777, 12.861135555337185], [77.53130857661641, 12.86002831078291], [77.53088974774447, 12.859276993760897], [77.53063163692822, 12.858777636059896], [77.53050762139695, 12.858504627778297], [77.53048513013874, 12.858365154117829], [77.53049417192477, 12.858215032814652], [77.53056129678426, 12.857546977794698], [77.53059013091467, 12.857267320464949], [77.53055709672334, 12.857127950834993], [77.53049336170754, 12.857082002256554], [77.53041417136484, 12.857072416068984], [77.53034030331845, 12.857067957117954], [77.53021412716112, 12.857105390097441], [77.52958872811573, 12.857313197265087], [77.52884335424, 12.857651502952482], [77.52837085734085, 12.857943905991368], [77.52815526547717, 12.858157424474134], [77.52808494585983, 12.858243465237758], [77.52806544429953, 12.858270816143438], [77.52806567742675, 12.858294095719298], [77.52806195537198, 12.85831741342562], [77.52833152259369, 12.858776567473791], [77.52895393391483, 12.859717352792785], [77.5290623358494, 12.85987927755352], [77.52905900498527, 12.859941392952539], [77.52875924573475, 12.860021891706348], [77.52800907985561, 12.860145532395586], [77.5279223148541, 12.86016965076724], [77.52784726003216, 12.860178134226828], [77.52778426042106, 12.860205904506138], [77.52772932662724, 12.86024911668804], [77.52765454139664, 12.86028476040122], [77.52756758674917, 12.860289479744768], [77.52752404759616, 12.860286018388155], [77.52747252503151, 12.860274874143268], [77.52738841429797, 12.860208594126828], [77.52718898693733, 12.860132096915248], [77.52708343140743, 12.860122766301288], [77.52700434363015, 12.860123528549954], [77.5269463471807, 12.860124087505069], [77.52692019018599, 12.860145035591643], [77.52687914923386, 12.860259252166234], [77.52630773187747, 12.862173856202403], [77.5259909319206, 12.863185779073964], [77.52598095574639, 12.863242786908838], [77.52601305686512, 12.863289041275724], [77.52626862797625, 12.86353491653722], [77.5272026109967, 12.864369490265853], [77.52779715179919, 12.86494869620469], [77.52865020708647, 12.865882080926022], [77.52932182147012, 12.866599916970369], [77.52962972714788, 12.86688351045944], [77.52994537761207, 12.867199314640004], [77.52985949026046, 12.867359570559133], [77.5295111396126, 12.867522357739297], [77.52917151843099, 12.867683318656857], [77.52923054263672, 12.868881869882374], [77.52923828679722, 12.869654144067823], [77.52924277050494, 12.870101251734704], [77.529081948899, 12.87059060228839], [77.52875622856021, 12.87116284808402], [77.5283476511, 12.871735891076094], [77.5269862133049, 12.872318127043291], [77.52661579984247, 12.872565601667914], [77.52637048446884, 12.872893166185358], [77.52624986275967, 12.873260182205788], [77.52638392435338, 12.874234491787295], [77.52630473314356, 12.874601103661693], [77.52601635835353, 12.874766485413483], [77.52497981789055, 12.874695180940684], [77.52232347651541, 12.874232972746048], [77.51582929943297, 12.871165351539862], [77.51449709305636, 12.870527733951254], [77.51362546952639, 12.870373495851618], [77.51333668532627, 12.870498218280002], [77.51296665972575, 12.870786321650854], [77.5114142262782, 12.87299633278363], [77.50920495914468, 12.875822394353538], [77.50883815728862, 12.876435667847918], [77.50867769648673, 12.87696566218159], [77.50831696189613, 12.878188634643129], [77.50803139912206, 12.878638524897262], [77.5074847865079, 12.879316957085132], [77.50698411169039, 12.879465857283783], [77.50661313466145, 12.879634967595589], [77.50624249536018, 12.87983856955598], [77.50593520163126, 12.880048462023622], [77.50569908697254, 12.880274994693949], [77.50488336817307, 12.881044993955712], [77.50475736307969, 12.88110138422926], [77.50469401890112, 12.881095093039976], [77.50432218148967, 12.880470898820175], [77.50309944349762, 12.878419977895042], [77.50247391308935, 12.877270702554387], [77.50165507775147, 12.875998651368397], [77.50150006162502, 12.875965638907502], [77.50138770841707, 12.875980508805338], [77.50129631138175, 12.875981381720935], [77.50116975999747, 12.875982590336358], [77.50103597149915, 12.875963173967207], [77.50088798724113, 12.875930096286236], [77.50080355120544, 12.875924003000627], [77.50070072693619, 12.875962868767877], [77.50029511429767, 12.875663699778407], [77.49979553557961, 12.875424564622467], [77.49938083132058, 12.87538787215906], [77.4987987978079, 12.875190171979561], [77.4985498161252, 12.875151894658982], [77.49813511212803, 12.875115200104414], [77.49776224261015, 12.875118756250263], [77.4972650822934, 12.875123496961836], [77.49685078069903, 12.875127446846927], [77.49651934262448, 12.875130606252842], [77.4961050431392, 12.87513455493872], [77.49589547890338, 12.87489264511568], [77.4958081914792, 12.874446317998883], [77.49551093941696, 12.873717431514402], [77.49538504251065, 12.873556029291967], [77.49505199253663, 12.873396597877003], [77.49459626618724, 12.873400938265243], [77.49426482745173, 12.873404094426704], [77.4939748178965, 12.873406855730417], [77.49368400427154, 12.873328321154872], [77.49326689340624, 12.873047736047422], [77.4924728980895, 12.872364224520076], [77.49209882589881, 12.872245829525806], [77.49180962052299, 12.872329883871348], [77.49139612732228, 12.872415117664524], [77.49106669679581, 12.872621505390532], [77.49052971311143, 12.872789215605572], [77.49011541557367, 12.872793154119309], [77.48945133345605, 12.872677511817372], [77.48708061039663, 12.871765054031783], [77.48575645858982, 12.871940226390818], [77.48500992068304, 12.871866007422119], [77.48463665172198, 12.871828894796055], [77.48409886439934, 12.871915298425568], [77.48376942670343, 12.872121675631258], [77.48348141788975, 12.87232766439477], [77.48319180747427, 12.872371062805955], [77.48269384900286, 12.872294478620073], [77.48236240871029, 12.87229761946572], [77.48235897619695, 12.872326839590432], [77.48240915004463, 12.872413415775709], [77.48254882628594, 12.87254014612177], [77.48264519209515, 12.872686688168338], [77.48268147254191, 12.872756189623589], [77.4827260055973, 12.872860538969482], [77.48286736329898, 12.873157990923906], [77.48287991528834, 12.873227717231352], [77.48288467082209, 12.87330916101288], [77.48285801822757, 12.873414185023549], [77.48271772966923, 12.874028615982395], [77.48266727424124, 12.874126105531165], [77.48253860255119, 12.874313583030803], [77.48219474667535, 12.874739804074412], [77.48205424582143, 12.874931274741114], [77.48200740179612, 12.874993806196649], [77.48205388332649, 12.875296036442249], [77.48208198557016, 12.875338454013109], [77.48216150105664, 12.875380384337506], [77.4822410953454, 12.875430076273991], [77.4823645714084, 12.875518154960464], [77.48276679297793, 12.875797611645488], [77.4828506058614, 12.875874424766778], [77.4829586468062, 12.876001452088184], [77.48304303308181, 12.876136465998078], [77.48309551889939, 12.87624461860797], [77.48312780637447, 12.87631028116896], [77.48312857073937, 12.87638787924437], [77.48310917728973, 12.876426868096457], [77.48288451937371, 12.876506605721412], [77.48227378201204, 12.87674133932698], [77.48183563247473, 12.876891957298902], [77.48152941726062, 12.876988331586798], [77.48146143072096, 12.877045886896855], [77.48140403713211, 12.877108518292296], [77.481393948733, 12.8771551789804], [77.48152134093137, 12.877774833590783], [77.4815437587148, 12.877909139955085], [77.48164506662178, 12.878022006692936], [77.48175632134675, 12.878138239335833], [77.48167588639465, 12.878320520351721], [77.48143010017259, 12.878607409690735], [77.48085166608122, 12.878775493752677], [77.48006567326291, 12.878904894134987], [77.47836779294168, 12.879002274092041], [77.47708702025406, 12.879380253929655], [77.4767989997601, 12.879586237717149], [77.47647074145635, 12.879914554593496], [77.4762667798689, 12.88024169564702], [77.47598075451869, 12.880650914566363], [77.47598714472132, 12.88130127818271], [77.4759907393812, 12.881667109435957], [77.47611162299961, 12.88171143269708], [77.47618063356173, 12.881757345217828], [77.47695809573014, 12.882520895579201], [77.47752853372835, 12.883146711309864], [77.47778409036401, 12.883392636276215], [77.47803939310506, 12.883612697099654], [77.47809293778354, 12.883694972224632], [77.47814065156356, 12.883720389021862], [77.4782201591947, 12.883761029605663], [77.47831199034455, 12.88398263539309], [77.47838637719873, 12.88403884226078], [77.4784076216496, 12.884054163600737], [77.47843439645517, 12.884095301084693], [77.47842415242141, 12.884126443072866], [77.478397990688, 12.884147385138078], [77.47846756214629, 12.884250202735993], [77.478520699944, 12.884291090571688], [77.47857353473024, 12.884300938589556], [77.47863143944299, 12.884290041928738], [77.47867377570749, 12.884305163507014], [77.4787008050838, 12.88437216704673], [77.47872281310825, 12.88446508895278], [77.47884481240152, 12.884536367235274], [77.4788820278816, 12.884567057443993], [77.47895799319654, 12.884783641256364], [77.47892803426443, 12.884954663128644], [77.47889422483676, 12.885270588782666], [77.47890051656486, 12.88537400551048], [77.47889093674372, 12.885472400714143], [77.47885468836598, 12.88554000353013], [77.47868435870002, 12.885910013936986], [77.47863834978043, 12.88606461292751], [77.4786598513464, 12.886105802595312], [77.4786923049302, 12.886188274899757], [77.47880426711524, 12.886311387431197], [77.47888904690889, 12.88635197539554], [77.47903142401945, 12.88635062675156], [77.47935831585814, 12.886342355867978], [77.47957913210416, 12.886273004337644], [77.47994191765125, 12.886160916421336], [77.48017322732518, 12.886086290849471], [77.4803521624829, 12.886048375953646], [77.48045747383792, 12.886031855377379], [77.48052607874448, 12.88603637929851], [77.48057368894139, 12.886051450509603], [77.48061080768177, 12.88607179531064], [77.48079578053503, 12.88611143060888], [77.48087487926546, 12.8861106808046], [77.4810538628909, 12.886077943764441], [77.48127477772782, 12.886018935979495], [77.48141183222403, 12.886012462381002], [77.48159081797728, 12.885979722663267], [77.48171717238186, 12.885957827910916], [77.48190163547827, 12.885945732662204], [77.48199670530957, 12.885960351210159], [77.48210232227854, 12.88597487200464], [77.48219719056914, 12.885968798096032], [77.48230484208325, 12.885913928420566], [77.48238093744688, 12.885884273511905], [77.48244933830266, 12.885868102263293], [77.48251271818084, 12.885877849374797], [77.48257087785699, 12.885892820137775], [77.48265601479353, 12.885969620143642], [77.48270905389803, 12.886000159579998], [77.48277857422694, 12.88609780427377], [77.48284819894168, 12.886205793933046], [77.48285408206023, 12.88626782327622], [77.48280917209478, 12.886526942897914], [77.48275817496456, 12.886703338519471], [77.48244876522168, 12.887415090623955], [77.48240739474818, 12.887498264848592], [77.48236110523102, 12.887617702470292], [77.48236192106977, 12.887700476503117], [77.48232623440366, 12.887824987694573], [77.48235285495424, 12.887850603600956], [77.4823531608921, 12.887881643284784], [77.48232203159222, 12.887933677773287], [77.48225900574218, 12.887960144084543], [77.4822282333549, 12.888048394232555], [77.48221368725923, 12.888177876720937], [77.48214572527914, 12.888773516314025], [77.48207455082584, 12.889043231113208], [77.48179366667375, 12.889439107832182], [77.48151145620645, 12.88970047826519], [77.48113001915539, 12.890061091462837], [77.4811042626327, 12.890123423245013], [77.4810415952601, 12.890186102739102], [77.48100478401248, 12.890196797809647], [77.48090991403605, 12.890202871579023], [77.4807561745365, 12.890121547508201], [77.48064526506006, 12.890028761163135], [77.48052266793448, 12.889973720203168], [77.48033186028188, 12.88987722479722], [77.48000353753557, 12.889740644088658], [77.47986090153077, 12.88971612756899], [77.47969174682308, 12.889676337507714], [77.4795441452054, 12.889682910506634], [77.47943366047602, 12.889709828328725], [77.47930934507687, 12.889787943374724], [77.47923505411231, 12.88989279438087], [77.47918323680037, 12.889986415648407], [77.47917898418171, 12.89008993221388], [77.4791808924933, 12.890819429094277], [77.47915674081308, 12.891580217862355], [77.47911269297266, 12.891927283194287], [77.47895703619038, 12.892187452415367], [77.47874808649951, 12.892391213127876], [77.47858537510677, 12.89247036267491], [77.47817152816107, 12.892753672203444], [77.47810322685957, 12.892780187764215], [77.47794082047665, 12.892890376766275], [77.47773729581417, 12.89310960800441], [77.47727346090818, 12.893672778722046], [77.47709686137549, 12.893948665854364], [77.47681074151083, 12.894349763133695], [77.47673265799864, 12.894453981267612], [77.47663804053218, 12.894485919911677], [77.47656416177149, 12.894481445291998], [77.47638932530053, 12.894400318636583], [77.47631442634867, 12.894292377155852], [77.47631842778088, 12.89416299198092], [77.47627061253415, 12.894127230111003], [77.47622847341118, 12.894132800910478], [77.47617584241573, 12.894143647513024], [77.47609123998238, 12.89414412461214], [77.47592768499484, 12.894114953993574], [77.47582206204663, 12.894100431290424], [77.47573773761384, 12.894106401318709], [77.47565863606442, 12.894107150027258], [77.47553278538732, 12.894180777269304], [77.47542864011132, 12.894316282167903], [77.4753835188723, 12.894554707257404], [77.47538402762721, 12.894606441853258], [77.47538489253157, 12.89469439228464], [77.47539309723022, 12.894784276303053], [77.47520987108038, 12.89496752507794], [77.47488159873399, 12.895295841272603], [77.47381350274023, 12.896240934310763], [77.47336092100439, 12.89657042505489], [77.4728661054675, 12.896819014956051], [77.47244937855403, 12.896850230164645], [77.47201355112885, 12.896241955550177], [77.47133201691211, 12.895416046775626], [77.47059960529695, 12.894544052922509], [77.47035293838256, 12.89419714462613], [77.47033744804251, 12.894130354900135], [77.4703131198731, 12.894069465846314], [77.46995635342195, 12.89338600217884], [77.46994095126848, 12.893327940847165], [77.46913146930842, 12.891242492862391], [77.46839210514807, 12.888485952949436], [77.46826197528523, 12.88866593438304], [77.46819432043436, 12.888724779416474], [77.46773412154423, 12.889290813385434], [77.46721020037484, 12.890014602904696], [77.46667734833794, 12.89073556629236], [77.46606825364793, 12.8915474668002], [77.46557666655832, 12.892241847431114], [77.4654742143662, 12.892382509717311], [77.46499223198416, 12.893115655545074], [77.46245718686683, 12.896862066291318], [77.46210674656149, 12.897589742618226], [77.46270209121576, 12.897952294558817], [77.46341092600984, 12.898219097051365], [77.46395287047633, 12.898523934704576], [77.46464580364713, 12.899064359890433], [77.46518953481551, 12.899551493742123], [77.465564772931, 12.899912592408], [77.46616336643953, 12.900308048158713], [77.4669483301073, 12.900756439365908], [77.4680136555731, 12.901366268108635], [77.46868748284962, 12.901852166665446], [77.46921228919615, 12.902303003870653], [77.4697006480756, 12.90282711305983], [77.47015488239934, 12.903661485874387], [77.4707411738547, 12.904695157841726], [77.47124794699268, 12.905200857550074], [77.47227648854093, 12.905847473634093], [77.47287582500773, 12.906315829087898], [77.473456038107, 12.906729668323106], [77.47409057150504, 12.906997138706744], [77.47448172517848, 12.907084592524704], [77.47481623098925, 12.907081424753848], [77.47526295403684, 12.907150122335906], [77.47567358829814, 12.907328549437258], [77.47642195832071, 12.907831947277623], [77.47718837760785, 12.908280476014346], [77.4778615229516, 12.90869342229726], [77.47894476779956, 12.90923009726049], [77.47991453597481, 12.909567296530689], [77.48077262361915, 12.90988732125955], [77.48179850932793, 12.910260443955881], [77.48243125491842, 12.910345589339402], [77.48335972205876, 12.910263839356745], [77.48402229284908, 12.910278176820627], [77.48426547323189, 12.910352310818194], [77.48437062900973, 12.910478721344669], [77.48444148676523, 12.910639433339675], [77.48468432104964, 12.911554476814], [77.4849791881257, 12.912477520277447], [77.48508577282335, 12.912748315917309], [77.4852869264058, 12.912950258703933], [77.4855396909097, 12.913117732519972], [77.48573168376235, 12.913268795568259], [77.48609969253347, 12.913706981372965], [77.48654747734021, 12.914331276861219], [77.48700249304446, 12.914811100982453], [77.48744019331723, 12.915291091231357], [77.48780644485454, 12.915550916083012], [77.48823288343971, 12.915767698334227], [77.4887113561621, 12.915992477110024], [77.48902481913346, 12.916167863662915], [77.48949581133554, 12.91651162648413], [77.48995958045434, 12.916999855804717], [77.49025757998346, 12.917362255050755], [77.4907310176967, 12.91795231581404], [77.49098665598505, 12.918408554879436], [77.49126843865932, 12.918881528177835], [77.49147044210369, 12.919168395386706], [77.4917502867862, 12.919446026232613], [77.49206476698997, 12.919723323744476], [77.49242211670179, 12.919957743121426], [77.49269280240671, 12.920184496177562], [77.49289489290486, 12.92047985648347], [77.4931145566621, 12.92080052833199], [77.49331749128642, 12.921180819037934], [77.4935543848395, 12.92149283253008], [77.49381582301491, 12.921660215243763], [77.49421571071227, 12.921817779256568], [77.49467679967533, 12.922034214664343], [77.49506046755269, 12.922302352949213], [77.49549625784597, 12.922586983214302], [77.49587950529731, 12.922812653441186], [77.49626190921407, 12.922953394571088], [77.49677486529563, 12.923160836341482], [77.49714886572131, 12.923327135913015], [77.49758567333745, 12.923713679586786], [77.4980493001006, 12.924184901956824], [77.4984951062279, 12.924605330138636], [77.49884457110454, 12.924916261644613], [77.49895202681384, 12.92505416958789], [77.49913655610884, 12.925219834988862], [77.49931126642045, 12.925376677816287], [77.49963859066612, 12.92567233007975], [77.50000570367555, 12.925990880478738], [77.50043633900165, 12.926332103696703], [77.5011334236657, 12.92681434399398], [77.50185831655628, 12.927307958702146], [77.50207668280586, 12.92738735237356], [77.50229582259043, 12.927544342472169], [77.5024795946373, 12.92772495599797], [77.5025879678302, 12.92783867118872], [77.50286615367077, 12.927612599858902], [77.50340764376557, 12.927153727568152], [77.50358401925418, 12.927004261189794], [77.50399636990981, 12.926701520455678], [77.5042583854651, 12.926607468884384], [77.50439673232377, 12.926550625823989], [77.5044780374605, 12.926448913182979], [77.50464553809256, 12.92622020437491], [77.50474681508287, 12.926057737841264], [77.50488410669882, 12.92589492790549], [77.50504177287642, 12.925711734965097], [77.5051271624883, 12.925504001575169], [77.50513639444551, 12.92539793152729], [77.50535835331245, 12.925279080333693], [77.50578585035791, 12.925142129687696], [77.50781132470324, 12.924825333611674]]], [[[77.51095811391293, 12.9295479790309], [77.51097220549187, 12.928903052771318], [77.50985270991266, 12.928908787158086], [77.50983403237942, 12.929095352499932], [77.5089254252404, 12.929134314937812], [77.50848899403273, 12.929143549140054], [77.50820631335358, 12.92912108135173], [77.50760948396521, 12.929010956390238], [77.5069792784037, 12.929158060595356], [77.50620101450623, 12.929516758156284], [77.50556877901505, 12.92959447431988], [77.50545392955921, 12.929720392985308], [77.50551720833529, 12.929774865696835], [77.50557533326287, 12.929834610512266], [77.5056278469606, 12.929899162300481], [77.50567317142468, 12.929966109944216], [77.50567815419072, 12.929972751117027], [77.50576625255884, 12.930096563303518], [77.50584819407963, 12.93022437583824], [77.50592379662494, 12.93035589673369], [77.50599288264219, 12.930490820080749], [77.50605529341671, 12.930628837476322], [77.50611088900253, 12.930769631085086], [77.50611780900103, 12.930788678758274], [77.50615364990726, 12.930872167016066], [77.50620155082457, 12.93096614886367], [77.50625601692855, 12.931056628275], [77.50631678671844, 12.931143156734008], [77.50638356129052, 12.931225318465245], [77.50645601594222, 12.931302711818915], [77.50653379788368, 12.931374956231846], [77.50661652637625, 12.931441706103875], [77.50670380431387, 12.931502629870247], [77.50675297733167, 12.931533183116661], [77.50729736379489, 12.931870421128732], [77.50729739936997, 12.931870441603236], [77.50804703094845, 12.932342198244902], [77.50806447328135, 12.932353280662335], [77.50815063104598, 12.932413659489397], [77.50832217561941, 12.932540551423127], [77.50848915353374, 12.932673174646416], [77.50865136514491, 12.932811371494681], [77.50880861545369, 12.932954977320346], [77.5089607212023, 12.933103822737477], [77.50902958355807, 12.933176031703004], [77.50922724701371, 12.933126085822405], [77.50960155963773, 12.93306707345748], [77.5097501289348, 12.933030383184537], [77.5099398767381, 12.933003369404279], [77.51009302464074, 12.932911221583632], [77.51031302990202, 12.932828505377994], [77.51051767945007, 12.932750974385426], [77.51064520315266, 12.932664110508957], [77.51081873822734, 12.932556655701074], [77.51093609190522, 12.932479964755498], [77.51094902831076, 12.932233006206403], [77.51093054823383, 12.931925901547917], [77.51091135797402, 12.931034463986153], [77.51090762904134, 12.930661731182974], [77.51091215521303, 12.930087423001272], [77.51096667549946, 12.929890439907565], [77.51096516386038, 12.92973933194652], [77.51095811391293, 12.9295479790309]]]]}}, {"type": "Feature", "properties": {"Ward_No": 150, "Ward_Name": "Bellandur", "Zone": "Mahadevapura", "Risk_Score": 0.2704, "Alert_Level": "GREEN", "Severity_Band": "low", "Priority_Rank": 50, "Pop_Density_per_km2": 778.4, "Green_Cover_Pct": 63.0, "Water_Stress_Index": 19.1, "Heat_Intensity_Index": 48.8}, "geometry": {"type": "MultiPolygon", "coordinates": [[[[77.70447900858044, 12.956815331000719], [77.70665081440256, 12.941378048127051], [77.70654380589762, 12.941455554020523], [77.7026260264781, 12.94310040826981], [77.6993964057716, 12.944206781503972], [77.69943838588472, 12.944034366410571], [77.6994127667387, 12.943690669033899], [77.69936910987695, 12.943120704491308], [77.69836433971089, 12.938182042693477], [77.69746391305564, 12.93367147027319], [77.69914970646202, 12.933503542943898], [77.70129476879879, 12.933244858279945], [77.70313024831788, 12.93273139824716], [77.70461300381214, 12.932028106935586], [77.70578871981056, 12.93130649374201], [77.70656951424174, 12.930545980909734], [77.7071989916076, 12.929980516705607], [77.70752538326265, 12.929762153787943], [77.7077198261031, 12.92950216655577], [77.70780562632862, 12.929329294329744], [77.70810638906292, 12.92876723843478], [77.71033728653096, 12.926314864058503], [77.71083341071733, 12.925578798372968], [77.71030005962373, 12.924896420421824], [77.7077916157422, 12.921934314424107], [77.70558083942433, 12.920151454452501], [77.7053742374052, 12.919897806990635], [77.70367085886674, 12.917806514115236], [77.70412779159344, 12.9175008182105], [77.7053253633025, 12.916778992632572], [77.70656582550649, 12.91597073074212], [77.70750205127828, 12.915402090231648], [77.7088310740033, 12.914714616665838], [77.70907119077933, 12.914590408683745], [77.70915768223759, 12.914482023782153], [77.70941758867593, 12.914392893675391], [77.70923019202688, 12.908733766815587], [77.70778383461078, 12.903739815724766], [77.70159749471293, 12.904739111344574], [77.68876292945595, 12.90814496536076], [77.68635465197686, 12.905831530445832], [77.67638874264391, 12.89278796046565], [77.67396573394021, 12.892827375098271], [77.67363879824252, 12.892868501667245], [77.67334098358546, 12.89292165442437], [77.67149768243485, 12.8932506456185], [77.67056985260987, 12.893416238146553], [77.66982671400676, 12.893556068568879], [77.66983742520593, 12.893640670261677], [77.66959555503675, 12.893697489409826], [77.66838097414308, 12.89386826329178], [77.6682510249473, 12.893886536405885], [77.66695921589753, 12.894051195479989], [77.66596950823008, 12.894175967374496], [77.66496082909705, 12.894318584046413], [77.66471714473293, 12.894349469148006], [77.66347764158802, 12.894275575589315], [77.66347146982353, 12.894272897909284], [77.66343838703726, 12.894273234828763], [77.66338475597053, 12.894285950367651], [77.66330243653104, 12.894323306023999], [77.66312948330969, 12.894394040856845], [77.66300985828782, 12.894423661091535], [77.66267157890819, 12.894504194269478], [77.66227906488331, 12.894540646562177], [77.66202702470335, 12.89456349908119], [77.6612544896532, 12.894644393953953], [77.66075045128555, 12.894694152882181], [77.6606470680567, 12.894695204691581], [77.66053127666095, 12.894696382691787], [77.6604196244496, 12.894697518533599], [77.66032446728394, 12.894694430070148], [77.6602375837677, 12.894691255098406], [77.6601132232215, 12.894664117895756], [77.65993497404286, 12.894625359338857], [77.65909323023008, 12.894418880298462], [77.65869111735219, 12.894329651223183], [77.65827233344245, 12.89422841689058], [77.65780814673009, 12.894135760794374], [77.65746840603965, 12.894078354519491], [77.65723652810836, 12.894052308299171], [77.65716614213775, 12.89404491047723], [77.65720252619586, 12.894086849315693], [77.65519270471154, 12.896128296512664], [77.6546619129143, 12.897985320334822], [77.65464995986778, 12.898262785528047], [77.65521624832212, 12.898344617178036], [77.65536533919571, 12.898372296252742], [77.65549908689025, 12.898356342403432], [77.65583958702682, 12.8981923154018], [77.65587134488617, 12.89838175444934], [77.65590464581345, 12.898717148471176], [77.65578318793725, 12.899192786384102], [77.65586143132914, 12.899556919360148], [77.65602655267719, 12.899693913615556], [77.65625018788828, 12.899735432415945], [77.65643631786781, 12.899748138920552], [77.65660741724969, 12.899746400277378], [77.65682052815643, 12.89949608439432], [77.6570162552421, 12.899713049881958], [77.65707102444165, 12.90024790351486], [77.65717723105747, 12.900425757389081], [77.65706335985286, 12.900738927767453], [77.65675828904197, 12.900911718034624], [77.65638748113967, 12.90120012873144], [77.6560409503318, 12.901601339414174], [77.65594371841756, 12.901687601224737], [77.65504645568852, 12.90275943490869], [77.65480584381919, 12.90313896948138], [77.65477452012276, 12.903482101621385], [77.65557400451782, 12.906387878941514], [77.65702530672083, 12.91144673497343], [77.66017124500227, 12.911517558259993], [77.66093117375237, 12.913978051577631], [77.66118811697348, 12.91514098915075], [77.6611928362746, 12.915586593791833], [77.66123104690807, 12.915894735492964], [77.6620012541125, 12.91602400631221], [77.66272155325173, 12.918039242142177], [77.66314123914272, 12.918069240129254], [77.66417278045756, 12.919772763107554], [77.66485493751748, 12.920672993617657], [77.6662151692385, 12.922034599486468], [77.66706768312604, 12.922806765075425], [77.66769331995081, 12.92379421349547], [77.66810915392233, 12.924334206680953], [77.66930996783606, 12.927224953545196], [77.66927541906482, 12.927276953617918], [77.66927590716855, 12.927322857495012], [77.66927103449233, 12.927414722774971], [77.66933009692978, 12.92856757330262], [77.6693504505854, 12.928831340437466], [77.669321752926, 12.92888328068087], [77.66930211232331, 12.92979283377126], [77.66930823837129, 12.929813067099552], [77.66925736791394, 12.930229857143805], [77.66927303697058, 12.93095336209463], [77.66911578118572, 12.930998292298732], [77.668867026029, 12.93104503515311], [77.66875574430401, 12.93104078060306], [77.66835481571242, 12.931022421709619], [77.66804273090241, 12.931014383789348], [77.66748796536956, 12.931064979167209], [77.66703274782147, 12.93105559618003], [77.66665969309398, 12.930966757587912], [77.66644706470966, 12.930890316449384], [77.66627625101415, 12.930813188673815], [77.66616699766975, 12.93074775349109], [77.66609180545451, 12.93069527957586], [77.66603611966099, 12.930562747178437], [77.66593745995662, 12.930387672839888], [77.66592156503589, 12.930337608542755], [77.66589559154667, 12.93030271434532], [77.66584604242455, 12.9302178320206], [77.66579585320902, 12.930072683194398], [77.66578507879956, 12.930022564237817], [77.66577272429043, 12.92981901751759], [77.66558736907453, 12.92931588036673], [77.6652987632334, 12.928546824409157], [77.66513245819998, 12.928220201486555], [77.66498584626598, 12.92804422640161], [77.6649039645583, 12.928000696337797], [77.66484950470053, 12.927983505102182], [77.66471372830112, 12.927976018167223], [77.66453281788401, 12.927977865875913], [77.66422527081772, 12.927981006686363], [77.66395970328549, 12.92798371849118], [77.66369029525245, 12.928170873276827], [77.6635877841154, 12.928107407611533], [77.66354486923078, 12.928200121783387], [77.66347092143504, 12.92832391145636], [77.66337176177268, 12.928435655035567], [77.66324170199046, 12.928590778509461], [77.66313620595054, 12.928696434983598], [77.66305553247301, 12.928777233405649], [77.66266450795119, 12.929162634829359], [77.66248415174591, 12.92930596563847], [77.66235409095759, 12.92946108654229], [77.66225505852117, 12.929585134358872], [77.66200604759321, 12.929759926607597], [77.6618501872315, 12.929847641460483], [77.66162567007053, 12.92996681549458], [77.66143838707237, 12.930048701332037], [77.66113777006125, 12.930088676422404], [77.6609431094529, 12.930066055204929], [77.66064131850739, 12.929995312561141], [77.6604021720527, 12.929917778906493], [77.66011318637058, 12.929871511994733], [77.65972346956046, 12.929789361295684], [77.65957917231864, 12.929784680744737], [77.65913994768931, 12.929763526884301], [77.65522199307256, 12.93511529634067], [77.65809349728352, 12.93668616898012], [77.66050467098773, 12.938111693481432], [77.66054393210511, 12.938143110756284], [77.66054024425516, 12.93823422660364], [77.66054068257183, 12.938275547521963], [77.66051093479284, 12.938308321220859], [77.66045416721052, 12.938352083019582], [77.65907404394926, 12.938327164657034], [77.65902640848486, 12.938126774989119], [77.65901449296803, 12.937907350647311], [77.6582080355452, 12.937948553540235], [77.6581797692961, 12.938507812053366], [77.658166345651, 12.938773399515393], [77.65806766052019, 12.93877964167292], [77.65785556120031, 12.938793057735902], [77.65769649064511, 12.938852390358528], [77.65753986810356, 12.939142534597048], [77.6573333402721, 12.939482651379768], [77.65708356733126, 12.939707794009006], [77.65672454017201, 12.939934047688551], [77.656733030008, 12.939942205910276], [77.65649832649824, 12.940102705123829], [77.6562649205438, 12.940186060322931], [77.65587017698846, 12.940214812197059], [77.65570209127037, 12.940216524727395], [77.65471525095222, 12.940220878417549], [77.6539537981364, 12.940528658393035], [77.65253388954652, 12.941243170270354], [77.64999831867671, 12.942519068191595], [77.64802292847874, 12.943739251446909], [77.64746747038821, 12.944244941676587], [77.6474732786664, 12.944794930097759], [77.64656361804782, 12.945554237556491], [77.6424193680808, 12.948996609255918], [77.63979337204262, 12.951596903593481], [77.63993905561514, 12.951827795166288], [77.63993944961652, 12.951834976791444], [77.63994464237551, 12.951832109578184], [77.64043526782541, 12.952686003404079], [77.64043882529586, 12.952692195486893], [77.64077168563409, 12.953271507462716], [77.64092875726469, 12.953269468313803], [77.64102092445478, 12.95326853364273], [77.6415347523767, 12.953434086334347], [77.64174037359244, 12.953509011703078], [77.64179189483454, 12.953538623746635], [77.64183338818074, 12.953588428068858], [77.64187142393284, 12.953634358968129], [77.64191769140562, 12.95370532012823], [77.64198671369927, 12.953776052734229], [77.64207408622939, 12.953859987448702], [77.64220673536023, 12.953921145036876], [77.6423618591436, 12.9539552863218], [77.64241647437953, 12.953954732142227], [77.64247109197068, 12.953954177927304], [77.64257572486541, 12.95394865262672], [77.6426394434136, 12.953948006022829], [77.6426802635319, 12.953934196538214], [77.64272103894285, 12.953915926275835], [77.64282506189483, 12.953852367195084], [77.64302447296326, 12.953769983513816], [77.64367296303031, 12.953540182589848], [77.6439905678944, 12.953443205467632], [77.64408747767395, 12.953422015382454], [77.64414043419762, 12.953410434503528], [77.64420851451288, 12.953391884492854], [77.64427166978254, 12.953337671579302], [77.64428029952238, 12.953292939367422], [77.64428428691178, 12.95323932491298], [77.64433053485567, 12.952877239719573], [77.64445868737336, 12.952081274592903], [77.64458028300895, 12.951526453135214], [77.6446360579437, 12.951204449990572], [77.64477651678847, 12.950711938060543], [77.64498514894916, 12.950209809150248], [77.64516343077155, 12.949850844548129], [77.64535138081864, 12.949545357977984], [77.64555758147492, 12.94924414953311], [77.6460556089711, 12.94856050067353], [77.64632453753529, 12.948164904490458], [77.64646364496213, 12.94797598623885], [77.64656259328183, 12.947863372069056], [77.64668903924542, 12.947768332639562], [77.64699663888322, 12.947586634123544], [77.64766691935112, 12.947267314043527], [77.64782067131567, 12.947171999010235], [77.64825329676306, 12.94676134274581], [77.64889751681271, 12.946129778484323], [77.64908279425329, 12.946002893148906], [77.64917884761924, 12.946554463284828], [77.64922823544633, 12.94673636410905], [77.6492727056373, 12.94685254391817], [77.64928268615357, 12.946882153744133], [77.6494136769775, 12.94727076445191], [77.64943268521885, 12.947346464844488], [77.64942400686543, 12.947386731700979], [77.64939257212268, 12.947427232284214], [77.64935937677173, 12.947467137902564], [77.64939417297259, 12.947430113822948], [77.6494155351645, 12.947410858408409], [77.64944981636177, 12.947389357804024], [77.64947764804184, 12.94737003659538], [77.64951086528492, 12.947350272081648], [77.64953558282068, 12.947341947065949], [77.64956134665162, 12.947331109062318], [77.64964747084252, 12.947317541072424], [77.64982214480821, 12.947315764572602], [77.64998836851512, 12.947330995953703], [77.65063613110402, 12.94740267528978], [77.65129669842473, 12.947461525907844], [77.65218398403465, 12.94754556952762], [77.65330005326604, 12.947646315914733], [77.65418711483747, 12.947709200498531], [77.65460775596054, 12.947717606831654], [77.65477580318243, 12.94770108629254], [77.65486610465757, 12.947674784278398], [77.65492401390699, 12.947644580102414], [77.65496687407801, 12.947618759195333], [77.65502114549976, 12.947601288766196], [77.65531292078622, 12.947507352273405], [77.65575820408182, 12.947399163304018], [77.65597146750578, 12.94737583509618], [77.65607924628686, 12.947370508732705], [77.65646558581383, 12.947398297612205], [77.6574107557474, 12.94745000276654], [77.65843580347433, 12.947509351478676], [77.65923649233274, 12.947562521765962], [77.65986444112654, 12.947596301346545], [77.65996357039825, 12.947588943255308], [77.66003888700425, 12.947573368455066], [77.66011198131423, 12.947551468002969], [77.66055894909287, 12.947398834227364], [77.66126365330852, 12.947146263364878], [77.66181801308929, 12.946952340904112], [77.66240013472084, 12.946732747418466], [77.66250312618959, 12.946683043079497], [77.66257608511354, 12.946648453719169], [77.66260573565177, 12.946597382724258], [77.66260760083071, 12.946569865878802], [77.66262352453523, 12.946038766948389], [77.66260912628341, 12.945495283549961], [77.66259566955785, 12.945040636800371], [77.66258490939397, 12.944636725844516], [77.66259519898853, 12.944590082608903], [77.66260571090581, 12.944564593515965], [77.66262051246487, 12.944536944488071], [77.66263111422236, 12.94451991426724], [77.66264387554847, 12.944502859667233], [77.66265881186783, 12.944487898946761], [77.66267372576094, 12.944470826976403], [77.66271447208483, 12.94444925652651], [77.66289132190506, 12.944449565489931], [77.66398043836107, 12.9444511233791], [77.66409690904102, 12.944452048771627], [77.66414650419942, 12.94445154173195], [77.66418538769467, 12.944457490188977], [77.66422647101547, 12.944467646039074], [77.66426553433536, 12.944490514517758], [77.66427858543449, 12.944500959275098], [77.6642895017388, 12.944513537334267], [77.66430264274068, 12.944532440950693], [77.66432687990584, 12.94458084496875], [77.66433349835171, 12.94460944989255], [77.66444894355206, 12.94510841865209], [77.66457712226851, 12.945602083584227], [77.66462386693378, 12.94573909891325], [77.6646612028273, 12.945802176988218], [77.66469181729899, 12.945842053624927], [77.66470931786881, 12.945865142504724], [77.66473933612593, 12.945882425739871], [77.66473962164677, 12.945882445946628], [77.6647828583846, 12.945885542158384], [77.66484984198446, 12.945897551386404], [77.66505699222384, 12.945908122350671], [77.66542812170835, 12.945925480142021], [77.66662169741716, 12.94601480088218], [77.66661657575598, 12.946141770583708], [77.66661193604783, 12.946215192304077], [77.6666073468196, 12.946287817947752], [77.66660034030919, 12.946440190859132], [77.66663482195415, 12.946437721854938], [77.66676636211095, 12.946436375548897], [77.66679565030087, 12.94642646661424], [77.66683021361757, 12.946442976868225], [77.66735598399544, 12.946474495863258], [77.66812811375002, 12.946530049775648], [77.66840978018416, 12.946550962611179], [77.66839349201443, 12.946688964665649], [77.66835785340882, 12.946990943693027], [77.66862233715167, 12.946991597414293], [77.66862562651386, 12.946998913391694], [77.67061362026284, 12.947092368166496], [77.67092725764819, 12.947111715431411], [77.67093259804197, 12.947349102242063], [77.6709303410907, 12.947351937583553], [77.6709321351447, 12.94735212964386], [77.67093852998882, 12.947446182707138], [77.67093211666597, 12.948058619629936], [77.67118755180418, 12.948046481744278], [77.67121458529091, 12.948039185614721], [77.67147220106271, 12.948046923277289], [77.67206584239888, 12.94805377217374], [77.67257541748748, 12.94809891723204], [77.6725879495564, 12.948102213724397], [77.67258890221983, 12.948102220139862], [77.67287379148938, 12.94815790720315], [77.67300010564365, 12.948174802609678], [77.67314721696617, 12.948187978554536], [77.6730265237505, 12.948058750352791], [77.67297913187558, 12.947909496256612], [77.67294700345313, 12.947760083225868], [77.67293753537656, 12.947587977101744], [77.6729124798722, 12.94738608189504], [77.67297122745921, 12.947168354717542], [77.6730072348916, 12.946965833033712], [77.67300348245769, 12.946613976593417], [77.67304020841433, 12.946478831633936], [77.67324581252868, 12.946431801013555], [77.67359491964083, 12.946241041218189], [77.67377682511972, 12.946119380955038], [77.67425640685117, 12.945994665518501], [77.67494150872338, 12.945815429936626], [77.67534476086041, 12.945691496295927], [77.67565594183338, 12.945523586472605], [77.67599749126809, 12.945340387693594], [77.67655275564013, 12.945154995704836], [77.67766272150216, 12.94473180267168], [77.67890355580863, 12.944412078984003], [77.6793828875811, 12.944264897224455], [77.67972499427633, 12.944134097959063], [77.67998369964177, 12.944056567677888], [77.68016752291888, 12.944114572505216], [77.6803204151589, 12.944135460439163], [77.6804173958551, 12.943924825673944], [77.6805453098323, 12.943751307606439], [77.68076609219183, 12.943696627209112], [77.68145889392984, 12.943524785587243], [77.68201953724548, 12.94312968872026], [77.68286121964573, 12.942604419132985], [77.68372756013575, 12.942243609462146], [77.68425099615858, 12.94193873602301], [77.68475916555195, 12.941634021331506], [77.68510841514075, 12.94145822176872], [77.68538905205948, 12.94129061477504], [77.68549279117664, 12.941211989128108], [77.68680714759513, 12.941738919368502], [77.68803238776451, 12.941913773745076], [77.68867257971462, 12.941007230405067], [77.68971030622258, 12.941521487566526], [77.6917133397155, 12.942925712157637], [77.69348623418026, 12.944257299647768], [77.69475696578372, 12.945106600616814], [77.695562133282, 12.945323256262219], [77.69704851759406, 12.944895405127223], [77.69796435062878, 12.944804321078646], [77.69802637174591, 12.944953788844415], [77.69819506313458, 12.945659135212093], [77.69832140240379, 12.946171355855084], [77.69857127396169, 12.946935114789554], [77.69880393451434, 12.947596345712196], [77.69903371835622, 12.948364259341128], [77.69921615635654, 12.949223521227841], [77.69929237685263, 12.94964071639216], [77.70001462894389, 12.953566055737303], [77.7010587452693, 12.956910757728842], [77.70447900858044, 12.956815331000719]]]]}}]}